"Path","Side","Source","Sha256","Reason"
"config/#STOP_MOD_REPOSTS.txt","both","working-client/config/#STOP_MOD_REPOSTS.txt","d1f27b3ef6095e32e8563e179209de86acca3049fa6431b1ae15bd6f05e5832d","Identical client/server source; side inferred from conventional filename, otherwise both."
"config/advancementplaques-common.toml","both","working-client/config/advancementplaques-common.toml","b7812dd0a3535dea9871f2695b363727bb0abde965d365ca41e8c63b8bd67884","Identical client/server source; side inferred from conventional filename, otherwise both."
"config/aether/aether_customizations.txt","client","working-client/config/aether/aether_customizations.txt","113f7dfc56b7b2efdc782e45356c87c47174bb76dc34dcef24ca2ec32c7908e1","Present only in the working client."
"config/aether/sun_altar_whitelist.json","both","working-client/config/aether/sun_altar_whitelist.json","4f53cda18c2baa0c0354bb5f9a3ecbe5ed12ab4d8e11ba873c2f11161202b945","Identical client/server source; side inferred from conventional filename, otherwise both."
"config/aether-client.toml","client","working-client/config/aether-client.toml","5d77208c61e491c59af930b42783cb36ce38ca9adb27aa685f57ef4cb445bed9","Present only in the working client."
"config/aether-common.toml","both","working-client/config/aether-common.toml","c48fcf909782f15a5e7da5b1adf223bb23b19d335b03dbc20eafaf6fdc33e763","Identical client/server source; side inferred from conventional filename, otherwise both."
"config/aethersdelight-common.toml","both","working-client/config/aethersdelight-common.toml","3d29f1312d2c893a7938e977f3ca03ddeffd1c787e7405459601f252dc2c6f24","Identical client/server source; side inferred from conventional filename, otherwise both."
"config/aiimprovements-common.toml","both","working-client/config/aiimprovements-common.toml","08a9f7c6f63bd35d49b15fa5bccd8cdf667f21af0c9a8cb2ab5998eb598ee7c3","Identical client/server source; side inferred from conventional filename, otherwise both."
"config/alexscaves_biome_generation/abyssal_chasm.json","both","working-client/config/alexscaves_biome_generation/abyssal_chasm.json","d286a521c5fd852ef189e15f02952d3e6f529efbb67fe769d88d45183279c3b9","Identical client/server source; side inferred from conventional filename, otherwise both."
"config/alexscaves_biome_generation/candy_cavity.json","both","working-client/config/alexscaves_biome_generation/candy_cavity.json","02120d68d535ce346b1d66d42a039a0683ee4432b8537d70fbb2f1bf59c4d364","Identical client/server source; side inferred from conventional filename, otherwise both."
"config/alexscaves_biome_generation/forlorn_hollows.json","both","working-client/config/alexscaves_biome_generation/forlorn_hollows.json","5eea375f709ff5d7096b51fdc32b671952e1d2aed9f48c9bd9bc8e50ec2cb7f7","Identical client/server source; side inferred from conventional filename, otherwise both."
"config/alexscaves_biome_generation/magnetic_caves.json","both","working-client/config/alexscaves_biome_generation/magnetic_caves.json","cf811ff0e46881d7993eb4910d9891ff6472554b613d3b3940deb0c6f1e0a779","Identical client/server source; side inferred from conventional filename, otherwise both."
"config/alexscaves_biome_generation/primordial_caves.json","both","working-client/config/alexscaves_biome_generation/primordial_caves.json","f0e2da7cf5d77abef1bd270cb7c288e3f57c001005fe41e11d545d948b06474d","Identical client/server source; side inferred from conventional filename, otherwise both."
"config/alexscaves_biome_generation/toxic_caves.json","both","working-client/config/alexscaves_biome_generation/toxic_caves.json","d6d7d5becfd20cca48dabcb838021694740bd874fba80a259b05d37bcc720a43","Identical client/server source; side inferred from conventional filename, otherwise both."
"config/alexscaves-client.toml","client","working-client/config/alexscaves-client.toml","d8d376f82da7c77338dfeaa19c4f395e9c6cf6be4a9d3e1217dd4b0aca3233f9","Explicit client config; working client value is canonical."
"config/alexscaves-general.toml","both","working-client/config/alexscaves-general.toml","232e6e03c16b2d664ffbca9014dc72da2ff952b514d514087288fda1237dbaed","Identical client/server source; side inferred from conventional filename, otherwise both."
"config/alexsmobs.toml","both","working-client/config/alexsmobs.toml","7c01df704a66653df7793e4c6a856815be283106df03765f196c89bd962d463c","Identical client/server source; side inferred from conventional filename, otherwise both."
"config/alexsmobs/alligator_snapping_turtle_spawns.json","both","working-client/config/alexsmobs/alligator_snapping_turtle_spawns.json","df14afd6e1e96ace0dc8e4c71bc325e3baec8dbeaebf61f682561a70fc145f9d","Identical client/server source; side inferred from conventional filename, otherwise both."
"config/alexsmobs/anaconda_spawns.json","both","working-client/config/alexsmobs/anaconda_spawns.json","ca961946a7b3c6e9abcb1bb82bbf36e1f9ce01d11769a06a7fbff6351293ff5d","Identical client/server source; side inferred from conventional filename, otherwise both."
"config/alexsmobs/anteater_spawns.json","both","working-client/config/alexsmobs/anteater_spawns.json","f65e31155b2f2e033bed66dc5ec2ce7f6962be3389369ff800b69dfdecb5d990","Identical client/server source; side inferred from conventional filename, otherwise both."
"config/alexsmobs/bald_eagle_spawns.json","both","working-client/config/alexsmobs/bald_eagle_spawns.json","f8b51a798bfa4b51e0ee8fb78c860ca5b2677583db10584792a0e1548f17d396","Identical client/server source; side inferred from conventional filename, otherwise both."
"config/alexsmobs/banana_slug_spawns.json","both","working-client/config/alexsmobs/banana_slug_spawns.json","1d5d0ce4ef42e94f0361c41b4b2402b64e87f0b1b987e1f1b2f6b2ac377211a7","Identical client/server source; side inferred from conventional filename, otherwise both."
"config/alexsmobs/bison_spawns.json","both","working-client/config/alexsmobs/bison_spawns.json","78e726ed002a31f5084a7b49fcce467c5623a046981d6c59d9ed7c4eb6cdbb1e","Identical client/server source; side inferred from conventional filename, otherwise both."
"config/alexsmobs/blobfish_spawns.json","both","working-client/config/alexsmobs/blobfish_spawns.json","7e7b175c33aed22c3d2cd31e215c6243e3790b07a3664b42d130a8f3b897489f","Identical client/server source; side inferred from conventional filename, otherwise both."
"config/alexsmobs/blue_jay_spawns.json","both","working-client/config/alexsmobs/blue_jay_spawns.json","7d1f784ab378e1e851e73dbb6f81866420c1328d25f754546d82c417bf304644","Identical client/server source; side inferred from conventional filename, otherwise both."
"config/alexsmobs/bone_serpent_spawns.json","both","working-client/config/alexsmobs/bone_serpent_spawns.json","47eef91378d3d6455a911d58cc3afdbfcdda7fd49968a7921b22620faa8ff672","Identical client/server source; side inferred from conventional filename, otherwise both."
"config/alexsmobs/bunfungus_spawns.json","both","working-client/config/alexsmobs/bunfungus_spawns.json","5d5a9d2039b6df546b788f62cb376cc29312a7115a5553541652aad7259436a6","Identical client/server source; side inferred from conventional filename, otherwise both."
"config/alexsmobs/cachalot_whale_beached_spawns.json","both","working-client/config/alexsmobs/cachalot_whale_beached_spawns.json","73b8f83ddfa936642b38af1003e3c47eab6f089ad61612ee5181137409038f57","Identical client/server source; side inferred from conventional filename, otherwise both."
"config/alexsmobs/cachalot_whale_spawns.json","both","working-client/config/alexsmobs/cachalot_whale_spawns.json","fb901f1ea0bce7b9fb51dfaeb565539a3c1a9ee86bafb49caddac7ca1002e296","Identical client/server source; side inferred from conventional filename, otherwise both."
"config/alexsmobs/caiman_spawns.json","both","working-client/config/alexsmobs/caiman_spawns.json","542cca079ae671a6d928737b622b205deebfe2aed5864a01b5048f501aec2753","Identical client/server source; side inferred from conventional filename, otherwise both."
"config/alexsmobs/capuchin_monkey_spawns.json","both","working-client/config/alexsmobs/capuchin_monkey_spawns.json","83b68d395236771ae9276f48b2988cfa9eb65e14dc41531b37a6b4e77c64859a","Identical client/server source; side inferred from conventional filename, otherwise both."
"config/alexsmobs/catfish_spawns.json","both","working-client/config/alexsmobs/catfish_spawns.json","3c097d29c1f74807815d4c13e3586a76528ac3c104670ce95852bd3b62f9e16e","Identical client/server source; side inferred from conventional filename, otherwise both."
"config/alexsmobs/cave_centipede_spawns.json","both","working-client/config/alexsmobs/cave_centipede_spawns.json","973b8ebc19fa04e02b050f28359ee6bffbae93367f49ecac10892f4a2c1dad7d","Identical client/server source; side inferred from conventional filename, otherwise both."
"config/alexsmobs/cockroach_spawns.json","both","working-client/config/alexsmobs/cockroach_spawns.json","97a67afb52f1398f2c55e2a74001e5b893394e28d3f0eb00695f049bdd19f204","Identical client/server source; side inferred from conventional filename, otherwise both."
"config/alexsmobs/comb_jelly_spawns.json","both","working-client/config/alexsmobs/comb_jelly_spawns.json","cf9ba87b0d2001543fe09d8f6a4c602c03644643a9bd49d1e9ca0b041ab4dc02","Identical client/server source; side inferred from conventional filename, otherwise both."
"config/alexsmobs/cosmaw_spawns.json","both","working-client/config/alexsmobs/cosmaw_spawns.json","8e1d05a9b4ab8b923ff4951ef391665f3bdd218d943152f6f1f57509786bc0f7","Identical client/server source; side inferred from conventional filename, otherwise both."
"config/alexsmobs/cosmic_cod_spawns.json","both","working-client/config/alexsmobs/cosmic_cod_spawns.json","aed14e990ed38ee78214b1ea4a15e06bca1b8d098e1e440596be9ab14e4403b8","Identical client/server source; side inferred from conventional filename, otherwise both."
"config/alexsmobs/crimson_mosquito_spawns.json","both","working-client/config/alexsmobs/crimson_mosquito_spawns.json","104fa9ce71421c5023abba88ce382957828b22341b44c2d03b3300b760482c9d","Identical client/server source; side inferred from conventional filename, otherwise both."
"config/alexsmobs/crocodile_spawns.json","both","working-client/config/alexsmobs/crocodile_spawns.json","a73d36d1b5dd75eb20f6143193b991e942f4ef4cef725835b66ec01197d7074f","Identical client/server source; side inferred from conventional filename, otherwise both."
"config/alexsmobs/crow_spawns.json","both","working-client/config/alexsmobs/crow_spawns.json","cace87b5d504be10d1fff107ad14349066ae1c39d5200a7a29bdd5476167d9b8","Identical client/server source; side inferred from conventional filename, otherwise both."
"config/alexsmobs/devils_hole_pupfish_spawns.json","both","working-client/config/alexsmobs/devils_hole_pupfish_spawns.json","e7855fa7d73f4d3af77f47ddd70b4fcbab7862302d004b4ddae9dddc75c4e402","Identical client/server source; side inferred from conventional filename, otherwise both."
"config/alexsmobs/dropbear_spawns.json","both","working-client/config/alexsmobs/dropbear_spawns.json","0fa8f72e4c73805727577a343758cfd39377cbdadebb88b6b2343183053e16cb","Identical client/server source; side inferred from conventional filename, otherwise both."
"config/alexsmobs/elephant_spawns.json","both","working-client/config/alexsmobs/elephant_spawns.json","cac271d780a6ed65db7b22e6944b6d456805d72b309865d6293ad6aa4f60c3e2","Identical client/server source; side inferred from conventional filename, otherwise both."
"config/alexsmobs/emu_spawns.json","both","working-client/config/alexsmobs/emu_spawns.json","70e30e058709266e665eb6642df126eeee744d05e63d77344501e78cb4a37851","Identical client/server source; side inferred from conventional filename, otherwise both."
"config/alexsmobs/endergrade_spawns.json","both","working-client/config/alexsmobs/endergrade_spawns.json","ca6e68bd3e74eb9cedcdbae4c82f594c4e85bdd54e1d0e35344a3febb9672980","Identical client/server source; side inferred from conventional filename, otherwise both."
"config/alexsmobs/enderiophage_spawns.json","both","working-client/config/alexsmobs/enderiophage_spawns.json","846748f4f352dead7fae39221d653713b7cbd775eaf10f80e0dea86f4e9ccb9a","Identical client/server source; side inferred from conventional filename, otherwise both."
"config/alexsmobs/farseer.json","both","working-client/config/alexsmobs/farseer.json","c245528d844458d8ac416572ee0df7575bb23d58beb07367d4cd55c66fec9000","Identical client/server source; side inferred from conventional filename, otherwise both."
"config/alexsmobs/flutter_spawns.json","both","working-client/config/alexsmobs/flutter_spawns.json","f729be2a0bc7bccc88cde40464f990d6074bfcf52a0d1d6719d8ebcd63c496ff","Identical client/server source; side inferred from conventional filename, otherwise both."
"config/alexsmobs/fly_spawns.json","both","working-client/config/alexsmobs/fly_spawns.json","e7855fa7d73f4d3af77f47ddd70b4fcbab7862302d004b4ddae9dddc75c4e402","Identical client/server source; side inferred from conventional filename, otherwise both."
"config/alexsmobs/flying_fish_spawns.json","both","working-client/config/alexsmobs/flying_fish_spawns.json","69904b309696b6081cdec1ea87bdb62f84886cf6dac600a8bca231860c3a3f2f","Identical client/server source; side inferred from conventional filename, otherwise both."
"config/alexsmobs/frilled_shark_spawns.json","both","working-client/config/alexsmobs/frilled_shark_spawns.json","7e7b175c33aed22c3d2cd31e215c6243e3790b07a3664b42d130a8f3b897489f","Identical client/server source; side inferred from conventional filename, otherwise both."
"config/alexsmobs/froststalker_spawns.json","both","working-client/config/alexsmobs/froststalker_spawns.json","2cc43cdc9df3b20cc2eeb75a3c11736558f544571640607d08dec5c0a939c02d","Identical client/server source; side inferred from conventional filename, otherwise both."
"config/alexsmobs/gazelle_spawns.json","both","working-client/config/alexsmobs/gazelle_spawns.json","17a5c3263942410596f91fb0aece138e5115bfabfa2a5913a63406fcb64b42d0","Identical client/server source; side inferred from conventional filename, otherwise both."
"config/alexsmobs/gelada_monkey_spawns.json","both","working-client/config/alexsmobs/gelada_monkey_spawns.json","cdd0380bfa9b754856150966a042f807ac48d2f9409f4f2b543be19e87f4c41f","Identical client/server source; side inferred from conventional filename, otherwise both."
"config/alexsmobs/giant_squid_spawns.json","both","working-client/config/alexsmobs/giant_squid_spawns.json","7e7b175c33aed22c3d2cd31e215c6243e3790b07a3664b42d130a8f3b897489f","Identical client/server source; side inferred from conventional filename, otherwise both."
"config/alexsmobs/gorilla_spawns.json","both","working-client/config/alexsmobs/gorilla_spawns.json","8c90151f66a632b01e7b8f6998f72618720aae5362c1df0bdd7fefdb13cc20c8","Identical client/server source; side inferred from conventional filename, otherwise both."
"config/alexsmobs/grizzly_bear_spawns.json","both","working-client/config/alexsmobs/grizzly_bear_spawns.json","7d1f784ab378e1e851e73dbb6f81866420c1328d25f754546d82c417bf304644","Identical client/server source; side inferred from conventional filename, otherwise both."
"config/alexsmobs/guster_spawns.json","both","working-client/config/alexsmobs/guster_spawns.json","263974f58a4b48df633648246820681745da9f9e16f30fefe6e07f576251dfb1","Identical client/server source; side inferred from conventional filename, otherwise both."
"config/alexsmobs/hammerhead_shark_spawns.json","both","working-client/config/alexsmobs/hammerhead_shark_spawns.json","a5eeb1a3843a12ef4fde1d8a3a5f13161034457c0901d3f938aa71a20e6712f3","Identical client/server source; side inferred from conventional filename, otherwise both."
"config/alexsmobs/hummingbird_spawns.json","both","working-client/config/alexsmobs/hummingbird_spawns.json","6aa305d47ca32364d445c04c8a20da36a7ccef97955c27e834d4114604d2785d","Identical client/server source; side inferred from conventional filename, otherwise both."
"config/alexsmobs/jerboa_spawns.json","both","working-client/config/alexsmobs/jerboa_spawns.json","c4b2ef89d9ad5c4dffcebb51209837da430b166c5767c1a38d90911c4445b124","Identical client/server source; side inferred from conventional filename, otherwise both."
"config/alexsmobs/kangaroo_spawns.json","both","working-client/config/alexsmobs/kangaroo_spawns.json","70e30e058709266e665eb6642df126eeee744d05e63d77344501e78cb4a37851","Identical client/server source; side inferred from conventional filename, otherwise both."
"config/alexsmobs/komodo_dragon_spawns.json","both","working-client/config/alexsmobs/komodo_dragon_spawns.json","695a3eb4d61a8208cc634871c237b0e6efc980ac668793f4686848e32cda0907","Identical client/server source; side inferred from conventional filename, otherwise both."
"config/alexsmobs/laviathan_spawns.json","both","working-client/config/alexsmobs/laviathan_spawns.json","07d0215377f12f1299ec46b6277426c3cf957aa1d310c97fa943cdf5ace8d260","Identical client/server source; side inferred from conventional filename, otherwise both."
"config/alexsmobs/leafcutter_anthill_spawns.json","both","working-client/config/alexsmobs/leafcutter_anthill_spawns.json","f65e31155b2f2e033bed66dc5ec2ce7f6962be3389369ff800b69dfdecb5d990","Identical client/server source; side inferred from conventional filename, otherwise both."
"config/alexsmobs/lobster_spawns.json","both","working-client/config/alexsmobs/lobster_spawns.json","bb0c918e8dbd4d003417a1bcabb38b8433d1f9be95fe6f8feef95d30616b49a7","Identical client/server source; side inferred from conventional filename, otherwise both."
"config/alexsmobs/maned_wolf_spawns.json","both","working-client/config/alexsmobs/maned_wolf_spawns.json","8483d96341369b430ff2ebfebd7562b0c58c40b96be541cc88189fc696606a0d","Identical client/server source; side inferred from conventional filename, otherwise both."
"config/alexsmobs/mantis_shrimp_spawns.json","both","working-client/config/alexsmobs/mantis_shrimp_spawns.json","4f6099fe4d9f99530f9f0f9bae7e55c0713506efdc47da69d227ae62137647e4","Identical client/server source; side inferred from conventional filename, otherwise both."
"config/alexsmobs/mimic_octopus_spawns.json","both","working-client/config/alexsmobs/mimic_octopus_spawns.json","9c68a433ab6f75ff9e8d46868480158e4c1f46949779cb0b0d973f7759dbfc2d","Identical client/server source; side inferred from conventional filename, otherwise both."
"config/alexsmobs/mimicube_spawns.json","both","working-client/config/alexsmobs/mimicube_spawns.json","fcace6e8c558df6eb13827f7a2b4a7f43c9fdfd3015331bd7e277329ca034c34","Identical client/server source; side inferred from conventional filename, otherwise both."
"config/alexsmobs/moose_spawns.json","both","working-client/config/alexsmobs/moose_spawns.json","abac051da2458ec848604b66a6d7889f7c715060bb9706c1d1822155127d096c","Identical client/server source; side inferred from conventional filename, otherwise both."
"config/alexsmobs/mudskipper_spawns.json","both","working-client/config/alexsmobs/mudskipper_spawns.json","542cca079ae671a6d928737b622b205deebfe2aed5864a01b5048f501aec2753","Identical client/server source; side inferred from conventional filename, otherwise both."
"config/alexsmobs/mungus_spawns.json","both","working-client/config/alexsmobs/mungus_spawns.json","5d5a9d2039b6df546b788f62cb376cc29312a7115a5553541652aad7259436a6","Identical client/server source; side inferred from conventional filename, otherwise both."
"config/alexsmobs/murmur.json","both","working-client/config/alexsmobs/murmur.json","973b8ebc19fa04e02b050f28359ee6bffbae93367f49ecac10892f4a2c1dad7d","Identical client/server source; side inferred from conventional filename, otherwise both."
"config/alexsmobs/orca_spawns.json","both","working-client/config/alexsmobs/orca_spawns.json","2e62ae273c3488a294068e5ed737dbf08791f4758cd3659308824d7bf4ece377","Identical client/server source; side inferred from conventional filename, otherwise both."
"config/alexsmobs/platypus_spawns.json","both","working-client/config/alexsmobs/platypus_spawns.json","b96f9e44f59f54b67460784fb1fdfa06d053f9ca9abb4fc3b04f222fd65ee958","Identical client/server source; side inferred from conventional filename, otherwise both."
"config/alexsmobs/potoo_spawns.json","both","working-client/config/alexsmobs/potoo_spawns.json","59c5832a40ef0e7212a4d499862f931a5dfcd3ff6d68598153f1274191b0939d","Identical client/server source; side inferred from conventional filename, otherwise both."
"config/alexsmobs/raccoon_spawns.json","both","working-client/config/alexsmobs/raccoon_spawns.json","2f353aa8720d03fbdef9d9e4932ecc4435b7923bbc72191fab6f46acb66d3a12","Identical client/server source; side inferred from conventional filename, otherwise both."
"config/alexsmobs/rain_frog_spawns.json","both","working-client/config/alexsmobs/rain_frog_spawns.json","c4b2ef89d9ad5c4dffcebb51209837da430b166c5767c1a38d90911c4445b124","Identical client/server source; side inferred from conventional filename, otherwise both."
"config/alexsmobs/rattlesnake_spawns.json","both","working-client/config/alexsmobs/rattlesnake_spawns.json","b8662bb3de9e2e5cc4af3773700fe6446c389980a80f6350f99d51f3fa2cef39","Identical client/server source; side inferred from conventional filename, otherwise both."
"config/alexsmobs/rhinoceros_spawns.json","both","working-client/config/alexsmobs/rhinoceros_spawns.json","17a5c3263942410596f91fb0aece138e5115bfabfa2a5913a63406fcb64b42d0","Identical client/server source; side inferred from conventional filename, otherwise both."
"config/alexsmobs/roadrunner_spawns.json","both","working-client/config/alexsmobs/roadrunner_spawns.json","b8662bb3de9e2e5cc4af3773700fe6446c389980a80f6350f99d51f3fa2cef39","Identical client/server source; side inferred from conventional filename, otherwise both."
"config/alexsmobs/rocky_roller_spawns.json","both","working-client/config/alexsmobs/rocky_roller_spawns.json","98dc351abc061685560adc82bd3ffa6e4c87d4faab81e9bb6a9e2a6f07cdb177","Identical client/server source; side inferred from conventional filename, otherwise both."
"config/alexsmobs/seagull_spawns.json","both","working-client/config/alexsmobs/seagull_spawns.json","4dca182ebef46ea0076b8e8066add18f69527cf2f81da83e77e0409127c92dc4","Identical client/server source; side inferred from conventional filename, otherwise both."
"config/alexsmobs/seal_spawns.json","both","working-client/config/alexsmobs/seal_spawns.json","ef706c1e2ba0b9356523f8aeb3679303ab98d85c9b761d0e55962e930be4d8e6","Identical client/server source; side inferred from conventional filename, otherwise both."
"config/alexsmobs/shoebill_spawns.json","both","working-client/config/alexsmobs/shoebill_spawns.json","0d8683c0a1b8176d4e89f88c4f3b1e6fbf6b269781497a190749904c7323eeec","Identical client/server source; side inferred from conventional filename, otherwise both."
"config/alexsmobs/skelewag_spawns.json","both","working-client/config/alexsmobs/skelewag_spawns.json","86aad88d05c283679e85900cab1bf3977d496849005ac068a14e40b93db35aa2","Identical client/server source; side inferred from conventional filename, otherwise both."
"config/alexsmobs/skreecher.json","both","working-client/config/alexsmobs/skreecher.json","f812e719afb24421c6853dacf4d1f66864305e335cfdf6193613d7c408ecab30","Identical client/server source; side inferred from conventional filename, otherwise both."
"config/alexsmobs/skunk_spawns.json","both","working-client/config/alexsmobs/skunk_spawns.json","01cc2eb4d92ba30b7301b9325a353cd96c5c7ff263c348795bfb34698cf8f11b","Identical client/server source; side inferred from conventional filename, otherwise both."
"config/alexsmobs/snow_leopard_spawns.json","both","working-client/config/alexsmobs/snow_leopard_spawns.json","fdf546af7c7ff2307d0862c0802450eef1e99554af3a340e7a6af69fa5785ea5","Identical client/server source; side inferred from conventional filename, otherwise both."
"config/alexsmobs/soul_vulture_spawns.json","both","working-client/config/alexsmobs/soul_vulture_spawns.json","45407796e49769550eef92fd3953daa191c85aaf032fb2be32fe591b0199a172","Identical client/server source; side inferred from conventional filename, otherwise both."
"config/alexsmobs/spectre_spawns.json","both","working-client/config/alexsmobs/spectre_spawns.json","ca6e68bd3e74eb9cedcdbae4c82f594c4e85bdd54e1d0e35344a3febb9672980","Identical client/server source; side inferred from conventional filename, otherwise both."
"config/alexsmobs/straddler_spawns.json","both","working-client/config/alexsmobs/straddler_spawns.json","5ee746cf50b358048a0243e4c45997285cf4a9b736758d388ad730d4ed493900","Identical client/server source; side inferred from conventional filename, otherwise both."
"config/alexsmobs/stradpole_spawns.json","both","working-client/config/alexsmobs/stradpole_spawns.json","5ee746cf50b358048a0243e4c45997285cf4a9b736758d388ad730d4ed493900","Identical client/server source; side inferred from conventional filename, otherwise both."
"config/alexsmobs/sugar_glider_spawns.json","both","working-client/config/alexsmobs/sugar_glider_spawns.json","cec5208e2e9f12aa8ce13d0f6d34a18500a77d143441c9b511df21c623fe368f","Identical client/server source; side inferred from conventional filename, otherwise both."
"config/alexsmobs/sunbird_spawns.json","both","working-client/config/alexsmobs/sunbird_spawns.json","7b82ff39e191bd213cd8ecf06ff9a78c4658e6f6b9d8b48a4fcc4017e7268cb5","Identical client/server source; side inferred from conventional filename, otherwise both."
"config/alexsmobs/tarantula_hawk_spawns.json","both","working-client/config/alexsmobs/tarantula_hawk_spawns.json","c4b2ef89d9ad5c4dffcebb51209837da430b166c5767c1a38d90911c4445b124","Identical client/server source; side inferred from conventional filename, otherwise both."
"config/alexsmobs/tasmanian_devil_spawns.json","both","working-client/config/alexsmobs/tasmanian_devil_spawns.json","40c769365424d492a4c17700bb8cfac4c8ce7fac2bc16728f0c4287e3a043130","Identical client/server source; side inferred from conventional filename, otherwise both."
"config/alexsmobs/terrapin_spawns.json","both","working-client/config/alexsmobs/terrapin_spawns.json","b96f9e44f59f54b67460784fb1fdfa06d053f9ca9abb4fc3b04f222fd65ee958","Identical client/server source; side inferred from conventional filename, otherwise both."
"config/alexsmobs/tiger_spawns.json","both","working-client/config/alexsmobs/tiger_spawns.json","f88fc1b519759fe41347afca59030619365e173c577e8c1adfcb88777078d066","Identical client/server source; side inferred from conventional filename, otherwise both."
"config/alexsmobs/toucan_spawns.json","both","working-client/config/alexsmobs/toucan_spawns.json","f65e31155b2f2e033bed66dc5ec2ce7f6962be3389369ff800b69dfdecb5d990","Identical client/server source; side inferred from conventional filename, otherwise both."
"config/alexsmobs/triops_spawns.json","both","working-client/config/alexsmobs/triops_spawns.json","c4b2ef89d9ad5c4dffcebb51209837da430b166c5767c1a38d90911c4445b124","Identical client/server source; side inferred from conventional filename, otherwise both."
"config/alexsmobs/tusklin_spawns.json","both","working-client/config/alexsmobs/tusklin_spawns.json","9ab4772704660c679ea30dff2db2c1272843e00675e2a7e610adcc6486120c3c","Identical client/server source; side inferred from conventional filename, otherwise both."
"config/alexsmobs/underminer.json","both","working-client/config/alexsmobs/underminer.json","97a67afb52f1398f2c55e2a74001e5b893394e28d3f0eb00695f049bdd19f204","Identical client/server source; side inferred from conventional filename, otherwise both."
"config/alexsmobs/void_worm_spawns.json","both","working-client/config/alexsmobs/void_worm_spawns.json","6712a2d6165ed52b7d251a8fc4cbfb6c1f834210a8bda82b55440402fd2d3273","Identical client/server source; side inferred from conventional filename, otherwise both."
"config/alexsmobs/warped_mosco_spawns.json","both","working-client/config/alexsmobs/warped_mosco_spawns.json","6712a2d6165ed52b7d251a8fc4cbfb6c1f834210a8bda82b55440402fd2d3273","Identical client/server source; side inferred from conventional filename, otherwise both."
"config/alexsmobs/warped_toad_spawns.json","both","working-client/config/alexsmobs/warped_toad_spawns.json","72126b26d7f3ae03b80df97dd103e0cec87d10829e86ac8b08da23abc7b318d8","Identical client/server source; side inferred from conventional filename, otherwise both."
"config/ambientsounds-client.json","client","working-client/config/ambientsounds-client.json","c98f572839ace55b0792042fa4b984311e7d876abdaccfc8a4694f5bebad766c","Identical client/server source; side inferred from conventional filename, otherwise both."
"config/amendments-client.toml","client","working-client/config/amendments-client.toml","8eab3ba39b22456ffd9d28281d4cff6a56bd8732d354190d8445c99ad2c02851","Identical client/server source; side inferred from conventional filename, otherwise both."
"config/amendments-common.toml","both","working-client/config/amendments-common.toml","5a07da87f015a9a0f591638fce47614c9d2311eca7c267f8dcc0bb01409cc131","Identical client/server source; side inferred from conventional filename, otherwise both."
"config/appleskin-client.toml","client","working-client/config/appleskin-client.toml","e6609ffbea927ee6390b1317bb6f3abb3f31ee591ca5c1d5e748f5e625fefea1","Identical client/server source; side inferred from conventional filename, otherwise both."
"config/aquaculture-common.toml","both","working-client/config/aquaculture-common.toml","aff201054383adfd67347e968dd6aeaccd339454d51dd50983654b2c732acc31","Identical client/server source; side inferred from conventional filename, otherwise both."
"config/armoroftheages.json","both","working-client/config/armoroftheages.json","99e63a1f0c630297a20ade88c7c5011bb69e5fbcc772a6e317e7661185a57ab0","Identical client/server source; side inferred from conventional filename, otherwise both."
"config/artifacts/client.json5","client","working-client/config/artifacts/client.json5","dfae4a12bf924a5e12380032ff257ec535c6b003fef539a3893adb05c0a69c56","Identical client/server source; side inferred from conventional filename, otherwise both."
"config/artifacts/common.json5","both","working-client/config/artifacts/common.json5","736bec8c910558091bb749ac7adb013822a253a02f1f70637eb193952768d2b1","Identical client/server source; side inferred from conventional filename, otherwise both."
"config/astikorcartsredux-client.toml","client","working-client/config/astikorcartsredux-client.toml","157229abeff72272f3d9e40904f1b5b780672c21361d3052d24f9853f0a85366","Present only in the working client."
"config/astikorcartsredux-common.toml","both","working-client/config/astikorcartsredux-common.toml","8413771f8bf30dedae75541322b7a444dc181d27eb7820e81061a3ff4fe9edae","Identical client/server source; side inferred from conventional filename, otherwise both."
"config/autumnity-common.toml","both","working-client/config/autumnity-common.toml","190b4f1cb084117df61fa76012f5c8405dddaf849aa0293728c16e36f9e8d8d4","Identical client/server source; side inferred from conventional filename, otherwise both."
"config/bettas_aquatics-common.toml","both","working-client/config/bettas_aquatics-common.toml","f1ca1fe31c97f1e0a2b8f939d36305d31133c92778c50c5f323071f5b04b3719","Identical client/server source; side inferred from conventional filename, otherwise both."
"config/betteradvancements-client.toml","client","working-client/config/betteradvancements-client.toml","2c5eba79cde20bd1658a43dc0527e5d45b2e462d2f065e228527eee8513446be","Identical client/server source; side inferred from conventional filename, otherwise both."
"config/betterarcheology_structures/structure_settings.json5","both","working-client/config/betterarcheology_structures/structure_settings.json5","38d7ba223179d5c572ab2b545501505a75bfd32acd4d3b2f558f8d7d9134c269","Identical client/server source; side inferred from conventional filename, otherwise both."
"config/betterarcheology_structures/structure_toggle.json5","both","working-client/config/betterarcheology_structures/structure_toggle.json5","2e50e09b1315e4a45ae949f4b515fd29ed4fa2f307849eafe8cd4c5b7706dea0","Identical client/server source; side inferred from conventional filename, otherwise both."
"config/betterarcheology-common.toml","both","working-client/config/betterarcheology-common.toml","b2729a5916c5aac214f67337d1d38ee7767e1e14b7f2dcb7b7371a9509829a96","Identical client/server source; side inferred from conventional filename, otherwise both."
"config/betterdeserttemples/forge-1_20/armorstands.json","both","working-client/config/betterdeserttemples/forge-1_20/armorstands.json","8f45ebbfa6cf88132ce2202e1bbd102282810b73ab0a48ff224364eb89234eca","Identical client/server source; side inferred from conventional filename, otherwise both."
"config/betterdeserttemples/forge-1_20/itemframes.json","both","working-client/config/betterdeserttemples/forge-1_20/itemframes.json","5d9091ba269a6ee3f4a795d7415bc0f30adce44aab0e9336eb86d39f2d097c18","Identical client/server source; side inferred from conventional filename, otherwise both."
"config/betterdeserttemples/forge-1_20/README.txt","both","working-client/config/betterdeserttemples/forge-1_20/README.txt","80ba474fdd1912739a1dc3326de6539ccfceb9d5c97f540131b567e295a7b112","Identical client/server source; side inferred from conventional filename, otherwise both."
"config/betterdeserttemples/README.txt","both","working-client/config/betterdeserttemples/README.txt","3646bc39be8c42a1432506e77721f3b963d33948d4bbd4cd5a10703834979116","Identical client/server source; side inferred from conventional filename, otherwise both."
"config/betterdeserttemples-forge-1_20.toml","both","working-client/config/betterdeserttemples-forge-1_20.toml","ee648242e301a55004cf2796dbf7d31ba1e46765ad07dd45c12053bbb4f4d387","Identical client/server source; side inferred from conventional filename, otherwise both."
"config/betterdungeons-forge-1_20.toml","both","working-client/config/betterdungeons-forge-1_20.toml","946ce267d09bcedf40defb277de8b64ee72b37118230d47b20eabf55aa32f91a","Identical client/server source; side inferred from conventional filename, otherwise both."
"config/betterendisland-forge-1_20.toml","both","working-client/config/betterendisland-forge-1_20.toml","705bd38f35f830cdee96cda5e3b3e31bc2992b6b5962bb08820dc24fef5d0846","Identical client/server source; side inferred from conventional filename, otherwise both."
"config/betterfishtanks-common.toml","both","working-client/config/betterfishtanks-common.toml","9dda0dd6ed39d73c7160f46c1b1c91712a10f4f06e6d277480dfb17b5b1cf149","Identical client/server source; side inferred from conventional filename, otherwise both."
"config/betterfortresses/forge-1_20/itemframes.json","both","working-client/config/betterfortresses/forge-1_20/itemframes.json","3f2df75989d24d8114eb12b322a1cf7a5cc275ccc126de3b1d071a86f511f158","Identical client/server source; side inferred from conventional filename, otherwise both."
"config/betterfortresses/forge-1_20/README.txt","both","working-client/config/betterfortresses/forge-1_20/README.txt","1175dbf9cd2e7c91b1c852a51e3c0203c68484917e877465b283e2370ad62864","Identical client/server source; side inferred from conventional filename, otherwise both."
"config/betterfortresses/README.txt","both","working-client/config/betterfortresses/README.txt","70c4264947f42dd780d476f3d36966c2d01c23d6f089d98c317f8a820e4040ee","Identical client/server source; side inferred from conventional filename, otherwise both."
"config/betterfortresses-forge-1_20.toml","both","working-client/config/betterfortresses-forge-1_20.toml","d7ad821ff76f0abe305017abe4f3e4aaf7acc6870bc66983eb140cf283ed0b95","Identical client/server source; side inferred from conventional filename, otherwise both."
"config/betterjungletemples-forge-1_20.toml","both","working-client/config/betterjungletemples-forge-1_20.toml","1e558a006956669d6ab8dc9941eba2050365516c46f7008b3a9ee7b49764e273","Identical client/server source; side inferred from conventional filename, otherwise both."
"config/bettermineshafts-forge-1_20.toml","both","working-client/config/bettermineshafts-forge-1_20.toml","016afc8af06af822bdaa07681699b3c068ec26274116b30b359d5ff03ef9ce11","Identical client/server source; side inferred from conventional filename, otherwise both."
"config/betteroceanmonuments-forge-1_20.toml","both","working-client/config/betteroceanmonuments-forge-1_20.toml","a3789bfdf19c068ae046d382d7fd627f31ecda4a91ecadef888ff91ea6b8ceb6","Identical client/server source; side inferred from conventional filename, otherwise both."
"config/betterstrongholds/forge-1_20/armorstands.json","both","working-client/config/betterstrongholds/forge-1_20/armorstands.json","b195aede82d84d557eed3d2b1b892fea364cd5f475e1a2e20617301c9654189e","Identical client/server source; side inferred from conventional filename, otherwise both."
"config/betterstrongholds/forge-1_20/itemframes.json","both","working-client/config/betterstrongholds/forge-1_20/itemframes.json","245e5f7ae62569f182a3335236e330991d56d587025eb88fa9f54997cb39558d","Identical client/server source; side inferred from conventional filename, otherwise both."
"config/betterstrongholds/forge-1_20/ores.json","both","working-client/config/betterstrongholds/forge-1_20/ores.json","c9b6bad0b5043cb4bc9569b8185df95f1f11eaa335e746d1cc4b28a6749a3c4a","Identical client/server source; side inferred from conventional filename, otherwise both."
"config/betterstrongholds/forge-1_20/rareblocks.json","both","working-client/config/betterstrongholds/forge-1_20/rareblocks.json","890eaae9d4766bf7a20a3862d53fa7be60eb690bdfb9bf82d84acd9341505826","Identical client/server source; side inferred from conventional filename, otherwise both."
"config/betterstrongholds/forge-1_20/README.txt","both","working-client/config/betterstrongholds/forge-1_20/README.txt","5aad271e60a03218eb5207dd78df8d1d36c676f212bf823701e33646010d2f19","Identical client/server source; side inferred from conventional filename, otherwise both."
"config/betterstrongholds/README.txt","both","working-client/config/betterstrongholds/README.txt","13c5f6bd52bf778533a100453d8b295802f923109e0a2951446a00674113700b","Identical client/server source; side inferred from conventional filename, otherwise both."
"config/betterstrongholds-forge-1_20.toml","both","working-client/config/betterstrongholds-forge-1_20.toml","2e9c9d71e1f2ebcc7065fa6bb09f9b3b97e4cf0bb78067182faf56d1fc14886d","Identical client/server source; side inferred from conventional filename, otherwise both."
"config/betterthirdperson-common.toml","both","working-client/config/betterthirdperson-common.toml","3843f47cb52faddf9bc4d8dd08a4d7e30061e671128d99412ca6a6c27bd1485b","Identical client/server source; side inferred from conventional filename, otherwise both."
"config/betterwitchhuts-forge-1_20.toml","both","working-client/config/betterwitchhuts-forge-1_20.toml","a053c7647937df86a050d1d2d5e2e42dae07b96af4a1e799c5c917e28456b15d","Identical client/server source; side inferred from conventional filename, otherwise both."
"config/biomesoplenty/biome_toggles.json","both","working-client/config/biomesoplenty/biome_toggles.json","73a6c7501f19022b96ffed49e470159a59c993425525cae4099fae43f9a1a996","Identical client/server source; side inferred from conventional filename, otherwise both."
"config/biomesoplenty/gameplay.toml","both","working-client/config/biomesoplenty/gameplay.toml","c48cf5d4b895aae33a2e757aa7b46768d3c30b93f7f09c7a2a3156d5622ec0f1","Identical client/server source; side inferred from conventional filename, otherwise both."
"config/biomesoplenty/generation.toml","both","working-client/config/biomesoplenty/generation.toml","b949376d74ae4b3a82851202a1ce79e2995d85c1237a50285f81d85edf29a815","Identical client/server source; side inferred from conventional filename, otherwise both."
"config/blueprint-client.toml","client","working-client/config/blueprint-client.toml","8fbb7db508c2d5b5d7031e2143f5a4ec2f1656cabdee5b8165e3571160584fea","Identical client/server source; side inferred from conventional filename, otherwise both."
"config/blueprint-common.toml","both","working-client/config/blueprint-common.toml","468c5e98de57915c1fbc04f24934723184bfaff4d08f666ed8a8b4bdce894a25","Identical client/server source; side inferred from conventional filename, otherwise both."
"config/bountiful/bountiful.json","both","working-client/config/bountiful/bountiful.json","dbc5b8504e5ad33a610cf86d7cb2035eafc867d8edc7898245c915a512036778","Identical client/server source; side inferred from conventional filename, otherwise both."
"config/brewinandchewin-client.toml","client","working-client/config/brewinandchewin-client.toml","0aa704651b261b27ffa35c8b16adbf0edc74d34f51004bb157f2618c0f1154fb","Identical client/server source; side inferred from conventional filename, otherwise both."
"config/brewinandchewin-common.toml","both","working-client/config/brewinandchewin-common.toml","8ebeb27f31aa49b530e2689679ca8096887847d7e4d93a87d9d50143f5957f77","Identical client/server source; side inferred from conventional filename, otherwise both."
"config/carryon-client.toml","client","working-client/config/carryon-client.toml","eb247bd22d2ae144c4cb1a2f24862e6aeb1467167d36112258ad36b6da0597db","Identical client/server source; side inferred from conventional filename, otherwise both."
"config/carryon-common.toml","both","working-client/config/carryon-common.toml","9c31f7f00ebe4025a6a11ee6257fe672b57866f7ec6206f97656b6cdf095b0b1","Identical client/server source; side inferred from conventional filename, otherwise both."
"config/caverns_and_chasms-client.toml","client","working-client/config/caverns_and_chasms-client.toml","ac4fad73b20151ee9f0de09dcc137310e5dcb44b68164c1d739eb562de848992","Present only in the working client."
"config/caverns_and_chasms-common.toml","both","working-client/config/caverns_and_chasms-common.toml","f5ee11f493a6411a0212872c477671dbebe9a2c9d6ce0cd271c7a70f38eb9e23","Identical client/server source; side inferred from conventional filename, otherwise both."
"config/chalk-client.toml","client","working-client/config/chalk-client.toml","ce3f311460e4198f74c6a9f8bb8ad0ddcb12f00d20760f3edff929d666815392","Present only in the working client."
"config/chalk-common.toml","both","working-server/config/chalk-common.toml","6ffa7b7f4eec297ab23cc93690ee1824f3d8dca80e0bb46cfe6091d03870773c","Gameplay/common config differed; working dedicated-server value is canonical for both."
"config/chat_heads.json5","both","working-client/config/chat_heads.json5","e198750061411cf7fca624e38b894ca104ca2cf2c2940da0409ce4240dcc2503","Identical client/server source; side inferred from conventional filename, otherwise both."
"config/chunky/config.json","server","working-server/config/chunky/config.json","c7384a22595488f79f3125b22cc175eb729267267807a084479419349797abc8","Present only in the working dedicated server."
"config/citadel-common.toml","both","working-client/config/citadel-common.toml","3fcd8013137a86c00953d4be1e56945b84b87594be722bbf3b3be8d752e2577f","Identical client/server source; side inferred from conventional filename, otherwise both."
"config/collectibles-client.toml","client","working-client/config/collectibles-client.toml","cba9f5227c506c4cf5c858fb5d94327c9fe683bcc39029602d5cbd2ac031b8cb","Identical client/server source; side inferred from conventional filename, otherwise both."
"config/collective.json5","both","working-client/config/collective.json5","92809d098b5efeca95c37ec4fef9184bd169160d18efecf81f395c4030c0f83f","Identical client/server source; side inferred from conventional filename, otherwise both."
"config/comforts-server.toml","server","working-client/config/comforts-server.toml","24702276d0b1d6f7b5e94b4b34cbc5bd426c524a31bc005231324fc1b7976438","Identical client/server source; side inferred from conventional filename, otherwise both."
"config/cookingforblockheads-common.toml","both","working-client/config/cookingforblockheads-common.toml","e47daa4f9c1d08b1401767e1f5b44cf2ed1284d737338a1133dfde43ded8a9af","Identical client/server source; side inferred from conventional filename, otherwise both."
"config/copycats-client.toml","client","working-client/config/copycats-client.toml","9c4e1c84d2cd936b850b7d69ab97e4b617e464551cc3ce44aeb0aaed4eb6c6c5","Identical client/server source; side inferred from conventional filename, otherwise both."
"config/copycats-common.toml","both","working-client/config/copycats-common.toml","6eae5e6f03453087e9493c578bce1f1a8d33d13191a8827651e52d37797555af","Identical client/server source; side inferred from conventional filename, otherwise both."
"config/craftingtweaks-common.toml","both","working-client/config/craftingtweaks-common.toml","7ac94e5c0a1bfbe7611666c05491a2da0009940cfa6e7886d6a4f6051f672c09","Identical client/server source; side inferred from conventional filename, otherwise both."
"config/create_central_kitchen-common.toml","both","working-client/config/create_central_kitchen-common.toml","d769909a3c4ab55be032c8a07904bd870477dc443cdadb3464c8e30aedf3441c","Identical client/server source; side inferred from conventional filename, otherwise both."
"config/create_connected-common.toml","both","working-client/config/create_connected-common.toml","da6272e94f2fff7127bf4807028b6b6f3f34f2eabf031c3e789c5ca1679c58ad","Identical client/server source; side inferred from conventional filename, otherwise both."
"config/create-client.toml","client","working-client/config/create-client.toml","7c40bc004ba478b13d0c99c2b644e50cf3a1d2d60d9b40df15822da8d8ad710c","Identical client/server source; side inferred from conventional filename, otherwise both."
"config/create-common.toml","both","working-client/config/create-common.toml","36a4d9f5da68f6801b83ce0c4a1a8805fbeffb0dd997f2d405465d7774522296","Identical client/server source; side inferred from conventional filename, otherwise both."
"config/creeperoverhaul.jsonc","both","working-client/config/creeperoverhaul.jsonc","9d870b28f9a1479f952f258f7f01aebceb17fdc78c23014469c8ac055fad9bbb","Identical client/server source; side inferred from conventional filename, otherwise both."
"config/cristellib/minecraftED.json5","both","working-client/config/cristellib/minecraftED.json5","8e01cc9b7e46f74fd60ce36d3459628b8198cb988051ae52f14cda36ef0fd869","Identical client/server source; side inferred from conventional filename, otherwise both."
"config/cristellib/minecraftP.json5","both","working-client/config/cristellib/minecraftP.json5","8fe09b83f2fe6bf9d547e99b8d883aef42bf3d9e2e6f5bd43ec3fcd4c7f756da","Identical client/server source; side inferred from conventional filename, otherwise both."
"config/crittersandcompanions-common.json5","both","working-client/config/crittersandcompanions-common.json5","86b7e603962ff30fc3f1b975fcb368646d30f0e153e20184518fab615f7b18a6","Identical client/server source; side inferred from conventional filename, otherwise both."
"config/crittersandcompanions-common.toml","both","working-client/config/crittersandcompanions-common.toml","f5de51f8729c971f1b41872bab965d7a6a45b29111d8d9e1340fbca1e4ef0e4f","Identical client/server source; side inferred from conventional filename, otherwise both."
"config/cubes_without_borders.json","both","working-client/config/cubes_without_borders.json","f248bc2019d956312c0c18037b84e764947dd200c00a96f45a807624d233010d","Identical client/server source; side inferred from conventional filename, otherwise both."
"config/cumulus_menus-client.toml","client","working-client/config/cumulus_menus-client.toml","ccd9f7f7a0539175dbdba77592e96667977a569c3ec506ac6a457bfad4223c93","Present only in the working client."
"config/curios-client.toml","client","working-client/config/curios-client.toml","ebc96c813d601e9c61b6929a8490e71fa990dc64918c19e1f9937bb275510abc","Identical client/server source; side inferred from conventional filename, otherwise both."
"config/curios-common.toml","both","working-client/config/curios-common.toml","5fe808869d46a4b80e1191fbe40f40a4d63987beda0eaeb2d89b909a990ea2ea","Identical client/server source; side inferred from conventional filename, otherwise both."
"config/dawnoftimebuilder/patrons_cache.json","both","working-client/config/dawnoftimebuilder/patrons_cache.json","401f708858ae05dcc6aeccd6edeb81375c26f6436812d24339666679f8a71c8d","Identical client/server source; side inferred from conventional filename, otherwise both."
"config/deeperdarker-common.toml","both","working-client/config/deeperdarker-common.toml","8cbd895ecaf34f553f3fc87b5009edcfad3f22fbc44c85d2364b3dd50b38d1b5","Identical client/server source; side inferred from conventional filename, otherwise both."
"config/delightful-common.toml","both","working-client/config/delightful-common.toml","93b0e68cb42e4a5e518546d2ed79a06b2c3cf8a2dee5dc9e53d93823828a1d31","Identical client/server source; side inferred from conventional filename, otherwise both."
"config/doggytalents-client.toml","client","working-client/config/doggytalents-client.toml","14fc91989f506b8ec766907812ec2e8b2d1460808d4064d9835deb99cc803f59","Present only in the working client."
"config/doggytalents-dog_custom_skins_client.toml","client","working-client/config/doggytalents-dog_custom_skins_client.toml","922d6ea872ad4087927cfc62351886ad6b7b74550f4e6cb213c9fd0f3408f984","Present only in the working client."
"config/domestication-innovation.toml","both","working-client/config/domestication-innovation.toml","8df5ed720b6f4e65dde564ca501ac9a4ba095684361ea90aff6110a905561d00","Identical client/server source; side inferred from conventional filename, otherwise both."
"config/doubledoors.json5","both","working-client/config/doubledoors.json5","ed3b25678a185a7c560868e047b60ffd7d7bf9b13d3a45cc5c056f5cfd5b088e","Identical client/server source; side inferred from conventional filename, otherwise both."
"config/dungeons_plus-common.toml","both","working-client/config/dungeons_plus-common.toml","070f9b43cda154fe68abce357d7779c83e2f636415ab7da786793c5a42925faa","Identical client/server source; side inferred from conventional filename, otherwise both."
"config/dynamiclights.json","both","working-client/config/dynamiclights.json","d114fbd97132f5c899d3aff453c4683b02e4c2cf5e5fb23cf877745c001608aa","Identical client/server source; side inferred from conventional filename, otherwise both."
"config/easyanvils-client.toml","client","working-client/config/easyanvils-client.toml","daecf2f4b4f0f6682cfabf68dcb963535f7f4284c671141dd7c7115b0c609ba7","Identical client/server source; side inferred from conventional filename, otherwise both."
"config/easyanvils-server.toml","server","working-client/config/easyanvils-server.toml","5bf38784a30090fbe2d5bc1a65aa5bd5744b5c9ed8a3abdce37341e5637cb570","Identical client/server source; side inferred from conventional filename, otherwise both."
"config/easymagic-client.toml","client","working-client/config/easymagic-client.toml","187085002566bc0ad0bd0262459f92716261ae66c3b96147096a5a4ef7a25abf","Identical client/server source; side inferred from conventional filename, otherwise both."
"config/easymagic-server.toml","server","working-client/config/easymagic-server.toml","7dbf42819b121001c76e06c07994c363d316ce110f7b06dd032687f4099d5687","Identical client/server source; side inferred from conventional filename, otherwise both."
"config/ecologics-common.toml","both","working-client/config/ecologics-common.toml","ae240f92ae82e771f3390b37f404e632fb409270128f9ae1d1e9d283480e383d","Identical client/server source; side inferred from conventional filename, otherwise both."
"config/embeddium-fingerprint.json","both","working-client/config/embeddium-fingerprint.json","32c4b8c51b5362b7893a3b196bf3623adeefb5dc0971647309e6b6bf362b070c","Identical client/server source; side inferred from conventional filename, otherwise both."
"config/embeddium-mixins.properties","both","working-client/config/embeddium-mixins.properties","09ff183e061d93b79514bc171bf9118497578757e7a5c45946039487656e2619","Identical client/server source; side inferred from conventional filename, otherwise both."
"config/enchdesc.json","both","working-client/config/enchdesc.json","69e1df6089b71c3c2fe2c7cf6760937094fd22434111f527229a9fcea3f90bc5","Identical client/server source; side inferred from conventional filename, otherwise both."
"config/endermanoverhaul.jsonc","both","working-client/config/endermanoverhaul.jsonc","9502aced0fb4379a4a5e72c484fb155ffcdf80aff96f8f88ed4a0111b42d9003","Identical client/server source; side inferred from conventional filename, otherwise both."
"config/endermanoverhaul-client.jsonc","client","working-client/config/endermanoverhaul-client.jsonc","5d9315a8ce308b193ca880f5a782879c0f117861b08ccb38baed6d049e29b26a","Identical client/server source; side inferred from conventional filename, otherwise both."
"config/endrem.toml","both","working-server/config/endrem.toml","4fdf07c3f2c3887852ff0acc0f8e40b4d7a5d36a20a2e05d3d5a7cf0a455dfc5","Gameplay/common config differed; working dedicated-server value is canonical for both."
"config/entity_texture_features.json","both","working-client/config/entity_texture_features.json","d8d72a9ac49bbe45921f1ace5a22c30b65802c5e70829343cf7acfd25f79b8dc","Identical client/server source; side inferred from conventional filename, otherwise both."
"config/entityculling.json","both","working-client/config/entityculling.json","e92e6772c4b6ec28b9c179c80831d56d11fc65064591424a120133d397b2ab49","Identical client/server source; side inferred from conventional filename, otherwise both."
"config/equipmentcompare-common.toml","client","working-client/config/equipmentcompare-common.toml","d948df75200e0fb832303f0dac6175864ad3704d86912e863b835d8a36421968","Present only in the working client."
"config/etf_warnings.json","both","working-client/config/etf_warnings.json","a5ba22e63061c1fb67f0f895f17681351eaeccc225faef966c29ee630593275e","Identical client/server source; side inferred from conventional filename, otherwise both."
"config/everycomp-client.toml","client","working-client/config/everycomp-client.toml","c868e4a51a63df55559537615761232bc26fdecbb5aa940eb328e30e077c4c63","Identical client/server source; side inferred from conventional filename, otherwise both."
"config/everycomp-common.toml","both","working-client/config/everycomp-common.toml","662ecbc927ea1b7936eddef9fc99e9fa222a31f7394e71e2e4115e3fdeb3b4a7","Identical client/server source; side inferred from conventional filename, otherwise both."
"config/everycomp-entries.toml","both","working-client/config/everycomp-entries.toml","8feb0b2d4d390038672ae2d86dacaf02d02111121d9e4abc75e92791903d024a","Identical client/server source; side inferred from conventional filename, otherwise both."
"config/everycomp-hazardous.toml","both","working-client/config/everycomp-hazardous.toml","2b5beca7a3a37c49da647492c62c5e6452da3214f70170f4543d314825aeb385","Identical client/server source; side inferred from conventional filename, otherwise both."
"config/exoticbirds-common.toml","both","working-client/config/exoticbirds-common.toml","16f0e21912c233fcf526b9f0bc285db9890a804d852c7c930a3645090e7688fa","Identical client/server source; side inferred from conventional filename, otherwise both."
"config/explorations.json","both","working-client/config/explorations.json","5d3aec0b61f27494d5d29c366cf8957b18a5c389473eef18597231f280b2c776","Identical client/server source; side inferred from conventional filename, otherwise both."
"config/explorerscompass-client.toml","client","working-client/config/explorerscompass-client.toml","eaaa7a0af68a2b00a557d5df97191c80c996042cc33cc53eccd14e78431bff28","Identical client/server source; side inferred from conventional filename, otherwise both."
"config/explorerscompass-common.toml","both","working-client/config/explorerscompass-common.toml","7e619a586ca7feedee96e47e5de7bea5d4f5d10239ca0111edc044ea0c65a448","Identical client/server source; side inferred from conventional filename, otherwise both."
"config/exposure_polaroid-client.toml","client","working-client/config/exposure_polaroid-client.toml","e0c59418446049b8ff1226a38ee817d05fea08a4f444b9aeb0677d5286ef1765","Identical client/server source; side inferred from conventional filename, otherwise both."
"config/exposure-client.toml","client","working-client/config/exposure-client.toml","7b3b5d1a47c1a2b7ff94aac218e5a38850558105ef55d11a8841930b2aa791ba","Identical client/server source; side inferred from conventional filename, otherwise both."
"config/exposure-common.toml","both","working-client/config/exposure-common.toml","1344a5f2292b2805368a6ee5fc53d661febb1f0a13bd27bf9a3d65fafa7f837b","Identical client/server source; side inferred from conventional filename, otherwise both."
"config/fairylights-client.toml","client","working-client/config/fairylights-client.toml","cad5874b33ea848d77bd11f0a7d78b2d0ecbb05cad6d4451d702cc357c37d33e","Identical client/server source; side inferred from conventional filename, otherwise both."
"config/fairylights-common.toml","both","working-client/config/fairylights-common.toml","61078cc778b4049c259a0bc2e1ba809306e39cc90dffd59c6f9855aabacd52e0","Identical client/server source; side inferred from conventional filename, otherwise both."
"config/fallingleaves-client.toml","client","working-client/config/fallingleaves-client.toml","2cd017af6632239398b694fadf8191d6073cf39585549876cc682843f521ecb3","Identical client/server source; side inferred from conventional filename, otherwise both."
"config/fallingtree.json","both","working-client/config/fallingtree.json","922a0a06c316eb1f0aba285f5bc59f4421b51b6f861661f3cdab38bbd44e4927","Identical client/server source; side inferred from conventional filename, otherwise both."
"config/farmersdelight-client.toml","client","working-client/config/farmersdelight-client.toml","940f68676859e852c600974c4776e986453ce7d3b2cf27ac156535e26c160e11","Identical client/server source; side inferred from conventional filename, otherwise both."
"config/farmersdelight-common.toml","both","working-client/config/farmersdelight-common.toml","459c4d9fcf137f0533da3280349f2abe51510497632130cbc23507dd121b1bd8","Identical client/server source; side inferred from conventional filename, otherwise both."
"config/fastsuite.cfg","both","working-client/config/fastsuite.cfg","44198ad591572d87a9f71b0b636229d91508a8c971f9dca907bed3c6d6754193","Identical client/server source; side inferred from conventional filename, otherwise both."
"config/ferritecore-mixin.toml","both","working-client/config/ferritecore-mixin.toml","c164439c632aa7c95c07edec5cfef74b8e2d5671a8445a781deeb4de7ad0c8b6","Identical client/server source; side inferred from conventional filename, otherwise both."
"config/fetzis_displays/fetzis-displays-config.json","both","working-server/config/fetzis_displays/fetzis-displays-config.json","5fca370c40433596c2417f4fa0a02c4d1e438d808c92a43f583b169f732563e0","Gameplay/common config differed; working dedicated-server value is canonical for both."
"config/flywheel-client.toml","client","working-client/config/flywheel-client.toml","77b5b58e59686f9b15018cff229cd49946a2120f39acc9573a73704ab50d5366","Identical client/server source; side inferred from conventional filename, otherwise both."
"config/fml.toml","both","working-client/config/fml.toml","eb6e8b8eda9682889a83d55262ef96cf37153d58fe7f0fa5d5cb1da5d9f7dd9b","Identical client/server source; side inferred from conventional filename, otherwise both."
"config/foragersinsight-common.toml","both","working-client/config/foragersinsight-common.toml","616ce82d348d7cdb6c40343d0fa2e66eed1f6561024d1f2559f0d8b361f2a3a7","Identical client/server source; side inferred from conventional filename, otherwise both."
"config/forge-client.toml","client","working-client/config/forge-client.toml","0b1b3c45343435184c9dde3149b38afcdb97953e287686ecda54385f53ebcddc","Identical client/server source; side inferred from conventional filename, otherwise both."
"config/fossil-client.toml","client","working-client/config/fossil-client.toml","3f40422a98b59594d8e66e11a0777815c96ef89897a52690cc4d58683acf5616","Identical client/server source; side inferred from conventional filename, otherwise both."
"config/fossil-common.toml","both","working-client/config/fossil-common.toml","230eecc36c73698cf4b0b8c2afd405244fb382beef76ddd03f6b73738d8b2ba6","Identical client/server source; side inferred from conventional filename, otherwise both."
"config/framedblocks-client.toml","client","working-client/config/framedblocks-client.toml","973a9e319c877b509ba81b548700217034d7d3c75c242ec6673ce004abfcf6cb","Identical client/server source; side inferred from conventional filename, otherwise both."
"config/framedblocks-common.toml","both","working-client/config/framedblocks-common.toml","3df7937868159c8c2570d09c9ef9e0a1127dfbab70c3404c8fd069c7390d39ff","Identical client/server source; side inferred from conventional filename, otherwise both."
"config/friendsandfoes.json","both","working-client/config/friendsandfoes.json","df93dbd6994b265a3fdd13961dc58cb6c465d413b315e749520ecfcd590a5f45","Identical client/server source; side inferred from conventional filename, otherwise both."
"config/ftbquests/quests/chapter_groups.snbt","both","generated by scripts/Build-BeginnerQuestBook.ps1","b7da2cffbd510112fa9ad023f6ed24ca1963bcea02e03e7b362190767af4c1c3","Pack-specific FTB Quests definitions; required on server and client for synchronized guidance."
"config/ftbquests/quests/chapters/archaeology.snbt","both","generated by scripts/Build-BeginnerQuestBook.ps1","f010e1366bbd237392595ab32be83fe796de33be64b641085fa0ee004ef18eae","Pack-specific FTB Quests definitions; required on server and client for synchronized guidance."
"config/ftbquests/quests/chapters/create_basics.snbt","both","generated by scripts/Build-BeginnerQuestBook.ps1","7c9a8d94600e929f344068b8536a2090fdcdff38956c375218512835f7d48751","Pack-specific FTB Quests definitions; required on server and client for synchronized guidance."
"config/ftbquests/quests/chapters/endgame.snbt","both","generated by scripts/Build-BeginnerQuestBook.ps1","c039277d38002fb172b40fcf0783154e198f8e6ccd12188b37e50093546489eb","Pack-specific FTB Quests definitions; required on server and client for synchronized guidance."
"config/ftbquests/quests/chapters/first_days.snbt","both","generated by scripts/Build-BeginnerQuestBook.ps1","29e56e670d7838c8e81fe46f4141d9361b28b64dc276e20e79271622e0957b61","Pack-specific FTB Quests definitions; required on server and client for synchronized guidance."
"config/ftbquests/quests/chapters/homestead.snbt","both","generated by scripts/Build-BeginnerQuestBook.ps1","3a9260205aeefb69f12bc8735b68cb35bb467b5e28eaed08c4b9c58bffaeaf34","Pack-specific FTB Quests definitions; required on server and client for synchronized guidance."
"config/ftbquests/quests/chapters/new_horizons.snbt","both","generated by scripts/Build-BeginnerQuestBook.ps1","bc323c99e0ca4b7b8f6078fd31527720d91fe589410d1fce443c7c8e7204cc5b","Pack-specific FTB Quests definitions; required on server and client for synchronized guidance."
"config/ftbquests/quests/chapters/tinkers_deferred.snbt","both","generated by scripts/Build-BeginnerQuestBook.ps1","67d1eb3c14eeb37836d1bd4ddd86ce13cf0890b5a5766e9b6536514aa949ead9","Pack-specific FTB Quests definitions; required on server and client for synchronized guidance."
"config/ftbquests/quests/chapters/travel_storage.snbt","both","generated by scripts/Build-BeginnerQuestBook.ps1","7104db424995cce852fa1f44b2d65f52cae1b3a48e4ebd763f3cfff38a1cadd6","Pack-specific FTB Quests definitions; required on server and client for synchronized guidance."
"config/ftbquests/quests/chapters/vehicles.snbt","both","generated by scripts/Build-BeginnerQuestBook.ps1","1d3a5db83b373254468ea842081eadd45c6f40ec679a9fb164aec16aaa4ebd02","Pack-specific FTB Quests definitions; required on server and client for synchronized guidance."
"config/ftbquests/quests/chapters/welcome.snbt","both","generated by scripts/Build-BeginnerQuestBook.ps1","c6a1c837cb1c4ef1faf08b24eb03448abae0f47afa4d85010ddd8062f66a0f87","Pack-specific FTB Quests definitions; required on server and client for synchronized guidance."
"config/ftbquests/quests/data.snbt","both","generated by scripts/Build-BeginnerQuestBook.ps1","813d541df83c827b5fedf30c332503a537f1eb0e4fe193fc49b2f98f23c504e4","Pack-specific FTB Quests definitions; required on server and client for synchronized guidance."
"config/ftbxmodcompat.snbt","both","working-client/config/ftbxmodcompat.snbt","9abe2c7f784810cac3ca71c74d02aacd5fe6861d744cb143d077a525a2b42e76","Identical client/server source; side inferred from conventional filename, otherwise both."
"config/galosphere-common.toml","both","working-client/config/galosphere-common.toml","91b8a2dcf9c7f91d694cec42f218ffd77fb971b129d9772cdf8242c59f93c1c9","Identical client/server source; side inferred from conventional filename, otherwise both."
"config/geologicexpansion-common.toml","both","working-client/config/geologicexpansion-common.toml","f7428aa0c0df52dedda16fc2eda51509d55e1be3812f813ab0a89aa0f87d4e60","Identical client/server source; side inferred from conventional filename, otherwise both."
"config/gml-script-mods.toml","both","working-client/config/gml-script-mods.toml","dc9b0f9c9c29949bcb91cebb2bcdc111a7d99bee1d2b2ea168f2edbc7b9a1ba6","Identical client/server source; side inferred from conventional filename, otherwise both."
"config/gottschcore-common.toml","both","working-client/config/gottschcore-common.toml","393da3fbbac99101a227445f0ec58b883dfe99f0a7f803dd37ffcd55e943076a","Identical client/server source; side inferred from conventional filename, otherwise both."
"config/graveyard/the-graveyard-3.0-config.json5","both","working-client/config/graveyard/the-graveyard-3.0-config.json5","d3c4b80ecc098946480ef5186657c671520a2d0592d30ad4b49a4ec2ae40aada","Identical client/server source; side inferred from conventional filename, otherwise both."
"config/guardvillagers-client.toml","client","working-client/config/guardvillagers-client.toml","4160ba1a645a91f3b89c1fd3ed1a42d77007c19aa0183f7f19e080611a9cd449","Identical client/server source; side inferred from conventional filename, otherwise both."
"config/guardvillagers-common.toml","both","working-client/config/guardvillagers-common.toml","2c2ee0fcc95a2c6baebd0fcdc78737e2650382161969108a8dcc5f7cfab111f6","Identical client/server source; side inferred from conventional filename, otherwise both."
"config/herbalbrews.toml","both","working-client/config/herbalbrews.toml","7c4ba324bf4778cd520d4b5ac36a1d475b45265e27f17ff70f8a1d7f53bbebcd","Identical client/server source; side inferred from conventional filename, otherwise both."
"config/idas.toml","both","working-client/config/idas.toml","e183689f333c024b2afe504dcff455faa214bd05b62d14ca21216fd916c5099b","Identical client/server source; side inferred from conventional filename, otherwise both."
"config/immediatelyfast.json","client","working-client/config/immediatelyfast.json","f2b7f219198f0a911d04b09f545f2c1256e8d114951443924878dc10963e16aa","Present only in the working client."
"config/immersive_aircraft.json","both","working-client/config/immersive_aircraft.json","898347b99b3326ae0ce719a06351eb930b1a3567e4f3c22ba94f014f1e115a46","Identical client/server source; side inferred from conventional filename, otherwise both."
"config/immersive_armors.json","both","working-client/config/immersive_armors.json","3b1b222917697f4e339d7770136473fb277c46687d94b85f0b0835be8ebad695","Identical client/server source; side inferred from conventional filename, otherwise both."
"config/immersive_melodies.json","both","working-server/config/immersive_melodies.json","a3aeb8c0aa0225491e997139b3a1358824626c204918f2b7a09f102269e27d97","Gameplay/common config differed; working dedicated-server value is canonical for both."
"config/immersive_paintings.json","server","working-server/config/immersive_paintings.json","65503c4720dd1017227041ee6ce26650a75a123af7331d66c5fac0a2cdace94c","Present only in the working dedicated server."
"config/immersive_weathering-client.toml","client","working-client/config/immersive_weathering-client.toml","f36bb759ebb4493cd78a3f06dd47368d82effc78cbf3113b5dfe4d9093243cd9","Identical client/server source; side inferred from conventional filename, otherwise both."
"config/immersive_weathering-common.toml","both","working-client/config/immersive_weathering-common.toml","d00a81060c710cc000c280e1be813e4712198e0643f0308e6adfae28eb242ec6","Identical client/server source; side inferred from conventional filename, otherwise both."
"config/inventoryessentials-common.toml","both","working-client/config/inventoryessentials-common.toml","4ce24147be991d8010e9b22d2469f4a5a0ac38ae1946fbc72e2dc6e0061c6a07","Identical client/server source; side inferred from conventional filename, otherwise both."
"config/jade/hide-blocks.json","both","working-client/config/jade/hide-blocks.json","247df2699ebb5a0d4c9585aeeb267ef9388cd5bee2b13ca340f35124a135b35b","Identical client/server source; side inferred from conventional filename, otherwise both."
"config/jade/hide-entities.json","both","working-client/config/jade/hide-entities.json","22b4560c3dc05da35a70bb6611da0ce04cff295ab8c663afd58e725c396a24b3","Identical client/server source; side inferred from conventional filename, otherwise both."
"config/jade/jade.json","both","working-client/config/jade/jade.json","8a9c0403b385ca106d0c0b541ea2f2128bf39e3f9b05b342b176ca11834857a4","Identical client/server source; side inferred from conventional filename, otherwise both."
"config/jade/server-plugin-overrides.json","server","working-server/config/jade/server-plugin-overrides.json","44136fa355b3678a1146ad16f7e8649e94fb4fc21fe77e8310c060f61caaff8a","Present only in the working dedicated server."
"config/jamlib/known_suspicious_jars.txt","both","working-client/config/jamlib/known_suspicious_jars.txt","e3b0c44298fc1c149afbf4c8996fb92427ae41e4649b934ca495991b7852b855","Identical client/server source; side inferred from conventional filename, otherwise both."
"config/jearchaeology-common.toml","both","working-client/config/jearchaeology-common.toml","78d2710249a6e256f422c208b80378db2d1d1afef5bf5d2b052dc5396a8bf7f0","Identical client/server source; side inferred from conventional filename, otherwise both."
"config/jei/blacklist.cfg","client","working-client/config/jei/blacklist.cfg","e3b0c44298fc1c149afbf4c8996fb92427ae41e4649b934ca495991b7852b855","Identical client/server source; side inferred from conventional filename, otherwise both."
"config/jei/jei-colors.ini","client","working-client/config/jei/jei-colors.ini","5f37aacd70460fdc2631ff45e98e8a2ce4e52d3e9a50917edf40eeed1236952e","Identical client/server source; side inferred from conventional filename, otherwise both."
"config/jei/jei-debug.ini","client","working-client/config/jei/jei-debug.ini","ee9bb0f0f8465629951fe9a532f3ebe3327671a12d4cc6395860d7f7494b970b","Identical client/server source; side inferred from conventional filename, otherwise both."
"config/jei/jei-mod-id-format.ini","client","working-client/config/jei/jei-mod-id-format.ini","326b4f9b813ca8183bfaeee184cf7248c7a75c4d85b59322e349c0e964c253f3","Identical client/server source; side inferred from conventional filename, otherwise both."
"config/jeresources.toml","both","working-client/config/jeresources.toml","b101c668c6c658e2db126b7f6d3b9eb913537ff8903fbfce0128534299b2aea5","Identical client/server source; side inferred from conventional filename, otherwise both."
"config/jeresources-common.toml","both","working-client/config/jeresources-common.toml","9dbe8c6973dc932be6dd20cb63381276740b23c75349dbe870fc8098c8529989","Identical client/server source; side inferred from conventional filename, otherwise both."
"config/justzoom/config.txt","both","working-client/config/justzoom/config.txt","d0dcbc7c9c28a398ad2b81c1f6779f34beffbf45560c8c02c063077ab32ded45","Identical client/server source; side inferred from conventional filename, otherwise both."
"config/konkrete/locals/de_de.local","both","working-client/config/konkrete/locals/de_de.local","79a34cfd15c2d9c06498dc221be79279507d9b57666cd44f8d2c2cf95d3582ef","Identical client/server source; side inferred from conventional filename, otherwise both."
"config/konkrete/locals/en_us.local","both","working-client/config/konkrete/locals/en_us.local","fdf1864fd049b3f1b9af1f8db6c5125a627be7d06a451c778da3329843d3c39a","Identical client/server source; side inferred from conventional filename, otherwise both."
"config/konkrete/locals/pl_pl.local","both","working-client/config/konkrete/locals/pl_pl.local","d38a7776e362e4de6082078d803c1c9358d9d40526edfe4bdfd29c552aef76d8","Identical client/server source; side inferred from conventional filename, otherwise both."
"config/konkrete/locals/pt_br.local","both","working-client/config/konkrete/locals/pt_br.local","dca55a2792451b31424cd5c24037141ec57cdca51955d062dd908fa9ca6a3e9c","Identical client/server source; side inferred from conventional filename, otherwise both."
"config/l2_configs/l2library-client.toml","client","working-client/config/l2_configs/l2library-client.toml","bee1c76cbc66e917babe40a1fc94132bc9c227aa69e17d27417cd77dab532e74","Present only in the working client."
"config/l2_configs/l2library-common.toml","both","working-client/config/l2_configs/l2library-common.toml","1200e86c053c1bc905bfe01a6b69bc09c0ad21feae8ee25c23c48d345672a4f8","Identical client/server source; side inferred from conventional filename, otherwise both."
"config/labels-client.toml","client","working-client/config/labels-client.toml","ff4d49e8887003f08adb512551c17ad62cbc8734fe20103da590a92e5675c9e9","Present only in the working client."
"config/leavesbegone-server.toml","server","working-client/config/leavesbegone-server.toml","d959f115d82689b7f6075b0af48e8be95a09b3f73b6a67319646aa4bfdc0b101","Identical client/server source; side inferred from conventional filename, otherwise both."
"config/letmedespawn.json","both","working-client/config/letmedespawn.json","6af411644e22ede34383135509cb96b2a636d8ed45494b28976514a95537105e","Identical client/server source; side inferred from conventional filename, otherwise both."
"config/lootr-client.toml","client","working-client/config/lootr-client.toml","4e37c085446f2a5be3a3cc4765ffc9657e71473245574c3e398c64fef07615a0","Identical client/server source; side inferred from conventional filename, otherwise both."
"config/lootr-common.toml","both","working-client/config/lootr-common.toml","c056a537b6cbc9cf4c49f29ec98480537a68932e412f7c5dbd7f0a70bee69ce4","Identical client/server source; side inferred from conventional filename, otherwise both."
"config/make_bubbles_pop.json","both","working-client/config/make_bubbles_pop.json","2266b2e507e4dcea55fb1a53be33690efc8c1fe4ce7a559a98a29fecac2069c4","Identical client/server source; side inferred from conventional filename, otherwise both."
"config/mantle-client.toml","client","working-client/config/mantle-client.toml","fb2b6378aac5723f9bcb0fe195fefc42f675f59467c98ae65df13bd872949e95","Identical client/server source; side inferred from conventional filename, otherwise both."
"config/midnightlib.json","both","working-client/config/midnightlib.json","9bcdd9f5ae6c9fecc3a0dfee7507bf17c56702f14e40db9cdde90148f1d3b387","Identical client/server source; side inferred from conventional filename, otherwise both."
"config/moblassos-server.toml","server","working-server/config/moblassos-server.toml","16d78d1840e3bd1adc79292bef90856015155057f38d9cd7cce968d59124493a","Present only in the working dedicated server."
"config/modernfix-common.toml","both","working-client/config/modernfix-common.toml","fad9aea710ec3508eab562cd8f2b5f8e2dda6ee1c5fb1fe818f90ce253017f66","Identical client/server source; side inferred from conventional filename, otherwise both."
"config/modernfix-mixins.properties","both","working-client/config/modernfix-mixins.properties","cc9db08ca3f44714cf14117fb1772eed88c9cc3272fea6d17e657292c8799fe0","Identical client/server source; side inferred from conventional filename, otherwise both."
"config/moonlight-client.toml","client","working-client/config/moonlight-client.toml","47297d47ca3fa4525d1adbc7234b9b0dc2ee490b87216fe6002e34ff69acac08","Identical client/server source; side inferred from conventional filename, otherwise both."
"config/moonlight-common.toml","both","working-client/config/moonlight-common.toml","02cd35fbcc371cf63303ae1264ad9f4613b3f73ace93417af825baf7d3ac7baf","Identical client/server source; side inferred from conventional filename, otherwise both."
"config/MouseTweaks.cfg","both","working-client/config/MouseTweaks.cfg","4069ce1a439d8c37453c1b1e9f2037e0942674c7e48723a39b37eab245792ad4","Identical client/server source; side inferred from conventional filename, otherwise both."
"config/mowziesmobs-client.toml","client","working-client/config/mowziesmobs-client.toml","b2ed15f55eb1b57f7e1b4a81b99edd02d98d9000d319d72d73caae13e5fc4cc4","Present only in the working client."
"config/mowziesmobs-common.toml","both","working-client/config/mowziesmobs-common.toml","e1add6dce3cbd2d1b49536ccc3309e00a09455bd12d85a9dd6717529cdbdfcc7","Identical client/server source; side inferred from conventional filename, otherwise both."
"config/naturalist.json","both","working-client/config/naturalist.json","022aeb6c92073255d6ad01f0f47eecf574bcb19aa9bc9d8d11eeae1479079226","Identical client/server source; side inferred from conventional filename, otherwise both."
"config/naturescompass-client.toml","client","working-client/config/naturescompass-client.toml","4215398614d28a24d2fe39593bf25981dd67ae46f85bc710ee07ba2d37c74c0b","Identical client/server source; side inferred from conventional filename, otherwise both."
"config/naturescompass-common.toml","both","working-client/config/naturescompass-common.toml","538aae74ea0b2f15762899e6ee36bb9df856c2a60ca6266b74d0b2008394fc2b","Identical client/server source; side inferred from conventional filename, otherwise both."
"config/neapolitan-common.toml","both","working-client/config/neapolitan-common.toml","4044b41930245ec79f40685183b21ceec722bca12cedb111acbcca463c6eb717","Identical client/server source; side inferred from conventional filename, otherwise both."
"config/notenoughanimations.json","both","working-client/config/notenoughanimations.json","45121987f8bbbb948bd5096ffb02b1361c762b3e34836b3f9097a9a4ef7222d4","Identical client/server source; side inferred from conventional filename, otherwise both."
"config/Obscuria/aquamirae-client.toml","client","working-client/config/Obscuria/aquamirae-client.toml","c5913558bc43a17ff28e21853f6be9713f3d0a6416235e11aaedb8a3998bcb4d","Present only in the working client."
"config/Obscuria/aquamirae-common.toml","both","working-client/config/Obscuria/aquamirae-common.toml","605fcfc142b5932110449fba08631b06a039cceaa787c518a0a2d727af3b78a3","Identical client/server source; side inferred from conventional filename, otherwise both."
"config/Obscuria/Data/aquamirae_cover.png","client","working-client/config/Obscuria/Data/aquamirae_cover.png","86bec2df159c61ba721a71c7c951450332e3581ce3c8268611c140558989d5b9","Present only in the working client."
"config/Obscuria/Data/loot_journal_cover.png","client","working-client/config/Obscuria/Data/loot_journal_cover.png","c516870f7eabb04f762e581df53a7c7330ec28c68f2245fb07885af71bd37830","Present only in the working client."
"config/Obscuria/Data/obscure_api_cover.png","client","working-client/config/Obscuria/Data/obscure_api_cover.png","ecd943698913173d1513b8a300072557304e9c262eb8eaa012ba0a357a6a5ad1","Present only in the working client."
"config/Obscuria/obscure-api-client.toml","client","working-client/config/Obscuria/obscure-api-client.toml","90b60c01677fe0899e1b1fbf0deb8aba975f3540a0abb979a1c9aa7760930fe2","Present only in the working client."
"config/packetfixer.properties","both","working-server/config/packetfixer.properties","49cc4190d78c552273afc98fddbaaf78489eb4e9174c4ffad90b960fb59099d4","Gameplay/common config differed; working dedicated-server value is canonical for both."
"config/particlerain/config.json","both","working-client/config/particlerain/config.json","bd8abf7000e1cd681b090d8425b808f196297b6af473826405321d037e6fdd3a","Identical client/server source; side inferred from conventional filename, otherwise both."
"config/patchouli-client.toml","client","working-client/config/patchouli-client.toml","d289f4c7540e3e24bcf6bbf3f5a2aaaf87ccf58027d2213e40497fc627422068","Present only in the working client."
"config/pehkui-client.toml","client","working-client/config/pehkui-client.toml","18741b2cf056e7609eac3dabe966569a12a819ab03e083c873c85c27a52929a7","Present only in the working client."
"config/pehkui-common.toml","both","working-client/config/pehkui-common.toml","8a4afcf7a631191fbe6a1416b4d16f55584deb22dd90ec7ec337fdf444a92ba7","Identical client/server source; side inferred from conventional filename, otherwise both."
"config/pickupnotifier/pickupnotifier-client.toml","client","working-client/config/pickupnotifier/pickupnotifier-client.toml","242a0f58407ecc71ff5e2c6cd2910001c089ee4e6130454c377115e8a8f3c83a","Identical client/server source; side inferred from conventional filename, otherwise both."
"config/pickupnotifier/pickupnotifier-server.toml","server","working-client/config/pickupnotifier/pickupnotifier-server.toml","6e18bfa2ec02629937474e436f3f44fb67d54fd6e6b47a7c9b4c5b3a3bd83916","Identical client/server source; side inferred from conventional filename, otherwise both."
"config/polymorph-integrations.toml","both","working-client/config/polymorph-integrations.toml","43a7425a314be7d78c2e31d44ab8f46c5ee824ab10906ab8909923d23646b6ad","Identical client/server source; side inferred from conventional filename, otherwise both."
"config/ponder-client.toml","client","working-client/config/ponder-client.toml","56291af4bc3506692c79f5c0155c47cce8577d0aae6ed5930c9074d5cb9bc5c8","Identical client/server source; side inferred from conventional filename, otherwise both."
"config/prehistoricfauna-common.toml","both","working-client/config/prehistoricfauna-common.toml","45c1ff8f07f0a783a6ddc14fa24001c169e5b7472f90eb6b6d6547a9964c03b1","Identical client/server source; side inferred from conventional filename, otherwise both."
"config/presencefootsteps/updater.json","both","working-client/config/presencefootsteps/updater.json","1e7c61df09c105e1eeca8cf3dcbdfeb976700e9904bcb3983fc7791adb7fad2e","Identical client/server source; side inferred from conventional filename, otherwise both."
"config/presencefootsteps/userconfig.json","both","working-client/config/presencefootsteps/userconfig.json","8cf6192eda81b3a27737440cfdedc05c40a8c1b552583114c1aa6fb2673ca907","Identical client/server source; side inferred from conventional filename, otherwise both."
"config/productivebees-client.toml","client","working-client/config/productivebees-client.toml","3cc5a0f6959691ae103f123e9b7f1c3bdf0014261f86fce9d6eed06d1c909fdf","Present only in the working client."
"config/quark-common.toml","both","working-server/config/quark-common.toml","24ab039e09e541bf1652d31aaaab7ba1aa841084001eb726e821dc69846f02bb","Gameplay/common config differed; working dedicated-server value is canonical for both."
"config/quickquarry-common.toml","both","working-client/config/quickquarry-common.toml","d2fcc29406b0ac95bfff47b37f1d2ff99b173aaf52ee73f33eece95d2ca39b98","Identical client/server source; side inferred from conventional filename, otherwise both."
"config/railways-client.toml","client","working-client/config/railways-client.toml","f3e6295841dd104d85bbc1bd529c09c4a3bd4a6d0a7cc859f1aa7f866481a10c","Identical client/server source; side inferred from conventional filename, otherwise both."
"config/railways-common.toml","both","working-client/config/railways-common.toml","1f660c8bd0c374799862392ef7a56253544f5adaf653e59386cd1eb34f94fa2f","Identical client/server source; side inferred from conventional filename, otherwise both."
"config/relics.yaml","both","working-client/config/relics.yaml","4411078ac8d2107482e0f717576b1d9e1fa6c0938d11135a2541f4d8c2518278","Identical client/server source; side inferred from conventional filename, otherwise both."
"config/RelicsOfGaming.toml","both","working-client/config/RelicsOfGaming.toml","eb147b5fe8767fc0e6ce75a12986b7cac3d384a6240d15c42a4ea2fc395e2388","Identical client/server source; side inferred from conventional filename, otherwise both."
"config/repurposed_structures-forge/modded_loot.toml","both","working-client/config/repurposed_structures-forge/modded_loot.toml","2e19ce956057b47999b99180c57c3cc591a58b7eeec739aa70c3c88c5adbcce5","Identical client/server source; side inferred from conventional filename, otherwise both."
"config/resourceful-config-web.json","both","working-client/config/resourceful-config-web.json","276088ffb61e688f471d9e8d7408deccadf851865e60f2b828d76a4d14927e64","Identical client/server source; side inferred from conventional filename, otherwise both."
"config/ribbits-forge-1_20_1.toml","both","working-client/config/ribbits-forge-1_20_1.toml","a3a347104c669a4847fbcea06cabe3a5fb79c474164137b01074fde0c1e649be","Identical client/server source; side inferred from conventional filename, otherwise both."
"config/ribbits-options.json","both","working-client/config/ribbits-options.json","671ee75b5333f98d3a9b92fcfcc79c7df7a6b4c0e5cda025a7b449ab79562b2b","Identical client/server source; side inferred from conventional filename, otherwise both."
"config/rightclickharvest.json5","both","working-client/config/rightclickharvest.json5","6eb5169563472ae96184c94e9f42ff7d76fdba403ed3190ffb308e817ea0a21e","Identical client/server source; side inferred from conventional filename, otherwise both."
"config/sereneseasons/fertility.toml","both","working-server/config/sereneseasons/fertility.toml","2d2d244c696678957a2077b87a80fcd0132e3e4e39c44313248748e0758702a3","Gameplay/common config differed; working dedicated-server value is canonical for both."
"config/sereneseasons/seasons.toml","both","working-server/config/sereneseasons/seasons.toml","ac574f8602cbd34104f87143ef2622b80ee91793d7f19a4ec23fe7280fad4efa","Gameplay/common config differed; working dedicated-server value is canonical for both."
"config/skinlayers.json","both","working-client/config/skinlayers.json","45162f45aa2db525a0edc483959f35b6d958ba2e54066a4f87e7f3c3f0f99166","Identical client/server source; side inferred from conventional filename, otherwise both."
"config/sliceanddice-client.toml","client","working-client/config/sliceanddice-client.toml","257fbdd7a536a41ce332c3416da84946c6825c88cb81a28ae96956f79f36e6e2","Identical client/server source; side inferred from conventional filename, otherwise both."
"config/sliceanddice-common.toml","both","working-client/config/sliceanddice-common.toml","ac1a4e660c8a567b4c945962d063eeced1a0040615214ea4aebb947ff6af7d33","Identical client/server source; side inferred from conventional filename, otherwise both."
"config/smallships_upgrades.json5","both","working-client/config/smallships_upgrades.json5","871011250e8a22cd587d01e17fc337f558d59d27c5715e2b18e51f6f8058a9e1","Identical client/server source; side inferred from conventional filename, otherwise both."
"config/smallships-client.toml","client","working-client/config/smallships-client.toml","2055d621b5cb01a3a0cc7134bb97d8109f56152938131f7c31bf27b28c264f9b","Identical client/server source; side inferred from conventional filename, otherwise both."
"config/smallships-common.toml","both","working-client/config/smallships-common.toml","0c89c2c56094816dcad1d0693cb52dbb61720797d8b2b0e2d25f9937a464de56","Identical client/server source; side inferred from conventional filename, otherwise both."
"config/smarterfarmers-common.toml","both","working-client/config/smarterfarmers-common.toml","32722ba1b3094c0ae26fcb43cd15d35ed8d4a8333529e1350fc4db83c91c9153","Identical client/server source; side inferred from conventional filename, otherwise both."
"config/sophisticatedbackpacks-common.toml","both","working-client/config/sophisticatedbackpacks-common.toml","6674ec92f625296aa8accc93d71fdf1eecfc8050111c5ae7b6d9a94b4fe14506","Identical client/server source; side inferred from conventional filename, otherwise both."
"config/sophisticatedcore-client.toml","client","working-client/config/sophisticatedcore-client.toml","3175ac14ac1da55ba706d1f0321c0b5620cd968a381e60323b283778e7b6d9e6","Identical client/server source; side inferred from conventional filename, otherwise both."
"config/sophisticatedcore-common.toml","both","working-server/config/sophisticatedcore-common.toml","30e766e71c4551af278247710a3b408538defd8adb97c374354d5bce6ba95a83","Gameplay/common config differed; working dedicated-server value is canonical for both."
"config/spawnanimations.json","both","working-client/config/spawnanimations.json","b2b16aad46bca666c1a8393826b2e767cada40664083bea333003b7d969a88ed","Identical client/server source; side inferred from conventional filename, otherwise both."
"config/statues-client.toml","client","working-client/config/statues-client.toml","ca6f36df18cb7d221efd52d4a9ab342ee82fff349cc4b2f455fca078a2170622","Present only in the working client."
"config/statues-common.toml","both","working-client/config/statues-common.toml","f6d5fb57a6e4ef6f479fedb346290fa0a7e48361704ae80b9c6070d85d252f02","Identical client/server source; side inferred from conventional filename, otherwise both."
"config/storagedrawers-client.toml","client","working-client/config/storagedrawers-client.toml","4c4880cbb9c0cd43cba00ce28519867e27468afaea353312d9af1a1a68d2b2c8","Present only in the working client."
"config/storagedrawers-common.v2.toml","both","working-client/config/storagedrawers-common.v2.toml","e42ed583bb9541c6b7241248b238b71c25db5ba691d5e62ce40e1675932a674a","Identical client/server source; side inferred from conventional filename, otherwise both."
"config/structure_gel-client.toml","client","working-client/config/structure_gel-client.toml","8058ecb1b7e59f183db54b31fe49e2040bc222294a46ba5c7c82a172a7277354","Identical client/server source; side inferred from conventional filename, otherwise both."
"config/structure_gel-common.toml","both","working-client/config/structure_gel-common.toml","888d2904bd7dd577f72d901603912a440540eba21212b004cf6abe41f1cde23b","Identical client/server source; side inferred from conventional filename, otherwise both."
"config/supplementaries-client.toml","client","working-client/config/supplementaries-client.toml","33057c518c3901a5bfadedb064c0bcfbd6fc6fcb7519736ac11e4c9e440ae4d8","Identical client/server source; side inferred from conventional filename, otherwise both."
"config/supplementaries-common.toml","both","working-client/config/supplementaries-common.toml","d529e2c43f74f4c7404bf224d611e18332c53cad327a5433f773681ea8991cd9","Identical client/server source; side inferred from conventional filename, otherwise both."
"config/suppsquared-common.toml","both","working-client/config/suppsquared-common.toml","2c20ac633c33b24a105115888730e73444ea6d11a291318de3cf5fa157f83685","Identical client/server source; side inferred from conventional filename, otherwise both."
"config/sweety-archeo-config.toml","both","working-client/config/sweety-archeo-config.toml","e74d9be3e4b2da2455b72589234b981849f193a4a8ae5e2977d5881a1c9e4057","Identical client/server source; side inferred from conventional filename, otherwise both."
"config/tconstruct-client.toml","client","working-client/config/tconstruct-client.toml","ead5290f0e85e9e803dba9a8bcf9a637fa16d3a7724f501ec45d60e1bd0501f2","Identical client/server source; side inferred from conventional filename, otherwise both."
"config/tconstruct-common.toml","both","working-client/config/tconstruct-common.toml","2f2d170508395a56ab6c83abe8feda4482638bec24bd971673e12efac584f9ac","Identical client/server source; side inferred from conventional filename, otherwise both."
"config/terrablender.toml","both","working-server/config/terrablender.toml","11ef4c2666fa094b456310710c2b5cb8babbd71982d4d187c9a80ad4011d8014","Gameplay/common config differed; working dedicated-server value is canonical for both."
"config/toms_storage-common.toml","both","working-client/config/toms_storage-common.toml","cb2644a6bbca7895ef4ff9a7237a51302839493c7d7e9ffbea74e8bc93494b64","Identical client/server source; side inferred from conventional filename, otherwise both."
"config/towns_and_towers/structure_enable_or_disable_new.json5","both","working-client/config/towns_and_towers/structure_enable_or_disable_new.json5","3aaa6ac8835dbbce97928c4d0d03f9957749a7a57a3f1668597310e9227900da","Identical client/server source; side inferred from conventional filename, otherwise both."
"config/towns_and_towers/structure_rarity_new.json5","both","working-client/config/towns_and_towers/structure_rarity_new.json5","1f6cddbcb2d89fbcc774d7bdae9987ccb031ba8fe024307357076ca617b17eeb","Identical client/server source; side inferred from conventional filename, otherwise both."
"config/tradingpost-server.toml","server","working-client/config/tradingpost-server.toml","9b8e43967d82532c59db13620f764f47ab6aef83fdf6ad50f71a24a384c34f7c","Identical client/server source; side inferred from conventional filename, otherwise both."
"config/transition.json","both","working-client/config/transition.json","60420a41571a4658b91babfa2b47d6fefb7c1766eeea969f51ff98ab34c2431c","Identical client/server source; side inferred from conventional filename, otherwise both."
"config/trashslot-common.toml","both","working-client/config/trashslot-common.toml","21493e0c7d7e821cdd69f2e58647eb22f39a0f5dd6045db3bb65a9250bc0cbd7","Identical client/server source; side inferred from conventional filename, otherwise both."
"config/travelerstitles-forge-1_20.toml","client","working-client/config/travelerstitles-forge-1_20.toml","c339ffec047e7faa8471f9c36ab83434db0262476194da70f4691575a6a1cea5","Present only in the working client."
"config/treasure2-common.toml","both","working-client/config/treasure2-common.toml","393da3fbbac99101a227445f0ec58b883dfe99f0a7f803dd37ffcd55e943076a","Identical client/server source; side inferred from conventional filename, otherwise both."
"config/trender.json","both","working-client/config/trender.json","fe0bed19bd0927b3d519816c73378730689080a8f07e66a6167c266ffde29dd2","Identical client/server source; side inferred from conventional filename, otherwise both."
"config/twilightdelight-client.toml","client","working-client/config/twilightdelight-client.toml","8c145f814d98a7a9465efb9496c5ebe703b89c92c6f5f43bb18a65e36a2d7f17","Present only in the working client."
"config/twilightdelight-common.toml","both","working-client/config/twilightdelight-common.toml","478995f0277c0bd0745a91ab6914be37acafa0075a5f9ba876b018850481c08c","Identical client/server source; side inferred from conventional filename, otherwise both."
"config/twilightforest-client.toml","client","working-client/config/twilightforest-client.toml","7df74722394aa6f9b662317ad4840fc9b0a2e11c394ef6da2b3d9eabb62808d3","Present only in the working client."
"config/twilightforest-common.toml","both","working-client/config/twilightforest-common.toml","2d8051f2d41dd6ee7b9e6570e84cd18a3e2d013c0890c95c0b66e7ecce0346b8","Identical client/server source; side inferred from conventional filename, otherwise both."
"config/untamedwilds-common.toml","both","working-server/config/untamedwilds-common.toml","14b83fc55a6eadf5b75a139ab317ce157db4d8f54cdd4d4dd202b55853136795","Gameplay/common config differed; working dedicated-server value is canonical for both."
"config/up2spawnaddon-common.toml","both","working-client/config/up2spawnaddon-common.toml","59c8a7cafdf93526875debea2469d8098c599d5ea32d4f9b6eb08d41127cfc58","Identical client/server source; side inferred from conventional filename, otherwise both."
"config/upgrade_aquatic-client.toml","client","working-client/config/upgrade_aquatic-client.toml","815f751451060fcf358b949699d9fb4a171d7f85a75fffa8390fb693002d6aca","Present only in the working client."
"config/upgrade_aquatic-common.toml","both","working-client/config/upgrade_aquatic-common.toml","eabb6e702c40c5a74b92d06844be74d59da40d926f452e6cdfa6d21c704a4928","Identical client/server source; side inferred from conventional filename, otherwise both."
"config/valhelsia_structures-client.toml","client","working-client/config/valhelsia_structures-client.toml","8ab414b34601e3023481f85777bc831a1b3cc78478103b71645b503792c7e6e7","Identical client/server source; side inferred from conventional filename, otherwise both."
"config/valhelsia_structures-common.toml","both","working-client/config/valhelsia_structures-common.toml","b867176a5df54ccc38411903baf8a5ad4129f66ffad4594fc292601cc3cb9eeb","Identical client/server source; side inferred from conventional filename, otherwise both."
"config/visual_workbench.json","both","working-client/config/visual_workbench.json","7885b862b10bf4b14d3103909971114a736d14a52e4a7994ace0d66a2474c14c","Identical client/server source; side inferred from conventional filename, otherwise both."
"config/visualworkbench-client.toml","client","working-client/config/visualworkbench-client.toml","a48b352862f74f6fe3ab071e7e43e631618e9c5f68b5f992b591d4dc87992954","Identical client/server source; side inferred from conventional filename, otherwise both."
"config/waystones-common.toml","both","working-client/config/waystones-common.toml","4cf1d13d8827bcdce75acadb1f3ea24732fd6fa6575ec8a261a37b21c481674d","Identical client/server source; side inferred from conventional filename, otherwise both."
"config/woodworks-common.toml","both","working-client/config/woodworks-common.toml","0e1cb35644059d9ff6f1e438b8a1d5a80bb4c2ea3c967adb8a4008a75673aef5","Identical client/server source; side inferred from conventional filename, otherwise both."
"config/xaero/lib/client.cfg","client","working-client/config/xaero/lib/client.cfg","43ed9dbfa5b4d6f0f3d2e8c2ced17ad298164b22c68ff11d415257a39b074336","Identical client/server source; side inferred from conventional filename, otherwise both."
"config/xaero/lib/common.cfg","client","working-client/config/xaero/lib/common.cfg","98f698d96a6d21d830a455b4ad045b70516fa63c298021742d8499e7f0366cd2","Identical client/server source; side inferred from conventional filename, otherwise both."
"config/xaero/lib/profiles/default.cfg","client","working-client/config/xaero/lib/profiles/default.cfg","34ae854b17d896d7cb853bdc28c27231a3947e91cb9f0991f372846ee3c2a907","Identical client/server source; side inferred from conventional filename, otherwise both."
"config/xaero/lib/server_profiles/default.cfg","client","working-client/config/xaero/lib/server_profiles/default.cfg","d438aea41ca41e93697e059f523686935c0add482f6abe96b532bbf10c6ed80a","Identical client/server source; side inferred from conventional filename, otherwise both."
"config/xaero/minimap/client.cfg","client","working-client/config/xaero/minimap/client.cfg","c0915eff5d1a7905cd1038d646eb9086fd1a29e2f637d53535e4da161de17b9f","Identical client/server source; side inferred from conventional filename, otherwise both."
"config/xaero/minimap/common.cfg","client","working-client/config/xaero/minimap/common.cfg","2b49df024c03a369c62a303c72755e7fedeb4f4653ff53a12fd37bd83ccd4ed0","Identical client/server source; side inferred from conventional filename, otherwise both."
"config/xaero/minimap/default_radar_categories_client.json","client","working-client/config/xaero/minimap/default_radar_categories_client.json","d44155ad6524baf93af689dcc2f7bab16d1989475f4c91a88ee526687e4957ec","Identical client/server source; side inferred from conventional filename, otherwise both."
"config/xaero/minimap/default_radar_categories_server.json","client","working-client/config/xaero/minimap/default_radar_categories_server.json","a4c652cafa7dea324e5f5cf3b1df46a84e54b6d4f877195857bce55a559c1cfd","Identical client/server source; side inferred from conventional filename, otherwise both."
"config/xaero/minimap/profiles/default.cfg","client","working-client/config/xaero/minimap/profiles/default.cfg","5a5c0a25fb3cca39c8b36704edbb4902ea2459d495af906eea447f6b7ccdab5c","Identical client/server source; side inferred from conventional filename, otherwise both."
"config/xaero/minimap/profiles/entity_radar_categories/default.cfg.json","client","working-client/config/xaero/minimap/profiles/entity_radar_categories/default.cfg.json","b8ddf54611a9ab8c53177fc0d062321e9e731192b65b9e50d0fcb38a86a91696","Identical client/server source; side inferred from conventional filename, otherwise both."
"config/xaero/minimap/profiles/info_display_config/default.cfg.txt","client","working-client/config/xaero/minimap/profiles/info_display_config/default.cfg.txt","184e654fa1fc8ad09943c97c4e65ab78acb5b3cfca22417a831513d1b6d9bbc6","Identical client/server source; side inferred from conventional filename, otherwise both."
"config/xaero/minimap/server_profiles/default.cfg","client","working-client/config/xaero/minimap/server_profiles/default.cfg","d438aea41ca41e93697e059f523686935c0add482f6abe96b532bbf10c6ed80a","Identical client/server source; side inferred from conventional filename, otherwise both."
"config/xaero/world-map/client.cfg","client","working-client/config/xaero/world-map/client.cfg","d0f079a8df083f6f60a0e0c1316a25fc841755a91bdcb2f86c66ead8e7d4d13d","Identical client/server source; side inferred from conventional filename, otherwise both."
"config/xaero/world-map/common.cfg","client","working-client/config/xaero/world-map/common.cfg","0c229eb0daf85bd09af51f21eeeb99497a3bd50a825d5ab1ca695fb21bf6cf9d","Identical client/server source; side inferred from conventional filename, otherwise both."
"config/xaero/world-map/profiles/default.cfg","client","working-client/config/xaero/world-map/profiles/default.cfg","5422abf9c83fedef6509144293fad20f588d4bb6ce0cf1af78cbcd2bcd0d2ccf","Identical client/server source; side inferred from conventional filename, otherwise both."
"config/xaero/world-map/server_profiles/default.cfg","client","working-client/config/xaero/world-map/server_profiles/default.cfg","d438aea41ca41e93697e059f523686935c0add482f6abe96b532bbf10c6ed80a","Identical client/server source; side inferred from conventional filename, otherwise both."
"config/xaerohud.txt","both","working-client/config/xaerohud.txt","58c9270f258d0b224bb7d0f7c927544d5fbe5f1b8027c820e1e14ecbf48fb88c","Identical client/server source; side inferred from conventional filename, otherwise both."
"config/xaeropatreon.txt","both","working-client/config/xaeropatreon.txt","e3b0c44298fc1c149afbf4c8996fb92427ae41e4649b934ca495991b7852b855","Identical client/server source; side inferred from conventional filename, otherwise both."
"config/yacl.json5","both","working-client/config/yacl.json5","d26a63d3cdf326412ba86dcc2781060bc53ed6c74ac7808e65325452e264e820","Identical client/server source; side inferred from conventional filename, otherwise both."
"config/zawa/main.toml","both","working-client/config/zawa/main.toml","bf5531f8427c5c01542becfbb0838c0d68262645d667a748b67beec97cb54eb7","Identical client/server source; side inferred from conventional filename, otherwise both."
"config/zeta-common.toml","both","working-client/config/zeta-common.toml","684816927033626b990f8e277a43c0e24f6ef650cb38f9fee935f974fffd7392","Identical client/server source; side inferred from conventional filename, otherwise both."
"defaultconfigs/createultimine/createultimine-server.snbt","server","working-server/defaultconfigs/createultimine/createultimine-server.snbt","53a79f6b96eae53f51a2c9a981fa4335d8d1bab3ca61a0891da3dfc5ab2cceb1","Present only in the working dedicated server."
"defaultconfigs/ftblibrary/ftblibrary-client.snbt","client","working-client/defaultconfigs/ftblibrary/ftblibrary-client.snbt","ab6bcad040f138406197f70cfe9a041832feaddf7e87954d9a5f4b13b6a962f9","Present only in the working client."
"defaultconfigs/ftbquests/client-config.snbt","client","working-client/defaultconfigs/ftbquests/client-config.snbt","4ce84f0da35036f810959086ea1043062993bf34ae704fc9cd4f1a67810090a6","Present only in the working client."
"defaultconfigs/ftbultimine/ftbultimine-client.snbt","client","working-client/defaultconfigs/ftbultimine/ftbultimine-client.snbt","0af4a5c9c743c56273b8594f9bf1f57a4adab850c4ac1356b615750b8bb649c6","Present only in the working client."
"defaultconfigs/ftbultimine/ftbultimine-server.snbt","server","working-server/defaultconfigs/ftbultimine/ftbultimine-server.snbt","1d994ec1854c1e96944a38d059593e7a78efa2d7b161ab4712d1bda47b73937a","Present only in the working dedicated server."
"defaultconfigs/ftbxmodcompat/ftbxmodcompat.snbt","both","working-client/defaultconfigs/ftbxmodcompat/ftbxmodcompat.snbt","9e5046ac0b9f6d27945b689657835bff24310aec7b11f7461c972b514d0e0658","Identical client/server source; side inferred from conventional filename, otherwise both."
"defaultconfigs/productivebees-server.toml","server","working-client/defaultconfigs/productivebees-server.toml","3a05feb3bfb72a6bcceef1b4c67ea2041119be21925a39cc047859aed5f56647","Identical client/server source; side inferred from conventional filename, otherwise both."
"moonlight-global-datapacks/milkyj-compat-fixes/data/caverns_and_chasms/loot_tables/blocks/eumus_brick.json","both","working-client/moonlight-global-datapacks/milkyj-compat-fixes/data/caverns_and_chasms/loot_tables/blocks/eumus_brick.json","f2ef2d7bc8fa2d343b0a7dd834f0eb550f84937bc0ce41f37b2cbae81c945496","Identical client/server source; side inferred from conventional filename, otherwise both."
"moonlight-global-datapacks/milkyj-compat-fixes/pack.mcmeta","both","working-client/moonlight-global-datapacks/milkyj-compat-fixes/pack.mcmeta","027791f87d3b5aa7515843c31d6e1f7554a46d8b9e279015cf371a2bdfc37a7a","Identical client/server source; side inferred from conventional filename, otherwise both."
"resourcepacks/Bare Bones 1.20.zip","client","https://cdn.modrinth.com/data/rox3U8B6/versions/s3lwqPHV/Bare%20Bones%201.20.zip","see sha512 metadata","Exact resource-pack version from the working release manifest."
"resourcepacks/Faithful 32x - 1.20.1.zip","client","https://cdn.modrinth.com/data/w0TnApzs/versions/VgTWEXF2/Faithful%2032x%20-%201.20.1.zip","see sha512 metadata","Exact resource-pack version from the working release manifest."
"resourcepacks/FPBR-Main-1.21.8-R1.3.zip","client","https://cdn.modrinth.com/data/nvEpbd8t/versions/nz5Dh1ZL/FPBR-Main-1.21.8-R1.3.zip","see sha512 metadata","Exact resource-pack version from the working release manifest."
"resourcepacks/FreshAnimations_v1.10.4.zip","client","https://cdn.modrinth.com/data/50dA9Sha/versions/xN57JJts/FreshAnimations_v1.10.4.zip","see sha512 metadata","Exact resource-pack version from the working release manifest."
"resourcepacks/FreshCompats_v1.6.zip","client","https://cdn.modrinth.com/data/nOD7MgEz/versions/EHQK5l1g/FreshCompats_v1.6.zip","see sha512 metadata","Exact resource-pack version from the working release manifest."
"resourcepacks/MilkyJ Stability Fixes/assets/betterfishtanks/textures/block/fishfood_container_pelelts.png","client","working-client/resourcepacks/MilkyJ Stability Fixes/assets/betterfishtanks/textures/block/fishfood_container_pelelts.png","fa36cc2b0f6e9013d1b36992b28085da1f05af6c033e26ba6d7f6593aaca8b15","Custom client resource-pack file from the working instance."
"resourcepacks/MilkyJ Stability Fixes/assets/farmersdelight/models/block/pie.json","client","working-client/resourcepacks/MilkyJ Stability Fixes/assets/farmersdelight/models/block/pie.json","46bd7a01267fd5b47c905d778dce3dbcba68429f13243b704d6fd5d9583303a1","Custom client resource-pack file from the working instance."
"resourcepacks/MilkyJ Stability Fixes/assets/farmersdelight/models/block/pie_slice1.json","client","working-client/resourcepacks/MilkyJ Stability Fixes/assets/farmersdelight/models/block/pie_slice1.json","1d461d7b0dfce45620d2a5f2845f3fdfa35cc8bd4c253dc0e3af114b5ec99590","Custom client resource-pack file from the working instance."
"resourcepacks/MilkyJ Stability Fixes/assets/farmersdelight/models/block/pie_slice2.json","client","working-client/resourcepacks/MilkyJ Stability Fixes/assets/farmersdelight/models/block/pie_slice2.json","6870a5f19a3b3e58f2e732e92063c1eb3d504c27991871ccb932a75b5941d1db","Custom client resource-pack file from the working instance."
"resourcepacks/MilkyJ Stability Fixes/assets/farmersdelight/models/block/pie_slice3.json","client","working-client/resourcepacks/MilkyJ Stability Fixes/assets/farmersdelight/models/block/pie_slice3.json","13d98c5281973cd7f88e040909abc3461ec1d798d4b9e2eceb81867448a4d01c","Custom client resource-pack file from the working instance."
"resourcepacks/MilkyJ Stability Fixes/assets/minecraft/atlases/blocks.json","client","working-client/resourcepacks/MilkyJ Stability Fixes/assets/minecraft/atlases/blocks.json","423bcaabba7b43899c879d4facacd5e24867728cd86a5caf716f5555ceb8bd83","Custom client resource-pack file from the working instance."
"resourcepacks/MilkyJ Stability Fixes/assets/minecraft/textures/block/fish_tank_frame.png","client","working-client/resourcepacks/MilkyJ Stability Fixes/assets/minecraft/textures/block/fish_tank_frame.png","3d87955ec5180072c87eb50b47b85b5f50798e61627aa28d47a13f7fa0ffa0f5","Custom client resource-pack file from the working instance."
"resourcepacks/MilkyJ Stability Fixes/assets/minecraft/textures/fish_tank_frame.png","client","working-client/resourcepacks/MilkyJ Stability Fixes/assets/minecraft/textures/fish_tank_frame.png","3d87955ec5180072c87eb50b47b85b5f50798e61627aa28d47a13f7fa0ffa0f5","Custom client resource-pack file from the working instance."
"resourcepacks/MilkyJ Stability Fixes/assets/mowziesmobs/models/block/black_pink_grottol.json","client","working-client/resourcepacks/MilkyJ Stability Fixes/assets/mowziesmobs/models/block/black_pink_grottol.json","64c2f6dda0e3ff3604a4c7c482d65b77feadcbdeb45f81ffa5872b69c4f361c6","Custom client resource-pack file from the working instance."
"resourcepacks/MilkyJ Stability Fixes/assets/mowziesmobs/models/block/diamond_grottol.json","client","working-client/resourcepacks/MilkyJ Stability Fixes/assets/mowziesmobs/models/block/diamond_grottol.json","8d33be9d28604b01de5e16607747991381f843f09bd52b20804c84aea6891b36","Custom client resource-pack file from the working instance."
"resourcepacks/MilkyJ Stability Fixes/assets/netherdepthsupgrade/textures/block/crimson_kelp.png","client","working-client/resourcepacks/MilkyJ Stability Fixes/assets/netherdepthsupgrade/textures/block/crimson_kelp.png","33dae79b2f5881a0ef44bfa2e4d1cac9cd636549a6c09be5ee376dba7ebe1ca9","Custom client resource-pack file from the working instance."
"resourcepacks/MilkyJ Stability Fixes/assets/netherdepthsupgrade/textures/block/crimson_kelp_plant.png","client","working-client/resourcepacks/MilkyJ Stability Fixes/assets/netherdepthsupgrade/textures/block/crimson_kelp_plant.png","4fa41f985742821a756a0e228b73c21129a797408cd798bb18671226972ff718","Custom client resource-pack file from the working instance."
"resourcepacks/MilkyJ Stability Fixes/assets/netherdepthsupgrade/textures/block/crimson_seagrass.png","client","working-client/resourcepacks/MilkyJ Stability Fixes/assets/netherdepthsupgrade/textures/block/crimson_seagrass.png","3422a580bef1628dd149abba5c1a370bb097a9d250b94654727741232525e54b","Custom client resource-pack file from the working instance."
"resourcepacks/MilkyJ Stability Fixes/assets/netherdepthsupgrade/textures/block/tall_crimson_seagrass_bottom.png","client","working-client/resourcepacks/MilkyJ Stability Fixes/assets/netherdepthsupgrade/textures/block/tall_crimson_seagrass_bottom.png","3fab8493235021812cc4ffc499ef8e720729b01497879d18f930be22d5967637","Custom client resource-pack file from the working instance."
"resourcepacks/MilkyJ Stability Fixes/assets/netherdepthsupgrade/textures/block/tall_crimson_seagrass_top.png","client","working-client/resourcepacks/MilkyJ Stability Fixes/assets/netherdepthsupgrade/textures/block/tall_crimson_seagrass_top.png","cb80e06814966a0a15766e7f953d0e610e8031a7c2611db16c32a5bd828c6a49","Custom client resource-pack file from the working instance."
"resourcepacks/MilkyJ Stability Fixes/assets/netherdepthsupgrade/textures/block/tall_warped_seagrass_bottom.png","client","working-client/resourcepacks/MilkyJ Stability Fixes/assets/netherdepthsupgrade/textures/block/tall_warped_seagrass_bottom.png","3fab8493235021812cc4ffc499ef8e720729b01497879d18f930be22d5967637","Custom client resource-pack file from the working instance."
"resourcepacks/MilkyJ Stability Fixes/assets/netherdepthsupgrade/textures/block/tall_warped_seagrass_top.png","client","working-client/resourcepacks/MilkyJ Stability Fixes/assets/netherdepthsupgrade/textures/block/tall_warped_seagrass_top.png","cb80e06814966a0a15766e7f953d0e610e8031a7c2611db16c32a5bd828c6a49","Custom client resource-pack file from the working instance."
"resourcepacks/MilkyJ Stability Fixes/assets/netherdepthsupgrade/textures/block/warped_kelp.png","client","working-client/resourcepacks/MilkyJ Stability Fixes/assets/netherdepthsupgrade/textures/block/warped_kelp.png","33dae79b2f5881a0ef44bfa2e4d1cac9cd636549a6c09be5ee376dba7ebe1ca9","Custom client resource-pack file from the working instance."
"resourcepacks/MilkyJ Stability Fixes/assets/netherdepthsupgrade/textures/block/warped_kelp_plant.png","client","working-client/resourcepacks/MilkyJ Stability Fixes/assets/netherdepthsupgrade/textures/block/warped_kelp_plant.png","4fa41f985742821a756a0e228b73c21129a797408cd798bb18671226972ff718","Custom client resource-pack file from the working instance."
"resourcepacks/MilkyJ Stability Fixes/assets/netherdepthsupgrade/textures/block/warped_seagrass.png","client","working-client/resourcepacks/MilkyJ Stability Fixes/assets/netherdepthsupgrade/textures/block/warped_seagrass.png","3422a580bef1628dd149abba5c1a370bb097a9d250b94654727741232525e54b","Custom client resource-pack file from the working instance."
"resourcepacks/MilkyJ Stability Fixes/assets/unusualfishmod/animations/entity/demon_herring.animation.json","client","working-client/resourcepacks/MilkyJ Stability Fixes/assets/unusualfishmod/animations/entity/demon_herring.animation.json","16bf124dcee1bdfe97874b05aba6583018be9e7c8b2c96a365718a836002331d","Custom client resource-pack file from the working instance."
"resourcepacks/MilkyJ Stability Fixes/assets/unusualfishmod/animations/entity/duality_damselfish.animation.json","client","working-client/resourcepacks/MilkyJ Stability Fixes/assets/unusualfishmod/animations/entity/duality_damselfish.animation.json","5b6f3fa8dc3f2d0ba43c32800c57d91d623ee13f6bf2fe33a7204ab28be1a7b8","Custom client resource-pack file from the working instance."
"resourcepacks/MilkyJ Stability Fixes/assets/unusualfishmod/animations/entity/freshwater_mantis.animation.json","client","working-client/resourcepacks/MilkyJ Stability Fixes/assets/unusualfishmod/animations/entity/freshwater_mantis.animation.json","0d338acadebf657b2d6fbfd57d5240b1790fcc45b004b164888630af76676089","Custom client resource-pack file from the working instance."
"resourcepacks/MilkyJ Stability Fixes/assets/unusualfishmod/animations/entity/rhino_tetra.animation.json","client","working-client/resourcepacks/MilkyJ Stability Fixes/assets/unusualfishmod/animations/entity/rhino_tetra.animation.json","9f43e7ad1c3cb0852a852f5b4e6921fdc548f4524db3ecc75009231738833dde","Custom client resource-pack file from the working instance."
"resourcepacks/MilkyJ Stability Fixes/assets/unusualfishmod/animations/entity/sea_pancake.animation.json","client","working-client/resourcepacks/MilkyJ Stability Fixes/assets/unusualfishmod/animations/entity/sea_pancake.animation.json","0c93554a95f2933866f20ebe56cf34c9142511316f1bf61b0137dd82dc7b2b07","Custom client resource-pack file from the working instance."
"resourcepacks/MilkyJ Stability Fixes/assets/unusualfishmod/animations/entity/zebra_cornetfish.animation.json","client","working-client/resourcepacks/MilkyJ Stability Fixes/assets/unusualfishmod/animations/entity/zebra_cornetfish.animation.json","eead43e9603002e594f994722178b0379a451ce3e41805205d3c0d8c7b44225c","Custom client resource-pack file from the working instance."
"resourcepacks/MilkyJ Stability Fixes/pack.mcmeta","client","working-client/resourcepacks/MilkyJ Stability Fixes/pack.mcmeta","d0ecc11236368a78905cc8457fada14345529a9b0aecfa8497d140838d5991cf","Custom client resource-pack file from the working instance."
"resourcepacks/Shable's Tweaks 1.1 1.20.1.zip","client","https://cdn.modrinth.com/data/2eqneqeK/versions/s8jXQw36/Shable%27s%20Tweaks%201.1%201.20.1.zip","see sha512 metadata","Exact resource-pack version from the working release manifest."
