id_type,id,baseline_owner,baseline_semantics,candidate_owner,candidate_semantics,status,action_taken,notes
chapter,0F73D94269F5D8E4,vehicles.snbt: ,"chapter-key=vehicles; icon=""immersive_aircraft:biplane""",vehicles.snbt: Vehicles and Transport,"chapter-key=vehicles; icon=""immersive_aircraft:biplane""",unchanged,preserved baseline definition,
chapter,1CDE54C53326DB2E,new_horizons.snbt: ,"chapter-key=new_horizons; icon=""explorerscompass:explorerscompass""",new_horizons.snbt: Exploration Without Getting Completely Lost,"chapter-key=new_horizons; icon=""explorerscompass:explorerscompass""",unchanged,preserved baseline definition,
chapter,204FAE13146E5459,travel_storage.snbt: ,"chapter-key=travel_storage; icon=""toms_storage:ts.storage_terminal""",travel_storage.snbt: Stop Living Out of 46 Chests,"chapter-key=travel_storage; icon=""toms_storage:ts.storage_terminal""",unchanged,preserved baseline definition,
chapter,341E1453B17A1806,tinkers_deferred.snbt: ,"chapter-key=tinkers_deferred; icon=""minecraft:lava_bucket""",,,removed,removed unreleased absent-mod tutorial definition,No installed item or active progression depends on this definition.
chapter,34DE56B26240E40B,welcome.snbt: ,"chapter-key=welcome; icon=""minecraft:writable_book""",welcome.snbt: WHERE THE FUCK DO I START?,"chapter-key=welcome; icon=""minecraft:writable_book""",unchanged,preserved baseline definition,
chapter,36119855CD15B1E0,create_basics.snbt: ,"chapter-key=create_basics; icon=""create:large_cogwheel""",create_basics.snbt: Create Without Having a Brain Aneurysm,"chapter-key=create_basics; icon=""create:large_cogwheel""",unchanged,preserved baseline definition,
chapter,3AADFB5A564F217F,archaeology.snbt: ,"chapter-key=archaeology; icon=""betterarcheology:archeology_table""","archaeology.snbt: Fossils, Archaeology and Dinosaurs","chapter-key=archaeology; icon=""betterarcheology:archeology_table""",unchanged,preserved baseline definition,
chapter,5EBE63337CA92B96,first_days.snbt: ,"chapter-key=first_days; icon=""minecraft:campfire""",first_days.snbt: Surviving the First Night,"chapter-key=first_days; icon=""minecraft:campfire""",unchanged,preserved baseline definition,
chapter,69DA49AB86E5AA58,endgame.snbt: ,"chapter-key=endgame; icon=""minecraft:dragon_egg""",endgame.snbt: Dangerous Shit and Endgame,"chapter-key=endgame; icon=""minecraft:dragon_egg""",unchanged,preserved baseline definition,
chapter,7D7B970A3302D699,homestead.snbt: ,"chapter-key=homestead; icon=""farmersdelight:cooking_pot""",homestead.snbt: Food That Isn't Raw Chicken,"chapter-key=homestead; icon=""farmersdelight:cooking_pot""",unchanged,preserved baseline definition,
quest,000927068CCE0DB0,"homestead.snbt:  / Seasons, Soil and Surplus","title=Seasons, Soil and Surplus; tasks=1289BA180AF135E6; rewards=28805F6B7FEECC1A","homestead.snbt: Food That Isn't Raw Chicken / Seasons, Soil and Surplus","title=Seasons, Soil and Surplus; tasks=1289BA180AF135E6; rewards=28805F6B7FEECC1A",unchanged,preserved baseline definition,
quest,03AC335757DE4153,archaeology.snbt:  / Brush Carefully,title=Brush Carefully; tasks=3B8A17619C1356C9; rewards=006FF1F29BD7B1AA,"archaeology.snbt: Fossils, Archaeology and Dinosaurs / Brush Carefully",title=Brush Carefully; tasks=3B8A17619C1356C9; rewards=006FF1F29BD7B1AA,unchanged,preserved baseline definition,
quest,044BBAC4BEC5CA7F,welcome.snbt:  / Your First Backpack,title=Your First Backpack; tasks=44458A420CA44D2C; rewards=6364292EA86DCB9E,welcome.snbt: WHERE THE FUCK DO I START? / Your First Backpack,title=Your First Backpack; tasks=44458A420CA44D2C; rewards=6364292EA86DCB9E,unchanged,preserved baseline definition,
quest,069DD3EFDF3EF83F,,,create_basics.snbt: Create Without Having a Brain Aneurysm / Create Food Addons: Kitchen to Factory,title=Create Food Addons: Kitchen to Factory; tasks=6CD534112A16F2A1; rewards=4F8E7ADAA685C0A5,new,assigned a new deterministic stable ID,Does not inherit baseline completion or claim state.
quest,0868E133B828D769,create_basics.snbt:  / Saws Cut; Drills Break,title=Saws Cut; Drills Break; tasks=17349F6E066CE7C1; rewards=5DEDE9267D0B9C07,create_basics.snbt: Create Without Having a Brain Aneurysm / Saws Cut; Drills Break,title=Saws Cut; Drills Break; tasks=17349F6E066CE7C1; rewards=5DEDE9267D0B9C07,unchanged,preserved baseline definition,
quest,08B4FE3DADF6D411,new_horizons.snbt:  / A Structure Is a Signal,title=A Structure Is a Signal; tasks=7427F5993060FEC5; rewards=146CD2EE6C640B2C,new_horizons.snbt: Exploration Without Getting Completely Lost / A Structure Is a Signal,title=A Structure Is a Signal; tasks=7427F5993060FEC5; rewards=146CD2EE6C640B2C,unchanged,preserved baseline definition,
quest,09CB7E54442B5B87,create_basics.snbt:  / Lesson 3: Wrench and Goggles,"title=Lesson 3: Wrench and Goggles; tasks=222410049ACA8FAF,6798439DB9292C20; rewards=05CC913346FB21AB",create_basics.snbt: Create Without Having a Brain Aneurysm / Lesson 3: Wrench and Goggles,"title=Lesson 3: Wrench and Goggles; tasks=222410049ACA8FAF,6798439DB9292C20; rewards=05CC913346FB21AB",unchanged,preserved baseline definition,
quest,0AD1A0CD97148618,"travel_storage.snbt:  / Packages, Stock Links and Stock Tickers","title=Packages, Stock Links and Stock Tickers; tasks=41B9B2BDD5D57741; rewards=0B92E63ACEEC89A2","travel_storage.snbt: Stop Living Out of 46 Chests / Packages, Stock Links and Stock Tickers","title=Packages, Stock Links and Stock Tickers; tasks=41B9B2BDD5D57741; rewards=0B92E63ACEEC89A2",unchanged,preserved baseline definition,
quest,0D4B75EF5618911F,homestead.snbt:  / Create: Central Kitchen,title=Create: Central Kitchen; tasks=2F1D773CED8DB3EB; rewards=372E60A287419E8A,homestead.snbt: Food That Isn't Raw Chicken / Create: Central Kitchen,title=Create: Central Kitchen; tasks=2F1D773CED8DB3EB; rewards=372E60A287419E8A,unchanged,preserved baseline definition,
quest,0D9196F06BAA6EB5,"create_basics.snbt:  / Lesson 5: Shafts, Cogs and Gearboxes","title=Lesson 5: Shafts, Cogs and Gearboxes; tasks=0C7C3B7F89B42211,40454898A130D0BC,6C05A6E001DCAC51,7D71B3A14C62C70A; rewards=45515EE63CB0376B","create_basics.snbt: Create Without Having a Brain Aneurysm / Lesson 5: Shafts, Cogs and Gearboxes","title=Lesson 5: Shafts, Cogs and Gearboxes; tasks=0C7C3B7F89B42211,40454898A130D0BC,6C05A6E001DCAC51,7D71B3A14C62C70A; rewards=45515EE63CB0376B",unchanged,preserved baseline definition,
quest,11A22EDB82B37413,"welcome.snbt:  / One Team, Shared Progress","title=One Team, Shared Progress; tasks=22A7B10105B17F00; rewards=7C1F0DED1A8C6D57","welcome.snbt: WHERE THE FUCK DO I START? / One Team, Shared Progress","title=One Team, Shared Progress; tasks=22A7B10105B17F00; rewards=7C1F0DED1A8C6D57",unchanged,preserved baseline definition,
quest,133E40031AC9FB97,new_horizons.snbt:  / Emergency Return Options,"title=Emergency Return Options; tasks=3518C9697533920E,642A91B660A9EE41; rewards=37FC1962BA591161",new_horizons.snbt: Exploration Without Getting Completely Lost / Emergency Return Options,"title=Emergency Return Options; tasks=3518C9697533920E,642A91B660A9EE41; rewards=37FC1962BA591161",unchanged,preserved baseline definition,
quest,13E186E1D8309D38,"endgame.snbt:  / Build Nether Roads, Not Breadcrumbs","title=Build Nether Roads, Not Breadcrumbs; tasks=2D0D18002CE09301; rewards=62F89EB794F9FCB8","endgame.snbt: Dangerous Shit and Endgame / Build Nether Roads, Not Breadcrumbs","title=Build Nether Roads, Not Breadcrumbs; tasks=2D0D18002CE09301; rewards=62F89EB794F9FCB8",unchanged,preserved baseline definition,
quest,145EE14BCE66ADC0,travel_storage.snbt:  / Store Bulk Materials in Drawers,title=Store Bulk Materials in Drawers; tasks=4C32625B8C64A2EB; rewards=54C6FFDFD877FA80,travel_storage.snbt: Stop Living Out of 46 Chests / Store Bulk Materials in Drawers,title=Store Bulk Materials in Drawers; tasks=4C32625B8C64A2EB; rewards=54C6FFDFD877FA80,unchanged,preserved baseline definition,
quest,14EC247DD954A406,new_horizons.snbt:  / Pack for the Unknown,title=Pack for the Unknown; tasks=65FC87B118651835; rewards=35AC61048A924FE3,new_horizons.snbt: Exploration Without Getting Completely Lost / Pack for the Unknown,title=Pack for the Unknown; tasks=65FC87B118651835; rewards=35AC61048A924FE3,unchanged,preserved baseline definition,
quest,1725341D3243AFDD,homestead.snbt:  / A Cook's First Tool,"title=A Cook's First Tool; tasks=47F0A1934DFD4C40; rewards=3A27AE16432C0F16,605DC9041C4FCD99",homestead.snbt: Food That Isn't Raw Chicken / A Cook's First Tool,"title=A Cook's First Tool; tasks=47F0A1934DFD4C40; rewards=3A27AE16432C0F16,605DC9041C4FCD99",unchanged,restored baseline reward definitions and IDs,No existing reward ID changes item/XP meaning.
quest,1885CF9658AB663D,welcome.snbt:  / Foreword: A World of Many Ages,title=Foreword: A World of Many Ages; tasks=17524EEC960B5C5A; rewards=70EA4736B4DFA356,welcome.snbt: WHERE THE FUCK DO I START? / Foreword: A World of Many Ages,title=Foreword: A World of Many Ages; tasks=17524EEC960B5C5A; rewards=70EA4736B4DFA356,unchanged,restored baseline objective; placed as optional compatibility quest,The unrelated Create lesson now has a new quest/task/reward ID set.
quest,18C0AF7F5C17CAB7,welcome.snbt:  / How to Read the Field Guide,title=How to Read the Field Guide; tasks=5D7F3480331AF688; rewards=6591CA00ED66CA94,welcome.snbt: WHERE THE FUCK DO I START? / How to Read the Field Guide,title=How to Read the Field Guide; tasks=5D7F3480331AF688; rewards=6591CA00ED66CA94,unchanged,preserved baseline definition,
quest,196B3D194E777B25,"archaeology.snbt:  / Bounties, Artifacts and Relics","title=Bounties, Artifacts and Relics; tasks=49D0FCF793614F17; rewards=78C26799682F071C","archaeology.snbt: Fossils, Archaeology and Dinosaurs / Bounties, Artifacts and Relics","title=Bounties, Artifacts and Relics; tasks=49D0FCF793614F17; rewards=78C26799682F071C",unchanged,preserved baseline definition,
quest,1A354ABA1BE5171F,create_basics.snbt:  / Practical: Your First Production Line,"title=Practical: Your First Production Line; tasks=6A1726FE2716F17A; rewards=00A1BC229E245A15,45F7E7E2ECDE872C",create_basics.snbt: Create Without Having a Brain Aneurysm / Practical: Your First Production Line,"title=Practical: Your First Production Line; tasks=6A1726FE2716F17A; rewards=00A1BC229E245A15,45F7E7E2ECDE872C",unchanged,restored baseline reward definitions and IDs,No existing reward ID changes item/XP meaning.
quest,1AC77EEB81F556DC,create_basics.snbt:  / Lesson 2: Andesite Alloy,title=Lesson 2: Andesite Alloy; tasks=1A99AD36FC72DC2C; rewards=3F5C240C69E9A29A,create_basics.snbt: Create Without Having a Brain Aneurysm / Lesson 2: Andesite Alloy,title=Lesson 2: Andesite Alloy; tasks=1A99AD36FC72DC2C; rewards=3F5C240C69E9A29A,unchanged,preserved baseline definition,
quest,1C6ED7E70D63D294,vehicles.snbt:  / Travel Lab: Commission a Small Ship,title=Travel Lab: Commission a Small Ship; tasks=7699061D84DA8060; rewards=59D47D9656C4BC66,vehicles.snbt: Vehicles and Transport / Travel Lab: Commission a Small Ship,title=Travel Lab: Commission a Small Ship; tasks=7699061D84DA8060; rewards=59D47D9656C4BC66,unchanged,preserved baseline definition,
quest,1CA7ED993BDE8D70,new_horizons.snbt:  / Observe Wildlife,"title=Observe Wildlife; tasks=38EB569022867E3C,5BF4AE43FBA88EAE; rewards=241E2AAB85650BA3",new_horizons.snbt: Exploration Without Getting Completely Lost / Observe Wildlife,"title=Observe Wildlife; tasks=38EB569022867E3C,5BF4AE43FBA88EAE; rewards=241E2AAB85650BA3",unchanged,preserved baseline definition,
quest,1E4FFC70B08D7689,first_days.snbt:  / Leave Yourself Clues,title=Leave Yourself Clues; tasks=41CA705364E827C6; rewards=7D96755589912CE6,first_days.snbt: Surviving the First Night / Leave Yourself Clues,title=Leave Yourself Clues; tasks=41CA705364E827C6; rewards=7D96755589912CE6,unchanged,restored baseline reward definitions and IDs,No existing reward ID changes item/XP meaning.
quest,1F2F7FDA97C0DC94,create_basics.snbt:  / Crushing Wheels: Make Them Face Each Other,title=Crushing Wheels: Make Them Face Each Other; tasks=02E9581D7974EAE9; rewards=60467A9D309284B5,create_basics.snbt: Create Without Having a Brain Aneurysm / Crushing Wheels: Make Them Face Each Other,title=Crushing Wheels: Make Them Face Each Other; tasks=02E9581D7974EAE9; rewards=60467A9D309284B5,unchanged,preserved baseline definition,
quest,213BA8647E82F355,first_days.snbt:  / Block Families with Rechiseled,title=Block Families with Rechiseled; tasks=409E50188687DAAF; rewards=7A1915EA1A384ED0,first_days.snbt: Surviving the First Night / Block Families with Rechiseled,title=Block Families with Rechiseled; tasks=409E50188687DAAF; rewards=7A1915EA1A384ED0,unchanged,preserved baseline definition,
quest,2250D40C885B51F2,create_basics.snbt:  / Lesson 4: Generate Rotation,title=Lesson 4: Generate Rotation; tasks=650E38A78D40120E; rewards=3EDCC96D8169F6DD,create_basics.snbt: Create Without Having a Brain Aneurysm / Lesson 4: Generate Rotation,title=Lesson 4: Generate Rotation; tasks=650E38A78D40120E; rewards=3EDCC96D8169F6DD,unchanged,preserved baseline definition,
quest,22B69CA315389C48,homestead.snbt:  / The Covenant of the Hearth,title=The Covenant of the Hearth; tasks=796E0D069F7BE72A; rewards=411AEF2488ADE8A5,homestead.snbt: Food That Isn't Raw Chicken / The Covenant of the Hearth,title=The Covenant of the Hearth; tasks=796E0D069F7BE72A; rewards=411AEF2488ADE8A5,unchanged,restored baseline objective; placed as optional compatibility quest,The unrelated Create lesson now has a new quest/task/reward ID set.
quest,22F6D8A7A571B2DF,vehicles.snbt:  / A Proper Expedition Ship,"title=A Proper Expedition Ship; tasks=14CBE4C438A83F50,5EADE09C196EA20A; rewards=7253FC5D69D7838C,727923D80AE9BE2C",vehicles.snbt: Vehicles and Transport / A Proper Expedition Ship,"title=A Proper Expedition Ship; tasks=14CBE4C438A83F50,5EADE09C196EA20A; rewards=7253FC5D69D7838C,727923D80AE9BE2C",unchanged,restored baseline reward definitions and IDs,No existing reward ID changes item/XP meaning.
quest,23BD29330147D352,vehicles.snbt:  / Animal and Farm Carts,title=Animal and Farm Carts; tasks=5ECC74BA16F1C3F0; rewards=4C3950821098CB58,vehicles.snbt: Vehicles and Transport / Animal and Farm Carts,title=Animal and Farm Carts; tasks=5ECC74BA16F1C3F0; rewards=4C3950821098CB58,unchanged,preserved baseline definition,
quest,25F3FCF01504F899,archaeology.snbt:  / That Chest Has Teeth,title=That Chest Has Teeth; tasks=53580B6234D0A4B7; rewards=468EA2799FA69A54,"archaeology.snbt: Fossils, Archaeology and Dinosaurs / That Chest Has Teeth",title=That Chest Has Teeth; tasks=53580B6234D0A4B7; rewards=468EA2799FA69A54,unchanged,preserved baseline definition,
quest,2839A2A2D207C7DB,endgame.snbt:  / Find an Elytra,title=Find an Elytra; tasks=623A334293AD10FB; rewards=040736790AA43BC3,endgame.snbt: Dangerous Shit and Endgame / Find an Elytra,title=Find an Elytra; tasks=623A334293AD10FB; rewards=040736790AA43BC3,unchanged,preserved baseline definition,
quest,28ED3EBB122D102D,travel_storage.snbt:  / Backpack Lab: Filters Before Automation,title=Backpack Lab: Filters Before Automation; tasks=6BD656932F8E3284; rewards=07A890245D4B8ADA,travel_storage.snbt: Stop Living Out of 46 Chests / Backpack Lab: Filters Before Automation,title=Backpack Lab: Filters Before Automation; tasks=6BD656932F8E3284; rewards=07A890245D4B8ADA,unchanged,preserved baseline definition,
quest,2990526585709C54,,,create_basics.snbt: Create Without Having a Brain Aneurysm / Power Beyond the First Water Wheel,title=Power Beyond the First Water Wheel; tasks=11ED8A66BEDD2038; rewards=2F306E70149D5856,new,assigned a new deterministic stable ID,Does not inherit baseline completion or claim state.
quest,2993B4E786D1E3C6,"travel_storage.snbt:  / Upgrade, Don't Replace","title=Upgrade, Don't Replace; tasks=2A8E1A17D88A771B; rewards=3AA7440CD0255E73","travel_storage.snbt: Stop Living Out of 46 Chests / Upgrade, Don't Replace","title=Upgrade, Don't Replace; tasks=2A8E1A17D88A771B; rewards=3AA7440CD0255E73",unchanged,preserved baseline definition,
quest,2A603B486882AE2E,endgame.snbt:  / Enter the End,title=Enter the End; tasks=2EBC056D250C96B3; rewards=6607DA61521B3F88,endgame.snbt: Dangerous Shit and Endgame / Enter the End,title=Enter the End; tasks=2EBC056D250C96B3; rewards=6607DA61521B3F88,unchanged,preserved baseline definition,
quest,2AD044CDEA61410E,homestead.snbt:  / Cooking Pot Meals,"title=Cooking Pot Meals; tasks=24D611C6EE7DB056,2AD404763FEDCE70; rewards=125D3B7349E7C9EC,3445D7161409CCDF",homestead.snbt: Food That Isn't Raw Chicken / Cooking Pot Meals,"title=Cooking Pot Meals; tasks=24D611C6EE7DB056,2AD404763FEDCE70; rewards=125D3B7349E7C9EC,3445D7161409CCDF",unchanged,restored baseline reward definitions and IDs,No existing reward ID changes item/XP meaning.
quest,2C1F26BCE19B7C54,first_days.snbt:  / Timber!,title=Timber!; tasks=254D7A37888A8423; rewards=30E8B9F6D76FF991,first_days.snbt: Surviving the First Night / Timber!,title=Timber!; tasks=254D7A37888A8423; rewards=30E8B9F6D76FF991,unchanged,preserved baseline definition,
quest,2D0F242D77ABDD04,travel_storage.snbt:  / Storage Lab: The Tom's Network Core,title=Storage Lab: The Tom's Network Core; tasks=4157BB8B75D1CDA9; rewards=2E5E90101E4A127F,travel_storage.snbt: Stop Living Out of 46 Chests / Storage Lab: The Tom's Network Core,title=Storage Lab: The Tom's Network Core; tasks=4157BB8B75D1CDA9; rewards=2E5E90101E4A127F,unchanged,preserved baseline definition,
quest,2D3D21E8896371A7,endgame.snbt:  / Assemble the Portal Team,title=Assemble the Portal Team; tasks=63F01DA15A4EFEEC; rewards=58D54176014BD212,endgame.snbt: Dangerous Shit and Endgame / Assemble the Portal Team,title=Assemble the Portal Team; tasks=63F01DA15A4EFEEC; rewards=58D54176014BD212,unchanged,preserved baseline definition,
quest,2E34979BCE044BF5,welcome.snbt:  / Death Is Recoverable,title=Death Is Recoverable; tasks=64C51E8DA72CE377; rewards=0FE7EE9D493A0A1D,welcome.snbt: WHERE THE FUCK DO I START? / Death Is Recoverable,title=Death Is Recoverable; tasks=64C51E8DA72CE377; rewards=0FE7EE9D493A0A1D,unchanged,restored baseline reward definitions and IDs,No existing reward ID changes item/XP meaning.
quest,2ECFF275EF74DA42,archaeology.snbt:  / Tools of the Trade,"title=Tools of the Trade; tasks=15682F96681F57EE,28EB9A8A8E61D685; rewards=7DFD288AF118FAF2","archaeology.snbt: Fossils, Archaeology and Dinosaurs / Tools of the Trade","title=Tools of the Trade; tasks=15682F96681F57EE,28EB9A8A8E61D685; rewards=7DFD288AF118FAF2",unchanged,preserved baseline definition,
quest,2FF22EE22B1363FC,endgame.snbt:  / Explore Incendium's Nether,"title=Explore Incendium's Nether; tasks=5F10A1A93561FE10,6818F771A5823E03; rewards=6266E2D57256D3EF",endgame.snbt: Dangerous Shit and Endgame / Explore Incendium's Nether,"title=Explore Incendium's Nether; tasks=5F10A1A93561FE10,6818F771A5823E03; rewards=6266E2D57256D3EF",unchanged,preserved baseline definition,
quest,3119C51ADD982ABF,create_basics.snbt:  / Lesson 9: Process with Air,title=Lesson 9: Process with Air; tasks=34A6C0D785309E7A; rewards=230DDB35317506A1,create_basics.snbt: Create Without Having a Brain Aneurysm / Lesson 9: Process with Air,title=Lesson 9: Process with Air; tasks=34A6C0D785309E7A; rewards=230DDB35317506A1,unchanged,preserved baseline definition,
quest,31CF2E051B43098D,welcome.snbt:  / A Shared Waystone Network,"title=A Shared Waystone Network; tasks=5E4A606C24D28BB9; rewards=05902C78CA9A4EB5,47FC1A96C03DDB68",welcome.snbt: WHERE THE FUCK DO I START? / A Shared Waystone Network,"title=A Shared Waystone Network; tasks=5E4A606C24D28BB9; rewards=05902C78CA9A4EB5,47FC1A96C03DDB68",unchanged,restored baseline reward definitions and IDs,No existing reward ID changes item/XP meaning.
quest,341C28816B831FA9,first_days.snbt:  / Build for a Healthy World,title=Build for a Healthy World; tasks=007F1F07EEC904B0; rewards=00DF54A82EE4F4EC,first_days.snbt: Surviving the First Night / Build for a Healthy World,title=Build for a Healthy World; tasks=007F1F07EEC904B0; rewards=00DF54A82EE4F4EC,unchanged,preserved baseline definition,
quest,34B44EE7DDB53F36,welcome.snbt:  / Map Before You Roam,"title=Map Before You Roam; tasks=317E19FB4C0F40DF; rewards=07F0F0A53473CA15,2297FDCA42E6B81D",welcome.snbt: WHERE THE FUCK DO I START? / Map Before You Roam,"title=Map Before You Roam; tasks=317E19FB4C0F40DF; rewards=07F0F0A53473CA15,2297FDCA42E6B81D",unchanged,restored baseline reward definitions and IDs,No existing reward ID changes item/XP meaning.
quest,34B78045A3F1DA78,travel_storage.snbt:  / Make the Pack Work for You,"title=Make the Pack Work for You; tasks=1E8B61323904884D,71B7E389A6999EEF; rewards=1601830DF64AEA40",travel_storage.snbt: Stop Living Out of 46 Chests / Make the Pack Work for You,"title=Make the Pack Work for You; tasks=1E8B61323904884D,71B7E389A6999EEF; rewards=1601830DF64AEA40",unchanged,preserved baseline definition,
quest,3522AB4192F75013,welcome.snbt:  / Orientation Complete,"title=Orientation Complete; tasks=4B76B7B57AE8375E; rewards=5F90D88A9406C845,75014A4595233E47",welcome.snbt: WHERE THE FUCK DO I START? / Orientation Complete,"title=Orientation Complete; tasks=4B76B7B57AE8375E; rewards=5F90D88A9406C845,75014A4595233E47",unchanged,restored baseline reward definitions and IDs,No existing reward ID changes item/XP meaning.
quest,36D9A2651A27AA32,homestead.snbt:  / Feed the Whole Team,"title=Feed the Whole Team; tasks=147A9A243565AB0C,2C7CC22B7AC49A48,2E616777FC8C236E; rewards=1A574818F78E0CE7,6F57BAD901B52DB3",homestead.snbt: Food That Isn't Raw Chicken / Feed the Whole Team,"title=Feed the Whole Team; tasks=147A9A243565AB0C,2C7CC22B7AC49A48,2E616777FC8C236E; rewards=1A574818F78E0CE7,6F57BAD901B52DB3",unchanged,restored baseline reward definitions and IDs,No existing reward ID changes item/XP meaning.
quest,381BFADC40CC9BDC,welcome.snbt:  / JEI: Your Recipe Dictionary,title=JEI: Your Recipe Dictionary; tasks=66437E27A9D70BAC; rewards=4DE250BFE0400D48,welcome.snbt: WHERE THE FUCK DO I START? / JEI: Your Recipe Dictionary,title=JEI: Your Recipe Dictionary; tasks=66437E27A9D70BAC; rewards=4DE250BFE0400D48,unchanged,preserved baseline definition,
quest,3A45B4D48F3CEBD6,endgame.snbt:  / Survey the Outer End,title=Survey the Outer End; tasks=18B1BEA343175CF4; rewards=5B3F77AD97A73040,endgame.snbt: Dangerous Shit and Endgame / Survey the Outer End,title=Survey the Outer End; tasks=18B1BEA343175CF4; rewards=5B3F77AD97A73040,unchanged,preserved baseline definition,
quest,3A8709849D637D3D,new_horizons.snbt:  / The Boss Threshold,title=The Boss Threshold; tasks=006D587BD4716C8D; rewards=777D8553A2548A6D,new_horizons.snbt: Exploration Without Getting Completely Lost / The Boss Threshold,title=The Boss Threshold; tasks=006D587BD4716C8D; rewards=777D8553A2548A6D,unchanged,preserved baseline definition,
quest,3BC686C3FBF1D35F,first_days.snbt:  / Stone and Steel,"title=Stone and Steel; tasks=3D2875EB692C9AC9,70EA9C758EA3F358; rewards=1E200504031E8CED",first_days.snbt: Surviving the First Night / Stone and Steel,"title=Stone and Steel; tasks=3D2875EB692C9AC9,70EA9C758EA3F358; rewards=1E200504031E8CED",unchanged,preserved baseline definition,
quest,3C8A246AFBC5BCB3,create_basics.snbt:  / Enter the Brass Age,title=Enter the Brass Age; tasks=137DD683C9AA06F9; rewards=46AF62DA56D1E971,create_basics.snbt: Create Without Having a Brain Aneurysm / Enter the Brass Age,title=Enter the Brass Age; tasks=137DD683C9AA06F9; rewards=46AF62DA56D1E971,unchanged,preserved baseline definition,
quest,3C9A949E21E73BD7,homestead.snbt:  / Build a Working Kitchen,"title=Build a Working Kitchen; tasks=1DCBB1714E94679E,2D4B1B9F444EE8E5,3ACF9FFF1731AB54; rewards=270181D652D7CF81",homestead.snbt: Food That Isn't Raw Chicken / Build a Working Kitchen,"title=Build a Working Kitchen; tasks=1DCBB1714E94679E,2D4B1B9F444EE8E5,3ACF9FFF1731AB54; rewards=270181D652D7CF81",unchanged,preserved baseline definition,
quest,3CFD689EF13FCBC8,endgame.snbt:  / Recover a Nether Eye,title=Recover a Nether Eye; tasks=6B6EA1788E72053C; rewards=6A0A8E31365E8F96,endgame.snbt: Dangerous Shit and Endgame / Recover a Nether Eye,title=Recover a Nether Eye; tasks=6B6EA1788E72053C; rewards=6A0A8E31365E8F96,unchanged,preserved baseline definition,
quest,3E3DCA918BEC88E7,vehicles.snbt:  / Create Trains Are Shared Infrastructure,title=Create Trains Are Shared Infrastructure; tasks=1CF94F75F207CE46; rewards=1558C75F413774E0,vehicles.snbt: Vehicles and Transport / Create Trains Are Shared Infrastructure,title=Create Trains Are Shared Infrastructure; tasks=1CF94F75F207CE46; rewards=1558C75F413774E0,unchanged,preserved baseline definition,
quest,3F4DB5EEDFFAC808,endgame.snbt:  / An End Outpost for Everyone,"title=An End Outpost for Everyone; tasks=0A021E46A7BD9372; rewards=0FEF2AE7BAAEBFE9,4EB68D63AE8A3A25",endgame.snbt: Dangerous Shit and Endgame / An End Outpost for Everyone,"title=An End Outpost for Everyone; tasks=0A021E46A7BD9372; rewards=0FEF2AE7BAAEBFE9,4EB68D63AE8A3A25",unchanged,restored baseline reward definitions and IDs,No existing reward ID changes item/XP meaning.
quest,40B5E1218A0226CD,create_basics.snbt:  / Lay the Railway,"title=Lay the Railway; tasks=5A7D860E821070EE,6C5ED55D77AC28F4; rewards=3859E67E589A2420",create_basics.snbt: Create Without Having a Brain Aneurysm / Lay the Railway,"title=Lay the Railway; tasks=5A7D860E821070EE,6C5ED55D77AC28F4; rewards=3859E67E589A2420",unchanged,preserved baseline definition,
quest,4130E2674DF6828B,travel_storage.snbt:  / Storage Lab: Drawers Behind the Terminal,title=Storage Lab: Drawers Behind the Terminal; tasks=10FF307CFB9B5DBC; rewards=454DAD58DEEB41D5,travel_storage.snbt: Stop Living Out of 46 Chests / Storage Lab: Drawers Behind the Terminal,title=Storage Lab: Drawers Behind the Terminal; tasks=10FF307CFB9B5DBC; rewards=454DAD58DEEB41D5,unchanged,preserved baseline definition,
quest,4164748FA85EDE6A,create_basics.snbt:  / Lesson 8: The Mechanical Press,"title=Lesson 8: The Mechanical Press; tasks=088C158B9E91064B,54AB98B49F53BB51; rewards=055CD88017A9CF7D",create_basics.snbt: Create Without Having a Brain Aneurysm / Lesson 8: The Mechanical Press,"title=Lesson 8: The Mechanical Press; tasks=088C158B9E91064B,54AB98B49F53BB51; rewards=055CD88017A9CF7D",unchanged,preserved baseline definition,
quest,4181D1295E6AA537,endgame.snbt:  / Free the End,title=Free the End; tasks=7821855E24A6F2B3; rewards=70A038357E9E0322,endgame.snbt: Dangerous Shit and Endgame / Free the End,title=Free the End; tasks=7821855E24A6F2B3; rewards=70A038357E9E0322,unchanged,preserved baseline definition,
quest,41EBD1EB56456B34,new_horizons.snbt:  / Use Nature's Compass,"title=Use Nature's Compass; tasks=0869ACEE00E15B2A,110D66F965153B85; rewards=116EC4D37A11B141",new_horizons.snbt: Exploration Without Getting Completely Lost / Use Nature's Compass,"title=Use Nature's Compass; tasks=0869ACEE00E15B2A,110D66F965153B85; rewards=116EC4D37A11B141",unchanged,preserved baseline definition,
quest,4201CE5BFBBC062D,create_basics.snbt:  / Lesson 1: Ponder Before Building,"title=Lesson 1: Ponder Before Building; tasks=791BDDF8D51F2707; rewards=73EE0892EA05E606,74C16A1F83544972",create_basics.snbt: Create Without Having a Brain Aneurysm / Lesson 1: Ponder Before Building,"title=Lesson 1: Ponder Before Building; tasks=791BDDF8D51F2707; rewards=73EE0892EA05E606,74C16A1F83544972",unchanged,restored baseline reward definitions and IDs,No existing reward ID changes item/XP meaning.
quest,44731C0D67C0988E,new_horizons.snbt:  / Bring Home New Colour,"title=Bring Home New Colour; tasks=45588D21DBBDBA52,4AAF1FA8459213D6; rewards=0E9D49FC1B89EDF4",new_horizons.snbt: Exploration Without Getting Completely Lost / Bring Home New Colour,"title=Bring Home New Colour; tasks=45588D21DBBDBA52,4AAF1FA8459213D6; rewards=0E9D49FC1B89EDF4",unchanged,preserved baseline definition,
quest,449599EDF06A1DB9,create_basics.snbt:  / Lesson 10: Mixing in a Basin,"title=Lesson 10: Mixing in a Basin; tasks=50C885E554954002,58E70A176F74A8DA; rewards=7C9162FF51A4A764",create_basics.snbt: Create Without Having a Brain Aneurysm / Lesson 10: Mixing in a Basin,"title=Lesson 10: Mixing in a Basin; tasks=50C885E554954002,58E70A176F74A8DA; rewards=7C9162FF51A4A764",unchanged,preserved baseline definition,
quest,46592A2E4AB8D605,vehicles.snbt:  / Take to the Water,title=Take to the Water; tasks=290E4B8E6B5C7CC6; rewards=1AB60B38F61E857B,vehicles.snbt: Vehicles and Transport / Take to the Water,title=Take to the Water; tasks=290E4B8E6B5C7CC6; rewards=1AB60B38F61E857B,unchanged,preserved baseline definition,
quest,46CFCE08506A17DA,"first_days.snbt:  / Small Details, Big Difference","title=Small Details, Big Difference; tasks=21B31A8CAFACD4C3,66E3B4BBD8E47238,79F8FE2D5F9D41CC; rewards=5773726D8C53DC72","first_days.snbt: Surviving the First Night / Small Details, Big Difference","title=Small Details, Big Difference; tasks=21B31A8CAFACD4C3,66E3B4BBD8E47238,79F8FE2D5F9D41CC; rewards=5773726D8C53DC72",unchanged,preserved baseline definition,
quest,46DC220D84558D7B,vehicles.snbt:  / Build an Expedition Aircraft,"title=Build an Expedition Aircraft; tasks=34A8CE7892C8AC35,612673C92938476B; rewards=43F028C16A038E76",vehicles.snbt: Vehicles and Transport / Build an Expedition Aircraft,"title=Build an Expedition Aircraft; tasks=34A8CE7892C8AC35,612673C92938476B; rewards=43F028C16A038E76",unchanged,preserved baseline definition,
quest,472E57FDA26EA8F4,first_days.snbt:  / A Portable Rest,title=A Portable Rest; tasks=691076856ED76FCC; rewards=1C18F0E4F746EEB2,first_days.snbt: Surviving the First Night / A Portable Rest,title=A Portable Rest; tasks=691076856ED76FCC; rewards=1C18F0E4F746EEB2,unchanged,preserved baseline definition,
quest,498034AF9E844D56,archaeology.snbt:  / The Bounty Board,"title=The Bounty Board; tasks=294CB2FD9D35ACB4,60C77244D430081D; rewards=2658D99CF6C2F72C","archaeology.snbt: Fossils, Archaeology and Dinosaurs / The Bounty Board","title=The Bounty Board; tasks=294CB2FD9D35ACB4,60C77244D430081D; rewards=2658D99CF6C2F72C",unchanged,preserved baseline definition,
quest,4B260074BFD1BB0C,welcome.snbt:  / Read the World with Jade,title=Read the World with Jade; tasks=5B799C1468EF0D26; rewards=178BBDE3403B8BA6,welcome.snbt: WHERE THE FUCK DO I START? / Read the World with Jade,title=Read the World with Jade; tasks=5B799C1468EF0D26; rewards=178BBDE3403B8BA6,unchanged,preserved baseline definition,
quest,4C84F99D2AF7535A,endgame.snbt:  / Discipline at the Edge of the End,title=Discipline at the Edge of the End; tasks=1377D7DD4BF58436; rewards=0BC7BAB4A3F5A0C4,endgame.snbt: Dangerous Shit and Endgame / Discipline at the Edge of the End,title=Discipline at the Edge of the End; tasks=1377D7DD4BF58436; rewards=0BC7BAB4A3F5A0C4,unchanged,preserved baseline definition,
quest,4CE08428A26650E2,homestead.snbt:  / Use the Cutting Board,"title=Use the Cutting Board; tasks=6B945BBD59C43CE9,7D3B9AC69CCA966E; rewards=0AA54A992B0085ED",homestead.snbt: Food That Isn't Raw Chicken / Use the Cutting Board,"title=Use the Cutting Board; tasks=6B945BBD59C43CE9,7D3B9AC69CCA966E; rewards=0AA54A992B0085ED",unchanged,preserved baseline definition,
quest,4DC3990D720C9351,homestead.snbt:  / Botany Pots and Botany Trees: Not Installed Yet,title=Botany Pots and Botany Trees: Not Installed Yet; tasks=075F58D77E954BC4; rewards=,,,removed,removed unreleased absent-mod tutorial definition,No installed item or active progression depends on this definition.
quest,4EAA9A43A9020901,create_basics.snbt:  / Diagnosing a Silent Machine,title=Diagnosing a Silent Machine; tasks=729D436B8DA20974; rewards=36C6E00E1A980E65,create_basics.snbt: Create Without Having a Brain Aneurysm / Diagnosing a Silent Machine,title=Diagnosing a Silent Machine; tasks=729D436B8DA20974; rewards=36C6E00E1A980E65,unchanged,preserved baseline definition,
quest,4EDB912AD92FF62F,endgame.snbt:  / Eyes from Across the World,"title=Eyes from Across the World; tasks=014608B0D5ACF862,4A17782EC6A28640,4D90E2EC3EB72C2D; rewards=331C4DB724A1D0F1",endgame.snbt: Dangerous Shit and Endgame / Eyes from Across the World,"title=Eyes from Across the World; tasks=014608B0D5ACF862,4A17782EC6A28640,4D90E2EC3EB72C2D; rewards=331C4DB724A1D0F1",unchanged,preserved baseline definition,
quest,4F7A5E294B48D343,new_horizons.snbt:  / Lootr and Shared Treasure,title=Lootr and Shared Treasure; tasks=3962D60C6566DF8C; rewards=47813EE7B3F57E67,new_horizons.snbt: Exploration Without Getting Completely Lost / Lootr and Shared Treasure,title=Lootr and Shared Treasure; tasks=3962D60C6566DF8C; rewards=47813EE7B3F57E67,unchanged,preserved baseline definition,
quest,519A57FD0FD737F9,"homestead.snbt:  / Catch, Don't Kill","title=Catch, Don't Kill; tasks=010E2610BE84EC11,581FA2C4614F7ACA; rewards=7B10147C4FAD9A48","homestead.snbt: Food That Isn't Raw Chicken / Catch, Don't Kill","title=Catch, Don't Kill; tasks=010E2610BE84EC11,581FA2C4614F7ACA; rewards=7B10147C4FAD9A48",unchanged,preserved baseline definition,
quest,51F9F47AB21426BA,endgame.snbt:  / Encounter Lab: Read a Mowzie Fight,title=Encounter Lab: Read a Mowzie Fight; tasks=0223B95DA836D44E; rewards=682A7B1845856581,endgame.snbt: Dangerous Shit and Endgame / Encounter Lab: Read a Mowzie Fight,title=Encounter Lab: Read a Mowzie Fight; tasks=0223B95DA836D44E; rewards=682A7B1845856581,unchanged,preserved baseline definition,
quest,53936E41E9A7CAF9,travel_storage.snbt:  / Create Item Vaults Are Machine Buffers,title=Create Item Vaults Are Machine Buffers; tasks=46443864ED095A2F; rewards=540C160A5697916E,travel_storage.snbt: Stop Living Out of 46 Chests / Create Item Vaults Are Machine Buffers,title=Create Item Vaults Are Machine Buffers; tasks=46443864ED095A2F; rewards=540C160A5697916E,unchanged,preserved baseline definition,
quest,53986E1D3385AA38,new_horizons.snbt:  / The Wild Concord,title=The Wild Concord; tasks=35277E58F3F8D340; rewards=7B7F524FCCFFC546,new_horizons.snbt: Exploration Without Getting Completely Lost / The Wild Concord,title=The Wild Concord; tasks=35277E58F3F8D340; rewards=7B7F524FCCFFC546,unchanged,preserved baseline definition,
quest,5466319B4BC86D8B,welcome.snbt:  / Create Ponder,title=Create Ponder; tasks=4BDB119AF817BDB1; rewards=3B3A9DE05861E89D,welcome.snbt: WHERE THE FUCK DO I START? / Create Ponder,title=Create Ponder; tasks=4BDB119AF817BDB1; rewards=3B3A9DE05861E89D,unchanged,preserved baseline definition,
quest,54C781F3CD01DB25,first_days.snbt:  / An Iron Foundation,"title=An Iron Foundation; tasks=1079D15D8ADC3FBE; rewards=204890B0227A96D9,3F73840E2B53CB49",first_days.snbt: Surviving the First Night / An Iron Foundation,"title=An Iron Foundation; tasks=1079D15D8ADC3FBE; rewards=204890B0227A96D9,3F73840E2B53CB49",unchanged,restored baseline reward definitions and IDs,No existing reward ID changes item/XP meaning.
quest,554A5FE4B4E51ACC,vehicles.snbt:  / Choose the Aircraft for the Journey,title=Choose the Aircraft for the Journey; tasks=65251610A210F516; rewards=107DDAA36BAA683D,vehicles.snbt: Vehicles and Transport / Choose the Aircraft for the Journey,title=Choose the Aircraft for the Journey; tasks=65251610A210F516; rewards=107DDAA36BAA683D,unchanged,preserved baseline definition,
quest,5630715FB28AA469,travel_storage.snbt:  / Craft from the Network,"title=Craft from the Network; tasks=18EBEF680F14DD05,1FDE6022A00018E2; rewards=2796CE68B287AC71",travel_storage.snbt: Stop Living Out of 46 Chests / Craft from the Network,"title=Craft from the Network; tasks=18EBEF680F14DD05,1FDE6022A00018E2; rewards=2796CE68B287AC71",unchanged,preserved baseline definition,
quest,576F3B9264ED1F4B,archaeology.snbt:  / Build a Museum,"title=Build a Museum; tasks=74895CDB1F3AE0E7; rewards=4FD028BE5BC39840,739D94F2E58EEE97","archaeology.snbt: Fossils, Archaeology and Dinosaurs / Build a Museum","title=Build a Museum; tasks=74895CDB1F3AE0E7; rewards=4FD028BE5BC39840,739D94F2E58EEE97",unchanged,restored baseline reward definitions and IDs,No existing reward ID changes item/XP meaning.
quest,579F2C00A9B13FE7,create_basics.snbt:  / Make Trains Useful,title=Make Trains Useful; tasks=57E697CE5318CC22; rewards=5CF81601A5619C32,create_basics.snbt: Create Without Having a Brain Aneurysm / Make Trains Useful,title=Make Trains Useful; tasks=57E697CE5318CC22; rewards=5CF81601A5619C32,unchanged,preserved baseline definition,
quest,5A53AAEC0E3B4B96,create_basics.snbt:  / Enchantment Industry: Liquid Experience,title=Enchantment Industry: Liquid Experience; tasks=60ECED289908D9A0; rewards=4F404B3AC8369ADE,create_basics.snbt: Create Without Having a Brain Aneurysm / Enchantment Industry: Liquid Experience,title=Enchantment Industry: Liquid Experience; tasks=60ECED289908D9A0; rewards=4F404B3AC8369ADE,unchanged,preserved baseline definition,
quest,5A57FC5CEB08D333,new_horizons.snbt:  / Take a Real Photograph,"title=Take a Real Photograph; tasks=48AECCE0F2DB5F37,6A75379C025E55CC; rewards=71BE6BED6206C799",new_horizons.snbt: Exploration Without Getting Completely Lost / Take a Real Photograph,"title=Take a Real Photograph; tasks=48AECCE0F2DB5F37,6A75379C025E55CC; rewards=71BE6BED6206C799",unchanged,preserved baseline definition,
quest,5FCB22913E016C22,new_horizons.snbt:  / The Roads of the Lost,title=The Roads of the Lost; tasks=390527F2DEF7DE05; rewards=495497C1AE538DD8,new_horizons.snbt: Exploration Without Getting Completely Lost / The Roads of the Lost,title=The Roads of the Lost; tasks=390527F2DEF7DE05; rewards=495497C1AE538DD8,unchanged,preserved baseline definition,
quest,60435D16835B3DCE,homestead.snbt:  / A Proper Kitchen Garden,"title=A Proper Kitchen Garden; tasks=168FCEE1978A12E2,2029308A45448B2D,30D3FE17EC2DE387,31D15A6B4B97D0F1; rewards=0BFB36BD71BF5934,26950E0D69255D49",homestead.snbt: Food That Isn't Raw Chicken / A Proper Kitchen Garden,"title=A Proper Kitchen Garden; tasks=168FCEE1978A12E2,2029308A45448B2D,30D3FE17EC2DE387,31D15A6B4B97D0F1; rewards=0BFB36BD71BF5934,26950E0D69255D49",unchanged,restored baseline reward definitions and IDs,No existing reward ID changes item/XP meaning.
quest,62E98CDAA6C60AB7,vehicles.snbt:  / Take to the Air,title=Take to the Air; tasks=2D844B1342790AFD; rewards=16235962ECF86E11,vehicles.snbt: Vehicles and Transport / Take to the Air,title=Take to the Air; tasks=2D844B1342790AFD; rewards=16235962ECF86E11,unchanged,preserved baseline definition,
quest,6352A5D038F9A58D,welcome.snbt:  / The Fellowship Rule,title=The Fellowship Rule; tasks=5A8C61EC7383ED46; rewards=7422FBD0D53C62F4,welcome.snbt: WHERE THE FUCK DO I START? / The Fellowship Rule,title=The Fellowship Rule; tasks=5A8C61EC7383ED46; rewards=7422FBD0D53C62F4,unchanged,preserved baseline definition,
quest,6416430518B427C3,"new_horizons.snbt:  / Curios, Artifacts and Relics","title=Curios, Artifacts and Relics; tasks=4ED938C90757C0A6; rewards=58EABC225CCE402A","new_horizons.snbt: Exploration Without Getting Completely Lost / Curios, Artifacts and Relics","title=Curios, Artifacts and Relics; tasks=4ED938C90757C0A6; rewards=58EABC225CCE402A",unchanged,preserved baseline definition,
quest,64AC9DE8013767BD,homestead.snbt:  / Find Tea in the Wild,"title=Find Tea in the Wild; tasks=1C8F0092FC395229,3C8A7D09F10BFCA6; rewards=193C72AC784F9CE7",homestead.snbt: Food That Isn't Raw Chicken / Find Tea in the Wild,"title=Find Tea in the Wild; tasks=1C8F0092FC395229,3C8A7D09F10BFCA6; rewards=193C72AC784F9CE7",unchanged,preserved baseline definition,
quest,653A5307BAFA7BE8,create_basics.snbt:  / Lesson 6: Speed Is Not Power,title=Lesson 6: Speed Is Not Power; tasks=6157AAE5CE25CC17; rewards=448A1E2A7DEAE33F,create_basics.snbt: Create Without Having a Brain Aneurysm / Lesson 6: Speed Is Not Power,title=Lesson 6: Speed Is Not Power; tasks=6157AAE5CE25CC17; rewards=448A1E2A7DEAE33F,unchanged,preserved baseline definition,
quest,668CB4B502BECE63,endgame.snbt:  / Memories with Weight,title=Memories with Weight; tasks=6BA25C659A02269D; rewards=0C610C18B8261550,endgame.snbt: Dangerous Shit and Endgame / Memories with Weight,title=Memories with Weight; tasks=6BA25C659A02269D; rewards=0C610C18B8261550,unchanged,preserved baseline definition,
quest,6740A213AA035F39,vehicles.snbt:  / Hand Carts and Supply Carts,title=Hand Carts and Supply Carts; tasks=16F7BBF563EC4D01; rewards=4EF9C6F2B3472C47,vehicles.snbt: Vehicles and Transport / Hand Carts and Supply Carts,title=Hand Carts and Supply Carts; tasks=16F7BBF563EC4D01; rewards=4EF9C6F2B3472C47,unchanged,preserved baseline definition,
quest,6851604085D9D68D,new_horizons.snbt:  / Find Biomes and Structures,"title=Find Biomes and Structures; tasks=430A05CAF1BE8772,7275225EBCC8844E; rewards=2EDB301AC6BB0863",new_horizons.snbt: Exploration Without Getting Completely Lost / Find Biomes and Structures,"title=Find Biomes and Structures; tasks=430A05CAF1BE8772,7275225EBCC8844E; rewards=2EDB301AC6BB0863",unchanged,preserved baseline definition,
quest,6A4A0BB2F9D111AB,first_days.snbt:  / From Spawn to Settlement,title=From Spawn to Settlement; tasks=092CAE14A995134A; rewards=00003AF571675F78,first_days.snbt: Surviving the First Night / From Spawn to Settlement,title=From Spawn to Settlement; tasks=092CAE14A995134A; rewards=00003AF571675F78,unchanged,preserved baseline definition,
quest,6C2795B621514EE3,create_basics.snbt:  / Mechanical Crafting,title=Mechanical Crafting; tasks=4C25881B98D5D80B; rewards=353E19785E462023,create_basics.snbt: Create Without Having a Brain Aneurysm / Mechanical Crafting,title=Mechanical Crafting; tasks=4C25881B98D5D80B; rewards=353E19785E462023,unchanged,preserved baseline definition,
quest,6D04014F7539F025,archaeology.snbt:  / Excavate Like an Archaeologist,title=Excavate Like an Archaeologist; tasks=181D2C1D0E4B2593; rewards=642AC26447FA82D2,"archaeology.snbt: Fossils, Archaeology and Dinosaurs / Excavate Like an Archaeologist",title=Excavate Like an Archaeologist; tasks=181D2C1D0E4B2593; rewards=642AC26447FA82D2,unchanged,preserved baseline definition,
quest,6D639F2689D82CE0,new_horizons.snbt:  / Warm-Climate Woods,"title=Warm-Climate Woods; tasks=18CC47BA4F06A668,36D1EDA54887B38B,63F6BE05E77A19A0; rewards=1242174AD2D1CA38",new_horizons.snbt: Exploration Without Getting Completely Lost / Warm-Climate Woods,"title=Warm-Climate Woods; tasks=18CC47BA4F06A668,36D1EDA54887B38B,63F6BE05E77A19A0; rewards=1242174AD2D1CA38",unchanged,preserved baseline definition,
quest,6DE3B73D0A1B5F00,tinkers_deferred.snbt:  / Old Configs Are Not a Mod,title=Old Configs Are Not a Mod; tasks=0F900AFADF6700AF; rewards=,,,removed,removed unreleased absent-mod tutorial definition,No installed item or active progression depends on this definition.
quest,6ECE72BD1001A433,archaeology.snbt:  / The Age of Roots,title=The Age of Roots; tasks=74E00EF158DD66C6; rewards=0C964C7182DF3498,"archaeology.snbt: Fossils, Archaeology and Dinosaurs / The Age of Roots",title=The Age of Roots; tasks=74E00EF158DD66C6; rewards=0C964C7182DF3498,unchanged,preserved baseline definition,
quest,702A4062FE9B512F,archaeology.snbt:  / Study the Past,"title=Study the Past; tasks=29A081BEE849C4D9,6B436A6D2C9958AD; rewards=10D9FDD7B022F14C","archaeology.snbt: Fossils, Archaeology and Dinosaurs / Study the Past","title=Study the Past; tasks=29A081BEE849C4D9,6B436A6D2C9958AD; rewards=10D9FDD7B022F14C",unchanged,preserved baseline definition,
quest,71BB70B3127ECE00,homestead.snbt:  / Begin with Vanilla Bees,"title=Begin with Vanilla Bees; tasks=56FFB4B056D7F721,5D5D201B8EEB7DE2,7B51EA6FC2264582; rewards=2118F4E2E4032CAB,3C9F71383134E8D9",homestead.snbt: Food That Isn't Raw Chicken / Begin with Vanilla Bees,"title=Begin with Vanilla Bees; tasks=56FFB4B056D7F721,5D5D201B8EEB7DE2,7B51EA6FC2264582; rewards=2118F4E2E4032CAB,3C9F71383134E8D9",unchanged,restored baseline reward definitions and IDs,No existing reward ID changes item/XP meaning.
quest,71CEDD5D336CCB38,create_basics.snbt:  / The Andesite Tinkerers,title=The Andesite Tinkerers; tasks=6D339E7853017809; rewards=2395F678DAE90D19,create_basics.snbt: Create Without Having a Brain Aneurysm / The Andesite Tinkerers,title=The Andesite Tinkerers; tasks=6D339E7853017809; rewards=2395F678DAE90D19,unchanged,preserved baseline definition,
quest,71F06FC804030460,first_days.snbt:  / Carry On,title=Carry On; tasks=7E0DC91776A82D60; rewards=7B29F9ED39F857C8,first_days.snbt: Surviving the First Night / Carry On,title=Carry On; tasks=7E0DC91776A82D60; rewards=7B29F9ED39F857C8,unchanged,preserved baseline definition,
quest,72BE3B6573EDF96E,"welcome.snbt:  / Mine Smarter, Not Recklessly","title=Mine Smarter, Not Recklessly; tasks=29F2EBE84A94D073; rewards=425287FC7E317656","welcome.snbt: WHERE THE FUCK DO I START? / Mine Smarter, Not Recklessly","title=Mine Smarter, Not Recklessly; tasks=29F2EBE84A94D073; rewards=425287FC7E317656",unchanged,preserved baseline definition,
quest,731E73362B4E623D,endgame.snbt:  / Win Before the Fight Starts,title=Win Before the Fight Starts; tasks=5F782CA78E548B0C; rewards=2CB50A6B20A9314D,endgame.snbt: Dangerous Shit and Endgame / Win Before the Fight Starts,title=Win Before the Fight Starts; tasks=5F782CA78E548B0C; rewards=2CB50A6B20A9314D,unchanged,preserved baseline definition,
quest,7471D65394B8D846,travel_storage.snbt:  / The Storage Ladder,title=The Storage Ladder; tasks=34EBCEBE016D958A; rewards=4535A80407ADF3BB,travel_storage.snbt: Stop Living Out of 46 Chests / The Storage Ladder,title=The Storage Ladder; tasks=34EBCEBE016D958A; rewards=4535A80407ADF3BB,unchanged,preserved baseline definition,
quest,74ACDA0161CB4F07,travel_storage.snbt:  / Centralise the Storeroom,"title=Centralise the Storeroom; tasks=189C8EF5ED3C0D8B,2B10360F6CEDF3A8; rewards=2F3B2D23DDD6E617",travel_storage.snbt: Stop Living Out of 46 Chests / Centralise the Storeroom,"title=Centralise the Storeroom; tasks=189C8EF5ED3C0D8B,2B10360F6CEDF3A8; rewards=2F3B2D23DDD6E617",unchanged,preserved baseline definition,
quest,7527B8F4C044703F,tinkers_deferred.snbt:  / Tinkers' Construct Is Not Installed,title=Tinkers' Construct Is Not Installed; tasks=0024C2CC9150D154; rewards=,,,removed,removed unreleased absent-mod tutorial definition,No installed item or active progression depends on this definition.
quest,76F0EC09B27BCF82,new_horizons.snbt:  / Cool-Climate Woods,"title=Cool-Climate Woods; tasks=1FE199CE8080723D,2EE20B55821B3302,2FD71835149CCED5; rewards=2AF223F17E5BDD27",new_horizons.snbt: Exploration Without Getting Completely Lost / Cool-Climate Woods,"title=Cool-Climate Woods; tasks=1FE199CE8080723D,2EE20B55821B3302,2FD71835149CCED5; rewards=2AF223F17E5BDD27",unchanged,preserved baseline definition,
quest,776257DFD6C8B0B7,archaeology.snbt:  / Research Relics,title=Research Relics; tasks=1D8772B91E258E13; rewards=042BA034D081086C,"archaeology.snbt: Fossils, Archaeology and Dinosaurs / Research Relics",title=Research Relics; tasks=1D8772B91E258E13; rewards=042BA034D081086C,unchanged,preserved baseline definition,
quest,7B0C1910CB444EA6,create_basics.snbt:  / Lesson 11: Move Items Deliberately,"title=Lesson 11: Move Items Deliberately; tasks=1222866D05B34536,35D3BE541B5A99EF,38AF9C556C7F3DBB,448ED9AFE6B6ACD8; rewards=0B872C549C99F6E2",create_basics.snbt: Create Without Having a Brain Aneurysm / Lesson 11: Move Items Deliberately,"title=Lesson 11: Move Items Deliberately; tasks=1222866D05B34536,35D3BE541B5A99EF,38AF9C556C7F3DBB,448ED9AFE6B6ACD8; rewards=0B872C549C99F6E2",unchanged,preserved baseline definition,
quest,7DA1925406767A08,"welcome.snbt:  / Welcome, Noobs (Affectionate)","title=Welcome, Noobs (Affectionate); tasks=324C6E97D6CB2AA8; rewards=0A58A3CD217990A4,37C462912CB4ED85,47348F50B1E09486","welcome.snbt: WHERE THE FUCK DO I START? / Welcome, Noobs (Affectionate)","title=Welcome, Noobs (Affectionate); tasks=324C6E97D6CB2AA8; rewards=0A58A3CD217990A4,37C462912CB4ED85,47348F50B1E09486",unchanged,restored baseline reward definitions and IDs,No existing reward ID changes item/XP meaning.
quest,7F45F36FB147AD0A,homestead.snbt:  / Slice and Dice,title=Slice and Dice; tasks=649752EB46E902E9; rewards=7B51CEA3AF7207D0,homestead.snbt: Food That Isn't Raw Chicken / Slice and Dice,title=Slice and Dice; tasks=649752EB46E902E9; rewards=7B51CEA3AF7207D0,unchanged,preserved baseline definition,
quest,7F9807E5C66C1532,tinkers_deferred.snbt:  / What Must Be Tested Before Tinkers Returns,title=What Must Be Tested Before Tinkers Returns; tasks=57105636F15634AE; rewards=,,,removed,removed unreleased absent-mod tutorial definition,No installed item or active progression depends on this definition.
reward,00003AF571675F78,first_days.snbt:  / From Spawn to Settlement,"type=""xp""; xp=10",first_days.snbt: Surviving the First Night / From Spawn to Settlement,"type=""xp""; xp=10",unchanged,preserved baseline definition,
reward,006FF1F29BD7B1AA,archaeology.snbt:  / Brush Carefully,"type=""xp""; xp=5","archaeology.snbt: Fossils, Archaeology and Dinosaurs / Brush Carefully","type=""xp""; xp=5",unchanged,preserved baseline definition,
reward,00A1BC229E245A15,create_basics.snbt:  / Practical: Your First Production Line,"type=""item""; item=""minecraft:iron_ingot""",create_basics.snbt: Create Without Having a Brain Aneurysm / Practical: Your First Production Line,"type=""item""; item=""minecraft:iron_ingot""",unchanged,preserved baseline definition,
reward,00DF54A82EE4F4EC,first_days.snbt:  / Build for a Healthy World,"type=""xp""; xp=10",first_days.snbt: Surviving the First Night / Build for a Healthy World,"type=""xp""; xp=10",unchanged,preserved baseline definition,
reward,040736790AA43BC3,endgame.snbt:  / Find an Elytra,"type=""xp""; xp=40",endgame.snbt: Dangerous Shit and Endgame / Find an Elytra,"type=""xp""; xp=40",unchanged,preserved baseline definition,
reward,042BA034D081086C,archaeology.snbt:  / Research Relics,"type=""xp""; xp=20","archaeology.snbt: Fossils, Archaeology and Dinosaurs / Research Relics","type=""xp""; xp=20",unchanged,preserved baseline definition,
reward,055CD88017A9CF7D,create_basics.snbt:  / Lesson 8: The Mechanical Press,"type=""xp""; xp=10",create_basics.snbt: Create Without Having a Brain Aneurysm / Lesson 8: The Mechanical Press,"type=""xp""; xp=10",unchanged,preserved baseline definition,
reward,05902C78CA9A4EB5,welcome.snbt:  / A Shared Waystone Network,"type=""item""; item=""minecraft:ender_pearl""",welcome.snbt: WHERE THE FUCK DO I START? / A Shared Waystone Network,"type=""item""; item=""minecraft:ender_pearl""",unchanged,preserved baseline definition,
reward,05CC913346FB21AB,create_basics.snbt:  / Lesson 3: Wrench and Goggles,"type=""xp""; xp=10",create_basics.snbt: Create Without Having a Brain Aneurysm / Lesson 3: Wrench and Goggles,"type=""xp""; xp=10",unchanged,preserved baseline definition,
reward,07A890245D4B8ADA,travel_storage.snbt:  / Backpack Lab: Filters Before Automation,"type=""xp""; xp=10",travel_storage.snbt: Stop Living Out of 46 Chests / Backpack Lab: Filters Before Automation,"type=""xp""; xp=10",unchanged,preserved baseline definition,
reward,07F0F0A53473CA15,welcome.snbt:  / Map Before You Roam,"type=""xp""; xp=5",welcome.snbt: WHERE THE FUCK DO I START? / Map Before You Roam,"type=""xp""; xp=5",unchanged,preserved baseline definition,
reward,0A58A3CD217990A4,"welcome.snbt:  / Welcome, Noobs (Affectionate)","type=""xp""; xp=10","welcome.snbt: WHERE THE FUCK DO I START? / Welcome, Noobs (Affectionate)","type=""xp""; xp=10",unchanged,preserved baseline definition,
reward,0AA54A992B0085ED,homestead.snbt:  / Use the Cutting Board,"type=""xp""; xp=10",homestead.snbt: Food That Isn't Raw Chicken / Use the Cutting Board,"type=""xp""; xp=10",unchanged,preserved baseline definition,
reward,0B872C549C99F6E2,create_basics.snbt:  / Lesson 11: Move Items Deliberately,"type=""xp""; xp=20",create_basics.snbt: Create Without Having a Brain Aneurysm / Lesson 11: Move Items Deliberately,"type=""xp""; xp=20",unchanged,preserved baseline definition,
reward,0B92E63ACEEC89A2,"travel_storage.snbt:  / Packages, Stock Links and Stock Tickers","type=""xp""; xp=5","travel_storage.snbt: Stop Living Out of 46 Chests / Packages, Stock Links and Stock Tickers","type=""xp""; xp=5",unchanged,preserved baseline definition,
reward,0BC7BAB4A3F5A0C4,endgame.snbt:  / Discipline at the Edge of the End,"type=""xp""; xp=10",endgame.snbt: Dangerous Shit and Endgame / Discipline at the Edge of the End,"type=""xp""; xp=10",unchanged,preserved baseline definition,
reward,0BFB36BD71BF5934,homestead.snbt:  / A Proper Kitchen Garden,"type=""xp""; xp=10",homestead.snbt: Food That Isn't Raw Chicken / A Proper Kitchen Garden,"type=""xp""; xp=10",unchanged,preserved baseline definition,
reward,0C610C18B8261550,endgame.snbt:  / Memories with Weight,"type=""xp""; xp=5",endgame.snbt: Dangerous Shit and Endgame / Memories with Weight,"type=""xp""; xp=5",unchanged,preserved baseline definition,
reward,0C964C7182DF3498,archaeology.snbt:  / The Age of Roots,"type=""xp""; xp=5","archaeology.snbt: Fossils, Archaeology and Dinosaurs / The Age of Roots","type=""xp""; xp=5",unchanged,preserved baseline definition,
reward,0E9D49FC1B89EDF4,new_horizons.snbt:  / Bring Home New Colour,"type=""xp""; xp=15",new_horizons.snbt: Exploration Without Getting Completely Lost / Bring Home New Colour,"type=""xp""; xp=15",unchanged,preserved baseline definition,
reward,0FE7EE9D493A0A1D,welcome.snbt:  / Death Is Recoverable,"type=""item""; item=""minecraft:cooked_beef""",welcome.snbt: WHERE THE FUCK DO I START? / Death Is Recoverable,"type=""item""; item=""minecraft:cooked_beef""",unchanged,preserved baseline definition,
reward,0FEF2AE7BAAEBFE9,endgame.snbt:  / An End Outpost for Everyone,"type=""xp""; xp=50",endgame.snbt: Dangerous Shit and Endgame / An End Outpost for Everyone,"type=""xp""; xp=50",unchanged,preserved baseline definition,
reward,107DDAA36BAA683D,vehicles.snbt:  / Choose the Aircraft for the Journey,"type=""xp""; xp=10",vehicles.snbt: Vehicles and Transport / Choose the Aircraft for the Journey,"type=""xp""; xp=10",unchanged,preserved baseline definition,
reward,10D9FDD7B022F14C,archaeology.snbt:  / Study the Past,"type=""xp""; xp=15","archaeology.snbt: Fossils, Archaeology and Dinosaurs / Study the Past","type=""xp""; xp=15",unchanged,preserved baseline definition,
reward,116EC4D37A11B141,new_horizons.snbt:  / Use Nature's Compass,"type=""xp""; xp=15",new_horizons.snbt: Exploration Without Getting Completely Lost / Use Nature's Compass,"type=""xp""; xp=15",unchanged,preserved baseline definition,
reward,1242174AD2D1CA38,new_horizons.snbt:  / Warm-Climate Woods,"type=""xp""; xp=20",new_horizons.snbt: Exploration Without Getting Completely Lost / Warm-Climate Woods,"type=""xp""; xp=20",unchanged,preserved baseline definition,
reward,125D3B7349E7C9EC,homestead.snbt:  / Cooking Pot Meals,"type=""xp""; xp=10",homestead.snbt: Food That Isn't Raw Chicken / Cooking Pot Meals,"type=""xp""; xp=10",unchanged,preserved baseline definition,
reward,146CD2EE6C640B2C,new_horizons.snbt:  / A Structure Is a Signal,"type=""xp""; xp=10",new_horizons.snbt: Exploration Without Getting Completely Lost / A Structure Is a Signal,"type=""xp""; xp=10",unchanged,preserved baseline definition,
reward,1558C75F413774E0,vehicles.snbt:  / Create Trains Are Shared Infrastructure,"type=""xp""; xp=5",vehicles.snbt: Vehicles and Transport / Create Trains Are Shared Infrastructure,"type=""xp""; xp=5",unchanged,preserved baseline definition,
reward,1601830DF64AEA40,travel_storage.snbt:  / Make the Pack Work for You,"type=""xp""; xp=15",travel_storage.snbt: Stop Living Out of 46 Chests / Make the Pack Work for You,"type=""xp""; xp=15",unchanged,preserved baseline definition,
reward,16235962ECF86E11,vehicles.snbt:  / Take to the Air,"type=""xp""; xp=20",vehicles.snbt: Vehicles and Transport / Take to the Air,"type=""xp""; xp=20",unchanged,preserved baseline definition,
reward,178BBDE3403B8BA6,welcome.snbt:  / Read the World with Jade,"type=""xp""; xp=5",welcome.snbt: WHERE THE FUCK DO I START? / Read the World with Jade,"type=""xp""; xp=5",unchanged,preserved baseline definition,
reward,193C72AC784F9CE7,homestead.snbt:  / Find Tea in the Wild,"type=""xp""; xp=10",homestead.snbt: Food That Isn't Raw Chicken / Find Tea in the Wild,"type=""xp""; xp=10",unchanged,preserved baseline definition,
reward,1A574818F78E0CE7,homestead.snbt:  / Feed the Whole Team,"type=""xp""; xp=20",homestead.snbt: Food That Isn't Raw Chicken / Feed the Whole Team,"type=""xp""; xp=20",unchanged,preserved baseline definition,
reward,1AB60B38F61E857B,vehicles.snbt:  / Take to the Water,"type=""xp""; xp=10",vehicles.snbt: Vehicles and Transport / Take to the Water,"type=""xp""; xp=10",unchanged,preserved baseline definition,
reward,1C18F0E4F746EEB2,first_days.snbt:  / A Portable Rest,"type=""xp""; xp=5",first_days.snbt: Surviving the First Night / A Portable Rest,"type=""xp""; xp=5",unchanged,preserved baseline definition,
reward,1E200504031E8CED,first_days.snbt:  / Stone and Steel,"type=""xp""; xp=5",first_days.snbt: Surviving the First Night / Stone and Steel,"type=""xp""; xp=5",unchanged,preserved baseline definition,
reward,204890B0227A96D9,first_days.snbt:  / An Iron Foundation,"type=""item""; item=""minecraft:coal""",first_days.snbt: Surviving the First Night / An Iron Foundation,"type=""item""; item=""minecraft:coal""",unchanged,preserved baseline definition,
reward,2118F4E2E4032CAB,homestead.snbt:  / Begin with Vanilla Bees,"type=""item""; item=""minecraft:campfire""",homestead.snbt: Food That Isn't Raw Chicken / Begin with Vanilla Bees,"type=""item""; item=""minecraft:campfire""",unchanged,preserved baseline definition,
reward,2297FDCA42E6B81D,welcome.snbt:  / Map Before You Roam,"type=""item""; item=""minecraft:compass""",welcome.snbt: WHERE THE FUCK DO I START? / Map Before You Roam,"type=""item""; item=""minecraft:compass""",unchanged,preserved baseline definition,
reward,230DDB35317506A1,create_basics.snbt:  / Lesson 9: Process with Air,"type=""xp""; xp=15",create_basics.snbt: Create Without Having a Brain Aneurysm / Lesson 9: Process with Air,"type=""xp""; xp=15",unchanged,preserved baseline definition,
reward,2395F678DAE90D19,create_basics.snbt:  / The Andesite Tinkerers,"type=""xp""; xp=5",create_basics.snbt: Create Without Having a Brain Aneurysm / The Andesite Tinkerers,"type=""xp""; xp=5",unchanged,preserved baseline definition,
reward,241E2AAB85650BA3,new_horizons.snbt:  / Observe Wildlife,"type=""xp""; xp=15",new_horizons.snbt: Exploration Without Getting Completely Lost / Observe Wildlife,"type=""xp""; xp=15",unchanged,preserved baseline definition,
reward,2658D99CF6C2F72C,archaeology.snbt:  / The Bounty Board,"type=""xp""; xp=10","archaeology.snbt: Fossils, Archaeology and Dinosaurs / The Bounty Board","type=""xp""; xp=10",unchanged,preserved baseline definition,
reward,26950E0D69255D49,homestead.snbt:  / A Proper Kitchen Garden,"type=""item""; item=""minecraft:bone_meal""",homestead.snbt: Food That Isn't Raw Chicken / A Proper Kitchen Garden,"type=""item""; item=""minecraft:bone_meal""",unchanged,preserved baseline definition,
reward,270181D652D7CF81,homestead.snbt:  / Build a Working Kitchen,"type=""xp""; xp=15",homestead.snbt: Food That Isn't Raw Chicken / Build a Working Kitchen,"type=""xp""; xp=15",unchanged,preserved baseline definition,
reward,2796CE68B287AC71,travel_storage.snbt:  / Craft from the Network,"type=""xp""; xp=20",travel_storage.snbt: Stop Living Out of 46 Chests / Craft from the Network,"type=""xp""; xp=20",unchanged,preserved baseline definition,
reward,28805F6B7FEECC1A,"homestead.snbt:  / Seasons, Soil and Surplus","type=""xp""; xp=10","homestead.snbt: Food That Isn't Raw Chicken / Seasons, Soil and Surplus","type=""xp""; xp=10",unchanged,preserved baseline definition,
reward,2AF223F17E5BDD27,new_horizons.snbt:  / Cool-Climate Woods,"type=""xp""; xp=20",new_horizons.snbt: Exploration Without Getting Completely Lost / Cool-Climate Woods,"type=""xp""; xp=20",unchanged,preserved baseline definition,
reward,2CB50A6B20A9314D,endgame.snbt:  / Win Before the Fight Starts,"type=""xp""; xp=10",endgame.snbt: Dangerous Shit and Endgame / Win Before the Fight Starts,"type=""xp""; xp=10",unchanged,preserved baseline definition,
reward,2E5E90101E4A127F,travel_storage.snbt:  / Storage Lab: The Tom's Network Core,"type=""xp""; xp=10",travel_storage.snbt: Stop Living Out of 46 Chests / Storage Lab: The Tom's Network Core,"type=""xp""; xp=10",unchanged,preserved baseline definition,
reward,2EDB301AC6BB0863,new_horizons.snbt:  / Find Biomes and Structures,"type=""xp""; xp=15",new_horizons.snbt: Exploration Without Getting Completely Lost / Find Biomes and Structures,"type=""xp""; xp=15",unchanged,preserved baseline definition,
reward,2F306E70149D5856,,,create_basics.snbt: Create Without Having a Brain Aneurysm / Power Beyond the First Water Wheel,"type=""xp""; xp=5",new,assigned a new deterministic stable ID,Does not inherit baseline completion or claim state.
reward,2F3B2D23DDD6E617,travel_storage.snbt:  / Centralise the Storeroom,"type=""xp""; xp=20",travel_storage.snbt: Stop Living Out of 46 Chests / Centralise the Storeroom,"type=""xp""; xp=20",unchanged,preserved baseline definition,
reward,30E8B9F6D76FF991,first_days.snbt:  / Timber!,"type=""xp""; xp=5",first_days.snbt: Surviving the First Night / Timber!,"type=""xp""; xp=5",unchanged,preserved baseline definition,
reward,331C4DB724A1D0F1,endgame.snbt:  / Eyes from Across the World,"type=""xp""; xp=30",endgame.snbt: Dangerous Shit and Endgame / Eyes from Across the World,"type=""xp""; xp=30",unchanged,preserved baseline definition,
reward,3445D7161409CCDF,homestead.snbt:  / Cooking Pot Meals,"type=""item""; item=""minecraft:bowl""",homestead.snbt: Food That Isn't Raw Chicken / Cooking Pot Meals,"type=""item""; item=""minecraft:bowl""",unchanged,preserved baseline definition,
reward,353E19785E462023,create_basics.snbt:  / Mechanical Crafting,"type=""xp""; xp=20",create_basics.snbt: Create Without Having a Brain Aneurysm / Mechanical Crafting,"type=""xp""; xp=20",unchanged,preserved baseline definition,
reward,35AC61048A924FE3,new_horizons.snbt:  / Pack for the Unknown,"type=""xp""; xp=10",new_horizons.snbt: Exploration Without Getting Completely Lost / Pack for the Unknown,"type=""xp""; xp=10",unchanged,preserved baseline definition,
reward,36C6E00E1A980E65,create_basics.snbt:  / Diagnosing a Silent Machine,"type=""xp""; xp=10",create_basics.snbt: Create Without Having a Brain Aneurysm / Diagnosing a Silent Machine,"type=""xp""; xp=10",unchanged,preserved baseline definition,
reward,372E60A287419E8A,homestead.snbt:  / Create: Central Kitchen,"type=""xp""; xp=10",homestead.snbt: Food That Isn't Raw Chicken / Create: Central Kitchen,"type=""xp""; xp=10",unchanged,preserved baseline definition,
reward,37C462912CB4ED85,"welcome.snbt:  / Welcome, Noobs (Affectionate)","type=""item""; item=""minecraft:bread""; count=16","welcome.snbt: WHERE THE FUCK DO I START? / Welcome, Noobs (Affectionate)","type=""item""; item=""minecraft:bread""; count=16",unchanged,preserved baseline definition,
reward,37FC1962BA591161,new_horizons.snbt:  / Emergency Return Options,"type=""xp""; xp=10",new_horizons.snbt: Exploration Without Getting Completely Lost / Emergency Return Options,"type=""xp""; xp=10",unchanged,preserved baseline definition,
reward,3859E67E589A2420,create_basics.snbt:  / Lay the Railway,"type=""xp""; xp=20",create_basics.snbt: Create Without Having a Brain Aneurysm / Lay the Railway,"type=""xp""; xp=20",unchanged,preserved baseline definition,
reward,3A27AE16432C0F16,homestead.snbt:  / A Cook's First Tool,"type=""item""; item=""minecraft:wheat_seeds""",homestead.snbt: Food That Isn't Raw Chicken / A Cook's First Tool,"type=""item""; item=""minecraft:wheat_seeds""",unchanged,preserved baseline definition,
reward,3AA7440CD0255E73,"travel_storage.snbt:  / Upgrade, Don't Replace","type=""xp""; xp=10","travel_storage.snbt: Stop Living Out of 46 Chests / Upgrade, Don't Replace","type=""xp""; xp=10",unchanged,preserved baseline definition,
reward,3B3A9DE05861E89D,welcome.snbt:  / Create Ponder,"type=""xp""; xp=5",welcome.snbt: WHERE THE FUCK DO I START? / Create Ponder,"type=""xp""; xp=5",unchanged,preserved baseline definition,
reward,3C9F71383134E8D9,homestead.snbt:  / Begin with Vanilla Bees,"type=""xp""; xp=10",homestead.snbt: Food That Isn't Raw Chicken / Begin with Vanilla Bees,"type=""xp""; xp=10",unchanged,preserved baseline definition,
reward,3EDCC96D8169F6DD,create_basics.snbt:  / Lesson 4: Generate Rotation,"type=""xp""; xp=15",create_basics.snbt: Create Without Having a Brain Aneurysm / Lesson 4: Generate Rotation,"type=""xp""; xp=15",unchanged,preserved baseline definition,
reward,3F5C240C69E9A29A,create_basics.snbt:  / Lesson 2: Andesite Alloy,"type=""xp""; xp=10",create_basics.snbt: Create Without Having a Brain Aneurysm / Lesson 2: Andesite Alloy,"type=""xp""; xp=10",unchanged,preserved baseline definition,
reward,3F73840E2B53CB49,first_days.snbt:  / An Iron Foundation,"type=""xp""; xp=10",first_days.snbt: Surviving the First Night / An Iron Foundation,"type=""xp""; xp=10",unchanged,preserved baseline definition,
reward,411AEF2488ADE8A5,homestead.snbt:  / The Covenant of the Hearth,"type=""xp""; xp=5",homestead.snbt: Food That Isn't Raw Chicken / The Covenant of the Hearth,"type=""xp""; xp=5",unchanged,preserved baseline definition,
reward,425287FC7E317656,"welcome.snbt:  / Mine Smarter, Not Recklessly","type=""xp""; xp=5","welcome.snbt: WHERE THE FUCK DO I START? / Mine Smarter, Not Recklessly","type=""xp""; xp=5",unchanged,preserved baseline definition,
reward,43F028C16A038E76,vehicles.snbt:  / Build an Expedition Aircraft,"type=""xp""; xp=30",vehicles.snbt: Vehicles and Transport / Build an Expedition Aircraft,"type=""xp""; xp=30",unchanged,preserved baseline definition,
reward,448A1E2A7DEAE33F,create_basics.snbt:  / Lesson 6: Speed Is Not Power,"type=""xp""; xp=10",create_basics.snbt: Create Without Having a Brain Aneurysm / Lesson 6: Speed Is Not Power,"type=""xp""; xp=10",unchanged,preserved baseline definition,
reward,4535A80407ADF3BB,travel_storage.snbt:  / The Storage Ladder,"type=""xp""; xp=10",travel_storage.snbt: Stop Living Out of 46 Chests / The Storage Ladder,"type=""xp""; xp=10",unchanged,preserved baseline definition,
reward,454DAD58DEEB41D5,travel_storage.snbt:  / Storage Lab: Drawers Behind the Terminal,"type=""xp""; xp=10",travel_storage.snbt: Stop Living Out of 46 Chests / Storage Lab: Drawers Behind the Terminal,"type=""xp""; xp=10",unchanged,preserved baseline definition,
reward,45515EE63CB0376B,"create_basics.snbt:  / Lesson 5: Shafts, Cogs and Gearboxes","type=""xp""; xp=15","create_basics.snbt: Create Without Having a Brain Aneurysm / Lesson 5: Shafts, Cogs and Gearboxes","type=""xp""; xp=15",unchanged,preserved baseline definition,
reward,45F7E7E2ECDE872C,create_basics.snbt:  / Practical: Your First Production Line,"type=""xp""; xp=30",create_basics.snbt: Create Without Having a Brain Aneurysm / Practical: Your First Production Line,"type=""xp""; xp=30",unchanged,preserved baseline definition,
reward,468EA2799FA69A54,archaeology.snbt:  / That Chest Has Teeth,"type=""xp""; xp=20","archaeology.snbt: Fossils, Archaeology and Dinosaurs / That Chest Has Teeth","type=""xp""; xp=20",unchanged,preserved baseline definition,
reward,46AF62DA56D1E971,create_basics.snbt:  / Enter the Brass Age,"type=""xp""; xp=15",create_basics.snbt: Create Without Having a Brain Aneurysm / Enter the Brass Age,"type=""xp""; xp=15",unchanged,preserved baseline definition,
reward,47348F50B1E09486,"welcome.snbt:  / Welcome, Noobs (Affectionate)","type=""item""; item=""minecraft:torch""","welcome.snbt: WHERE THE FUCK DO I START? / Welcome, Noobs (Affectionate)","type=""item""; item=""minecraft:torch""",unchanged,preserved baseline definition,
reward,47813EE7B3F57E67,new_horizons.snbt:  / Lootr and Shared Treasure,"type=""xp""; xp=10",new_horizons.snbt: Exploration Without Getting Completely Lost / Lootr and Shared Treasure,"type=""xp""; xp=10",unchanged,preserved baseline definition,
reward,47FC1A96C03DDB68,welcome.snbt:  / A Shared Waystone Network,"type=""xp""; xp=15",welcome.snbt: WHERE THE FUCK DO I START? / A Shared Waystone Network,"type=""xp""; xp=15",unchanged,preserved baseline definition,
reward,495497C1AE538DD8,new_horizons.snbt:  / The Roads of the Lost,"type=""xp""; xp=5",new_horizons.snbt: Exploration Without Getting Completely Lost / The Roads of the Lost,"type=""xp""; xp=5",unchanged,preserved baseline definition,
reward,4C3950821098CB58,vehicles.snbt:  / Animal and Farm Carts,"type=""xp""; xp=5",vehicles.snbt: Vehicles and Transport / Animal and Farm Carts,"type=""xp""; xp=5",unchanged,preserved baseline definition,
reward,4DE250BFE0400D48,welcome.snbt:  / JEI: Your Recipe Dictionary,"type=""xp""; xp=5",welcome.snbt: WHERE THE FUCK DO I START? / JEI: Your Recipe Dictionary,"type=""xp""; xp=5",unchanged,preserved baseline definition,
reward,4EB68D63AE8A3A25,endgame.snbt:  / An End Outpost for Everyone,"type=""item""; item=""minecraft:dragon_breath""",endgame.snbt: Dangerous Shit and Endgame / An End Outpost for Everyone,"type=""item""; item=""minecraft:dragon_breath""",unchanged,preserved baseline definition,
reward,4EF9C6F2B3472C47,vehicles.snbt:  / Hand Carts and Supply Carts,"type=""xp""; xp=5",vehicles.snbt: Vehicles and Transport / Hand Carts and Supply Carts,"type=""xp""; xp=5",unchanged,preserved baseline definition,
reward,4F404B3AC8369ADE,create_basics.snbt:  / Enchantment Industry: Liquid Experience,"type=""xp""; xp=10",create_basics.snbt: Create Without Having a Brain Aneurysm / Enchantment Industry: Liquid Experience,"type=""xp""; xp=10",unchanged,preserved baseline definition,
reward,4F8E7ADAA685C0A5,,,create_basics.snbt: Create Without Having a Brain Aneurysm / Create Food Addons: Kitchen to Factory,"type=""xp""; xp=5",new,assigned a new deterministic stable ID,Does not inherit baseline completion or claim state.
reward,4FD028BE5BC39840,archaeology.snbt:  / Build a Museum,"type=""xp""; xp=15","archaeology.snbt: Fossils, Archaeology and Dinosaurs / Build a Museum","type=""xp""; xp=15",unchanged,preserved baseline definition,
reward,540C160A5697916E,travel_storage.snbt:  / Create Item Vaults Are Machine Buffers,"type=""xp""; xp=5",travel_storage.snbt: Stop Living Out of 46 Chests / Create Item Vaults Are Machine Buffers,"type=""xp""; xp=5",unchanged,preserved baseline definition,
reward,54C6FFDFD877FA80,travel_storage.snbt:  / Store Bulk Materials in Drawers,"type=""xp""; xp=10",travel_storage.snbt: Stop Living Out of 46 Chests / Store Bulk Materials in Drawers,"type=""xp""; xp=10",unchanged,preserved baseline definition,
reward,5773726D8C53DC72,"first_days.snbt:  / Small Details, Big Difference","type=""xp""; xp=10","first_days.snbt: Surviving the First Night / Small Details, Big Difference","type=""xp""; xp=10",unchanged,preserved baseline definition,
reward,58D54176014BD212,endgame.snbt:  / Assemble the Portal Team,"type=""xp""; xp=20",endgame.snbt: Dangerous Shit and Endgame / Assemble the Portal Team,"type=""xp""; xp=20",unchanged,preserved baseline definition,
reward,58EABC225CCE402A,"new_horizons.snbt:  / Curios, Artifacts and Relics","type=""xp""; xp=15","new_horizons.snbt: Exploration Without Getting Completely Lost / Curios, Artifacts and Relics","type=""xp""; xp=15",unchanged,preserved baseline definition,
reward,59D47D9656C4BC66,vehicles.snbt:  / Travel Lab: Commission a Small Ship,"type=""xp""; xp=10",vehicles.snbt: Vehicles and Transport / Travel Lab: Commission a Small Ship,"type=""xp""; xp=10",unchanged,preserved baseline definition,
reward,5B3F77AD97A73040,endgame.snbt:  / Survey the Outer End,"type=""xp""; xp=30",endgame.snbt: Dangerous Shit and Endgame / Survey the Outer End,"type=""xp""; xp=30",unchanged,preserved baseline definition,
reward,5CF81601A5619C32,create_basics.snbt:  / Make Trains Useful,"type=""xp""; xp=20",create_basics.snbt: Create Without Having a Brain Aneurysm / Make Trains Useful,"type=""xp""; xp=20",unchanged,preserved baseline definition,
reward,5DEDE9267D0B9C07,create_basics.snbt:  / Saws Cut; Drills Break,"type=""xp""; xp=5",create_basics.snbt: Create Without Having a Brain Aneurysm / Saws Cut; Drills Break,"type=""xp""; xp=5",unchanged,preserved baseline definition,
reward,5F90D88A9406C845,welcome.snbt:  / Orientation Complete,"type=""item""; item=""minecraft:experience_bottle""",welcome.snbt: WHERE THE FUCK DO I START? / Orientation Complete,"type=""item""; item=""minecraft:experience_bottle""",unchanged,preserved baseline definition,
reward,60467A9D309284B5,create_basics.snbt:  / Crushing Wheels: Make Them Face Each Other,"type=""xp""; xp=5",create_basics.snbt: Create Without Having a Brain Aneurysm / Crushing Wheels: Make Them Face Each Other,"type=""xp""; xp=5",unchanged,preserved baseline definition,
reward,605DC9041C4FCD99,homestead.snbt:  / A Cook's First Tool,"type=""xp""; xp=5",homestead.snbt: Food That Isn't Raw Chicken / A Cook's First Tool,"type=""xp""; xp=5",unchanged,preserved baseline definition,
reward,6266E2D57256D3EF,endgame.snbt:  / Explore Incendium's Nether,"type=""xp""; xp=15",endgame.snbt: Dangerous Shit and Endgame / Explore Incendium's Nether,"type=""xp""; xp=15",unchanged,preserved baseline definition,
reward,62F89EB794F9FCB8,"endgame.snbt:  / Build Nether Roads, Not Breadcrumbs","type=""xp""; xp=10","endgame.snbt: Dangerous Shit and Endgame / Build Nether Roads, Not Breadcrumbs","type=""xp""; xp=10",unchanged,preserved baseline definition,
reward,6364292EA86DCB9E,welcome.snbt:  / Your First Backpack,"type=""xp""; xp=10",welcome.snbt: WHERE THE FUCK DO I START? / Your First Backpack,"type=""xp""; xp=10",unchanged,preserved baseline definition,
reward,642AC26447FA82D2,archaeology.snbt:  / Excavate Like an Archaeologist,"type=""xp""; xp=10","archaeology.snbt: Fossils, Archaeology and Dinosaurs / Excavate Like an Archaeologist","type=""xp""; xp=10",unchanged,preserved baseline definition,
reward,6591CA00ED66CA94,welcome.snbt:  / How to Read the Field Guide,"type=""xp""; xp=10",welcome.snbt: WHERE THE FUCK DO I START? / How to Read the Field Guide,"type=""xp""; xp=10",unchanged,preserved baseline definition,
reward,6607DA61521B3F88,endgame.snbt:  / Enter the End,"type=""xp""; xp=30",endgame.snbt: Dangerous Shit and Endgame / Enter the End,"type=""xp""; xp=30",unchanged,preserved baseline definition,
reward,682A7B1845856581,endgame.snbt:  / Encounter Lab: Read a Mowzie Fight,"type=""xp""; xp=10",endgame.snbt: Dangerous Shit and Endgame / Encounter Lab: Read a Mowzie Fight,"type=""xp""; xp=10",unchanged,preserved baseline definition,
reward,6A0A8E31365E8F96,endgame.snbt:  / Recover a Nether Eye,"type=""xp""; xp=20",endgame.snbt: Dangerous Shit and Endgame / Recover a Nether Eye,"type=""xp""; xp=20",unchanged,preserved baseline definition,
reward,6F57BAD901B52DB3,homestead.snbt:  / Feed the Whole Team,"type=""item""; item=""minecraft:golden_carrot""",homestead.snbt: Food That Isn't Raw Chicken / Feed the Whole Team,"type=""item""; item=""minecraft:golden_carrot""",unchanged,preserved baseline definition,
reward,70A038357E9E0322,endgame.snbt:  / Free the End,"type=""xp""; xp=40",endgame.snbt: Dangerous Shit and Endgame / Free the End,"type=""xp""; xp=40",unchanged,preserved baseline definition,
reward,70EA4736B4DFA356,welcome.snbt:  / Foreword: A World of Many Ages,"type=""xp""; xp=5",welcome.snbt: WHERE THE FUCK DO I START? / Foreword: A World of Many Ages,"type=""xp""; xp=5",unchanged,preserved baseline definition,
reward,71BE6BED6206C799,new_horizons.snbt:  / Take a Real Photograph,"type=""xp""; xp=15",new_horizons.snbt: Exploration Without Getting Completely Lost / Take a Real Photograph,"type=""xp""; xp=15",unchanged,preserved baseline definition,
reward,7253FC5D69D7838C,vehicles.snbt:  / A Proper Expedition Ship,"type=""item""; item=""minecraft:lead""",vehicles.snbt: Vehicles and Transport / A Proper Expedition Ship,"type=""item""; item=""minecraft:lead""",unchanged,preserved baseline definition,
reward,727923D80AE9BE2C,vehicles.snbt:  / A Proper Expedition Ship,"type=""xp""; xp=20",vehicles.snbt: Vehicles and Transport / A Proper Expedition Ship,"type=""xp""; xp=20",unchanged,preserved baseline definition,
reward,739D94F2E58EEE97,archaeology.snbt:  / Build a Museum,"type=""item""; item=""minecraft:item_frame""","archaeology.snbt: Fossils, Archaeology and Dinosaurs / Build a Museum","type=""item""; item=""minecraft:item_frame""",unchanged,preserved baseline definition,
reward,73EE0892EA05E606,create_basics.snbt:  / Lesson 1: Ponder Before Building,"type=""item""; item=""create:wrench""",create_basics.snbt: Create Without Having a Brain Aneurysm / Lesson 1: Ponder Before Building,"type=""item""; item=""create:wrench""",unchanged,preserved baseline definition,
reward,7422FBD0D53C62F4,welcome.snbt:  / The Fellowship Rule,"type=""xp""; xp=10",welcome.snbt: WHERE THE FUCK DO I START? / The Fellowship Rule,"type=""xp""; xp=10",unchanged,preserved baseline definition,
reward,74C16A1F83544972,create_basics.snbt:  / Lesson 1: Ponder Before Building,"type=""xp""; xp=5",create_basics.snbt: Create Without Having a Brain Aneurysm / Lesson 1: Ponder Before Building,"type=""xp""; xp=5",unchanged,preserved baseline definition,
reward,75014A4595233E47,welcome.snbt:  / Orientation Complete,"type=""xp""; xp=20",welcome.snbt: WHERE THE FUCK DO I START? / Orientation Complete,"type=""xp""; xp=20",unchanged,preserved baseline definition,
reward,777D8553A2548A6D,new_horizons.snbt:  / The Boss Threshold,"type=""xp""; xp=20",new_horizons.snbt: Exploration Without Getting Completely Lost / The Boss Threshold,"type=""xp""; xp=20",unchanged,preserved baseline definition,
reward,78C26799682F071C,"archaeology.snbt:  / Bounties, Artifacts and Relics","type=""xp""; xp=10","archaeology.snbt: Fossils, Archaeology and Dinosaurs / Bounties, Artifacts and Relics","type=""xp""; xp=10",unchanged,preserved baseline definition,
reward,7A1915EA1A384ED0,first_days.snbt:  / Block Families with Rechiseled,"type=""xp""; xp=10",first_days.snbt: Surviving the First Night / Block Families with Rechiseled,"type=""xp""; xp=10",unchanged,preserved baseline definition,
reward,7B10147C4FAD9A48,"homestead.snbt:  / Catch, Don't Kill","type=""xp""; xp=15","homestead.snbt: Food That Isn't Raw Chicken / Catch, Don't Kill","type=""xp""; xp=15",unchanged,preserved baseline definition,
reward,7B29F9ED39F857C8,first_days.snbt:  / Carry On,"type=""xp""; xp=5",first_days.snbt: Surviving the First Night / Carry On,"type=""xp""; xp=5",unchanged,preserved baseline definition,
reward,7B51CEA3AF7207D0,homestead.snbt:  / Slice and Dice,"type=""xp""; xp=10",homestead.snbt: Food That Isn't Raw Chicken / Slice and Dice,"type=""xp""; xp=10",unchanged,preserved baseline definition,
reward,7B7F524FCCFFC546,new_horizons.snbt:  / The Wild Concord,"type=""xp""; xp=5",new_horizons.snbt: Exploration Without Getting Completely Lost / The Wild Concord,"type=""xp""; xp=5",unchanged,preserved baseline definition,
reward,7C1F0DED1A8C6D57,"welcome.snbt:  / One Team, Shared Progress","type=""xp""; xp=10","welcome.snbt: WHERE THE FUCK DO I START? / One Team, Shared Progress","type=""xp""; xp=10",unchanged,preserved baseline definition,
reward,7C9162FF51A4A764,create_basics.snbt:  / Lesson 10: Mixing in a Basin,"type=""xp""; xp=15",create_basics.snbt: Create Without Having a Brain Aneurysm / Lesson 10: Mixing in a Basin,"type=""xp""; xp=15",unchanged,preserved baseline definition,
reward,7D96755589912CE6,first_days.snbt:  / Leave Yourself Clues,"type=""item""; item=""minecraft:torch""",first_days.snbt: Surviving the First Night / Leave Yourself Clues,"type=""item""; item=""minecraft:torch""",unchanged,preserved baseline definition,
reward,7DFD288AF118FAF2,archaeology.snbt:  / Tools of the Trade,"type=""xp""; xp=10","archaeology.snbt: Fossils, Archaeology and Dinosaurs / Tools of the Trade","type=""xp""; xp=10",unchanged,preserved baseline definition,
task,0024C2CC9150D154,tinkers_deferred.snbt:  / Tinkers' Construct Is Not Installed,"type=""checkmark""; title=""I read this lesson and checked the installed pack""",,,removed,removed unreleased absent-mod tutorial definition,No installed item or active progression depends on this definition.
task,006D587BD4716C8D,new_horizons.snbt:  / The Boss Threshold,"type=""checkmark""; title=""I read this lesson and tried it in the world""",new_horizons.snbt: Exploration Without Getting Completely Lost / The Boss Threshold,"type=""checkmark""; title=""I read this lesson and tried it in the world""",unchanged,preserved baseline definition,
task,007F1F07EEC904B0,first_days.snbt:  / Build for a Healthy World,"type=""checkmark""; title=""I read and understood these field notes""",first_days.snbt: Surviving the First Night / Build for a Healthy World,"type=""checkmark""; title=""I read and understood these field notes""",unchanged,preserved baseline definition,
task,010E2610BE84EC11,"homestead.snbt:  / Catch, Don't Kill","type=""item""; item=""productivebees:bee_cage""","homestead.snbt: Food That Isn't Raw Chicken / Catch, Don't Kill","type=""item""; item=""productivebees:bee_cage""",unchanged,preserved baseline definition,
task,014608B0D5ACF862,endgame.snbt:  / Eyes from Across the World,"type=""item""; item={; tag={",endgame.snbt: Dangerous Shit and Endgame / Eyes from Across the World,"type=""item""; item={; tag={",unchanged,preserved baseline definition,
task,0223B95DA836D44E,endgame.snbt:  / Encounter Lab: Read a Mowzie Fight,"type=""checkmark""; title=""I read this field lesson and tried its method""",endgame.snbt: Dangerous Shit and Endgame / Encounter Lab: Read a Mowzie Fight,"type=""checkmark""; title=""I read this field lesson and tried its method""",unchanged,preserved baseline definition,
task,02E9581D7974EAE9,create_basics.snbt:  / Crushing Wheels: Make Them Face Each Other,"type=""checkmark""; title=""I read this lesson and checked the installed pack""",create_basics.snbt: Create Without Having a Brain Aneurysm / Crushing Wheels: Make Them Face Each Other,"type=""checkmark""; title=""I read this lesson and checked the installed pack""",unchanged,preserved baseline definition,
task,075F58D77E954BC4,homestead.snbt:  / Botany Pots and Botany Trees: Not Installed Yet,"type=""checkmark""; title=""I read this lesson and checked the installed pack""",,,removed,removed unreleased absent-mod tutorial definition,No installed item or active progression depends on this definition.
task,0869ACEE00E15B2A,new_horizons.snbt:  / Use Nature's Compass,"type=""item""; item=""naturescompass:naturescompass""",new_horizons.snbt: Exploration Without Getting Completely Lost / Use Nature's Compass,"type=""item""; item=""naturescompass:naturescompass""",unchanged,preserved baseline definition,
task,088C158B9E91064B,create_basics.snbt:  / Lesson 8: The Mechanical Press,"type=""item""; item=""create:mechanical_press""",create_basics.snbt: Create Without Having a Brain Aneurysm / Lesson 8: The Mechanical Press,"type=""item""; item=""create:mechanical_press""",unchanged,preserved baseline definition,
task,092CAE14A995134A,first_days.snbt:  / From Spawn to Settlement,"type=""checkmark""; title=""I read and understood these field notes""",first_days.snbt: Surviving the First Night / From Spawn to Settlement,"type=""checkmark""; title=""I read and understood these field notes""",unchanged,preserved baseline definition,
task,0A021E46A7BD9372,endgame.snbt:  / An End Outpost for Everyone,"type=""checkmark""; title=""Our shared End outpost is complete""",endgame.snbt: Dangerous Shit and Endgame / An End Outpost for Everyone,"type=""checkmark""; title=""Our shared End outpost is complete""",unchanged,preserved baseline definition,
task,0C7C3B7F89B42211,"create_basics.snbt:  / Lesson 5: Shafts, Cogs and Gearboxes","type=""item""; item=""create:cogwheel""; count=2L","create_basics.snbt: Create Without Having a Brain Aneurysm / Lesson 5: Shafts, Cogs and Gearboxes","type=""item""; item=""create:cogwheel""; count=2L",unchanged,preserved baseline definition,
task,0F900AFADF6700AF,tinkers_deferred.snbt:  / Old Configs Are Not a Mod,"type=""checkmark""; title=""I read this lesson and checked the installed pack""",,,removed,removed unreleased absent-mod tutorial definition,No installed item or active progression depends on this definition.
task,1079D15D8ADC3FBE,first_days.snbt:  / An Iron Foundation,"type=""item""; item=""minecraft:iron_ingot""",first_days.snbt: Surviving the First Night / An Iron Foundation,"type=""item""; item=""minecraft:iron_ingot""",unchanged,preserved baseline definition,
task,10FF307CFB9B5DBC,travel_storage.snbt:  / Storage Lab: Drawers Behind the Terminal,"type=""checkmark""; title=""I read this field lesson and tried its method""",travel_storage.snbt: Stop Living Out of 46 Chests / Storage Lab: Drawers Behind the Terminal,"type=""checkmark""; title=""I read this field lesson and tried its method""",unchanged,preserved baseline definition,
task,110D66F965153B85,new_horizons.snbt:  / Use Nature's Compass,"type=""checkmark""; title=""I selected a Biomes O' Plenty biome in the compass""",new_horizons.snbt: Exploration Without Getting Completely Lost / Use Nature's Compass,"type=""checkmark""; title=""I selected a Biomes O' Plenty biome in the compass""",unchanged,preserved baseline definition,
task,11ED8A66BEDD2038,,,create_basics.snbt: Create Without Having a Brain Aneurysm / Power Beyond the First Water Wheel,"type=""checkmark""; title=""I read and understood these field notes""",new,assigned a new deterministic stable ID,Does not inherit baseline completion or claim state.
task,1222866D05B34536,create_basics.snbt:  / Lesson 11: Move Items Deliberately,"type=""item""; item=""create:andesite_funnel""; count=2L",create_basics.snbt: Create Without Having a Brain Aneurysm / Lesson 11: Move Items Deliberately,"type=""item""; item=""create:andesite_funnel""; count=2L",unchanged,preserved baseline definition,
task,1289BA180AF135E6,"homestead.snbt:  / Seasons, Soil and Surplus","type=""checkmark""; title=""I read and understood these field notes""","homestead.snbt: Food That Isn't Raw Chicken / Seasons, Soil and Surplus","type=""checkmark""; title=""I read and understood these field notes""",unchanged,preserved baseline definition,
task,1377D7DD4BF58436,endgame.snbt:  / Discipline at the Edge of the End,"type=""checkmark""; title=""I read and understood these field notes""",endgame.snbt: Dangerous Shit and Endgame / Discipline at the Edge of the End,"type=""checkmark""; title=""I read and understood these field notes""",unchanged,preserved baseline definition,
task,137DD683C9AA06F9,create_basics.snbt:  / Enter the Brass Age,"type=""item""; item=""create:brass_ingot""",create_basics.snbt: Create Without Having a Brain Aneurysm / Enter the Brass Age,"type=""item""; item=""create:brass_ingot""",unchanged,preserved baseline definition,
task,147A9A243565AB0C,homestead.snbt:  / Feed the Whole Team,"type=""item""; item=""farmersdelight:apple_pie""",homestead.snbt: Food That Isn't Raw Chicken / Feed the Whole Team,"type=""item""; item=""farmersdelight:apple_pie""",unchanged,preserved baseline definition,
task,14CBE4C438A83F50,vehicles.snbt:  / A Proper Expedition Ship,"type=""item""; item=""smallships:sail""",vehicles.snbt: Vehicles and Transport / A Proper Expedition Ship,"type=""item""; item=""smallships:sail""",unchanged,preserved baseline definition,
task,15682F96681F57EE,archaeology.snbt:  / Tools of the Trade,"type=""item""; item={; tag={","archaeology.snbt: Fossils, Archaeology and Dinosaurs / Tools of the Trade","type=""item""; item={; tag={",unchanged,preserved baseline definition,
task,168FCEE1978A12E2,homestead.snbt:  / A Proper Kitchen Garden,"type=""item""; item=""farmersdelight:rice""",homestead.snbt: Food That Isn't Raw Chicken / A Proper Kitchen Garden,"type=""item""; item=""farmersdelight:rice""",unchanged,preserved baseline definition,
task,16F7BBF563EC4D01,vehicles.snbt:  / Hand Carts and Supply Carts,"type=""checkmark""; title=""I read this lesson and checked the installed pack""",vehicles.snbt: Vehicles and Transport / Hand Carts and Supply Carts,"type=""checkmark""; title=""I read this lesson and checked the installed pack""",unchanged,preserved baseline definition,
task,17349F6E066CE7C1,create_basics.snbt:  / Saws Cut; Drills Break,"type=""checkmark""; title=""I read this lesson and checked the installed pack""",create_basics.snbt: Create Without Having a Brain Aneurysm / Saws Cut; Drills Break,"type=""checkmark""; title=""I read this lesson and checked the installed pack""",unchanged,preserved baseline definition,
task,17524EEC960B5C5A,welcome.snbt:  / Foreword: A World of Many Ages,"type=""checkmark""; title=""I read and understood these field notes""",welcome.snbt: WHERE THE FUCK DO I START? / Foreword: A World of Many Ages,"type=""checkmark""; title=""I read and understood these field notes""",unchanged,preserved baseline definition,
task,181D2C1D0E4B2593,archaeology.snbt:  / Excavate Like an Archaeologist,"type=""checkmark""; title=""I read and understood these field notes""","archaeology.snbt: Fossils, Archaeology and Dinosaurs / Excavate Like an Archaeologist","type=""checkmark""; title=""I read and understood these field notes""",unchanged,preserved baseline definition,
task,189C8EF5ED3C0D8B,travel_storage.snbt:  / Centralise the Storeroom,"type=""item""; item=""toms_storage:ts.inventory_connector""",travel_storage.snbt: Stop Living Out of 46 Chests / Centralise the Storeroom,"type=""item""; item=""toms_storage:ts.inventory_connector""",unchanged,preserved baseline definition,
task,18B1BEA343175CF4,endgame.snbt:  / Survey the Outer End,"type=""checkmark""; title=""We mapped and photographed the outer End""",endgame.snbt: Dangerous Shit and Endgame / Survey the Outer End,"type=""checkmark""; title=""We mapped and photographed the outer End""",unchanged,preserved baseline definition,
task,18CC47BA4F06A668,new_horizons.snbt:  / Warm-Climate Woods,"type=""item""; item=""biomesoplenty:jacaranda_sapling""",new_horizons.snbt: Exploration Without Getting Completely Lost / Warm-Climate Woods,"type=""item""; item=""biomesoplenty:jacaranda_sapling""",unchanged,preserved baseline definition,
task,18EBEF680F14DD05,travel_storage.snbt:  / Craft from the Network,"type=""item""; item=""toms_storage:ts.inventory_cable""",travel_storage.snbt: Stop Living Out of 46 Chests / Craft from the Network,"type=""item""; item=""toms_storage:ts.inventory_cable""",unchanged,preserved baseline definition,
task,1A99AD36FC72DC2C,create_basics.snbt:  / Lesson 2: Andesite Alloy,"type=""item""; item=""create:andesite_alloy""",create_basics.snbt: Create Without Having a Brain Aneurysm / Lesson 2: Andesite Alloy,"type=""item""; item=""create:andesite_alloy""",unchanged,preserved baseline definition,
task,1C8F0092FC395229,homestead.snbt:  / Find Tea in the Wild,"type=""item""; item=""herbalbrews:green_tea_leaf""",homestead.snbt: Food That Isn't Raw Chicken / Find Tea in the Wild,"type=""item""; item=""herbalbrews:green_tea_leaf""",unchanged,preserved baseline definition,
task,1CF94F75F207CE46,vehicles.snbt:  / Create Trains Are Shared Infrastructure,"type=""checkmark""; title=""I read this lesson and checked the installed pack""",vehicles.snbt: Vehicles and Transport / Create Trains Are Shared Infrastructure,"type=""checkmark""; title=""I read this lesson and checked the installed pack""",unchanged,preserved baseline definition,
task,1D8772B91E258E13,archaeology.snbt:  / Research Relics,"type=""item""; item=""relics:researching_table""","archaeology.snbt: Fossils, Archaeology and Dinosaurs / Research Relics","type=""item""; item=""relics:researching_table""",unchanged,preserved baseline definition,
task,1DCBB1714E94679E,homestead.snbt:  / Build a Working Kitchen,"type=""item""; item=""cookingforblockheads:oven""",homestead.snbt: Food That Isn't Raw Chicken / Build a Working Kitchen,"type=""item""; item=""cookingforblockheads:oven""",unchanged,preserved baseline definition,
task,1E8B61323904884D,travel_storage.snbt:  / Make the Pack Work for You,"type=""item""; item=""sophisticatedbackpacks:pickup_upgrade""",travel_storage.snbt: Stop Living Out of 46 Chests / Make the Pack Work for You,"type=""item""; item=""sophisticatedbackpacks:pickup_upgrade""",unchanged,preserved baseline definition,
task,1FDE6022A00018E2,travel_storage.snbt:  / Craft from the Network,"type=""item""; item=""toms_storage:ts.crafting_terminal""; count=8L",travel_storage.snbt: Stop Living Out of 46 Chests / Craft from the Network,"type=""item""; item=""toms_storage:ts.crafting_terminal""; count=8L",unchanged,preserved baseline definition,
task,1FE199CE8080723D,new_horizons.snbt:  / Cool-Climate Woods,"type=""item""; item=""biomesoplenty:fir_sapling""",new_horizons.snbt: Exploration Without Getting Completely Lost / Cool-Climate Woods,"type=""item""; item=""biomesoplenty:fir_sapling""",unchanged,preserved baseline definition,
task,2029308A45448B2D,homestead.snbt:  / A Proper Kitchen Garden,"type=""item""; item=""farmersdelight:tomato""",homestead.snbt: Food That Isn't Raw Chicken / A Proper Kitchen Garden,"type=""item""; item=""farmersdelight:tomato""",unchanged,preserved baseline definition,
task,21B31A8CAFACD4C3,"first_days.snbt:  / Small Details, Big Difference","type=""item""; item=""beautify:botanist_workbench""","first_days.snbt: Surviving the First Night / Small Details, Big Difference","type=""item""; item=""beautify:botanist_workbench""",unchanged,preserved baseline definition,
task,222410049ACA8FAF,create_basics.snbt:  / Lesson 3: Wrench and Goggles,"type=""item""; item=""create:goggles""",create_basics.snbt: Create Without Having a Brain Aneurysm / Lesson 3: Wrench and Goggles,"type=""item""; item=""create:goggles""",unchanged,preserved baseline definition,
task,22A7B10105B17F00,"welcome.snbt:  / One Team, Shared Progress","type=""checkmark""; title=""We are in the same FTB Team""","welcome.snbt: WHERE THE FUCK DO I START? / One Team, Shared Progress","type=""checkmark""; title=""We are in the same FTB Team""",unchanged,preserved baseline definition,
task,24D611C6EE7DB056,homestead.snbt:  / Cooking Pot Meals,"type=""item""; item=""farmersdelight:cooking_pot""",homestead.snbt: Food That Isn't Raw Chicken / Cooking Pot Meals,"type=""item""; item=""farmersdelight:cooking_pot""",unchanged,preserved baseline definition,
task,254D7A37888A8423,first_days.snbt:  / Timber!,"type=""item""; item={; tag={",first_days.snbt: Surviving the First Night / Timber!,"type=""item""; item={; tag={",unchanged,preserved baseline definition,
task,28EB9A8A8E61D685,archaeology.snbt:  / Tools of the Trade,"type=""item""; item={; tag={","archaeology.snbt: Fossils, Archaeology and Dinosaurs / Tools of the Trade","type=""item""; item={; tag={",unchanged,preserved baseline definition,
task,290E4B8E6B5C7CC6,vehicles.snbt:  / Take to the Water,"type=""item""; item=""smallships:oak_cog""",vehicles.snbt: Vehicles and Transport / Take to the Water,"type=""item""; item=""smallships:oak_cog""",unchanged,preserved baseline definition,
task,294CB2FD9D35ACB4,archaeology.snbt:  / The Bounty Board,"type=""item""; item=""bountiful:bounty""","archaeology.snbt: Fossils, Archaeology and Dinosaurs / The Bounty Board","type=""item""; item=""bountiful:bounty""",unchanged,preserved baseline definition,
task,29A081BEE849C4D9,archaeology.snbt:  / Study the Past,"type=""item""; item=""betterarcheology:archeology_table""","archaeology.snbt: Fossils, Archaeology and Dinosaurs / Study the Past","type=""item""; item=""betterarcheology:archeology_table""",unchanged,preserved baseline definition,
task,29F2EBE84A94D073,"welcome.snbt:  / Mine Smarter, Not Recklessly","type=""checkmark""; title=""I found the Ultimine keybind""","welcome.snbt: WHERE THE FUCK DO I START? / Mine Smarter, Not Recklessly","type=""checkmark""; title=""I found the Ultimine keybind""",unchanged,preserved baseline definition,
task,2A8E1A17D88A771B,"travel_storage.snbt:  / Upgrade, Don't Replace","type=""item""; item=""sophisticatedbackpacks:iron_backpack""","travel_storage.snbt: Stop Living Out of 46 Chests / Upgrade, Don't Replace","type=""item""; item=""sophisticatedbackpacks:iron_backpack""",unchanged,preserved baseline definition,
task,2AD404763FEDCE70,homestead.snbt:  / Cooking Pot Meals,"type=""item""; item=""farmersdelight:stove""",homestead.snbt: Food That Isn't Raw Chicken / Cooking Pot Meals,"type=""item""; item=""farmersdelight:stove""",unchanged,preserved baseline definition,
task,2B10360F6CEDF3A8,travel_storage.snbt:  / Centralise the Storeroom,"type=""item""; item=""toms_storage:ts.storage_terminal""",travel_storage.snbt: Stop Living Out of 46 Chests / Centralise the Storeroom,"type=""item""; item=""toms_storage:ts.storage_terminal""",unchanged,preserved baseline definition,
task,2C7CC22B7AC49A48,homestead.snbt:  / Feed the Whole Team,"type=""item""; item=""farmersdelight:hamburger""; count=2L",homestead.snbt: Food That Isn't Raw Chicken / Feed the Whole Team,"type=""item""; item=""farmersdelight:hamburger""; count=2L",unchanged,preserved baseline definition,
task,2D0D18002CE09301,"endgame.snbt:  / Build Nether Roads, Not Breadcrumbs","type=""checkmark""; title=""I read and understood these field notes""","endgame.snbt: Dangerous Shit and Endgame / Build Nether Roads, Not Breadcrumbs","type=""checkmark""; title=""I read and understood these field notes""",unchanged,preserved baseline definition,
task,2D4B1B9F444EE8E5,homestead.snbt:  / Build a Working Kitchen,"type=""item""; item=""cookingforblockheads:fridge""",homestead.snbt: Food That Isn't Raw Chicken / Build a Working Kitchen,"type=""item""; item=""cookingforblockheads:fridge""",unchanged,preserved baseline definition,
task,2D844B1342790AFD,vehicles.snbt:  / Take to the Air,"type=""item""; item=""immersive_aircraft:airship""",vehicles.snbt: Vehicles and Transport / Take to the Air,"type=""item""; item=""immersive_aircraft:airship""",unchanged,preserved baseline definition,
task,2E616777FC8C236E,homestead.snbt:  / Feed the Whole Team,"type=""item""; item=""farmersdelight:beef_stew""",homestead.snbt: Food That Isn't Raw Chicken / Feed the Whole Team,"type=""item""; item=""farmersdelight:beef_stew""",unchanged,preserved baseline definition,
task,2EBC056D250C96B3,endgame.snbt:  / Enter the End,"type=""dimension""",endgame.snbt: Dangerous Shit and Endgame / Enter the End,"type=""dimension""",unchanged,preserved baseline definition,
task,2EE20B55821B3302,new_horizons.snbt:  / Cool-Climate Woods,"type=""item""; item=""biomesoplenty:orange_maple_sapling""",new_horizons.snbt: Exploration Without Getting Completely Lost / Cool-Climate Woods,"type=""item""; item=""biomesoplenty:orange_maple_sapling""",unchanged,preserved baseline definition,
task,2F1D773CED8DB3EB,homestead.snbt:  / Create: Central Kitchen,"type=""checkmark""; title=""I read this field note and tested the idea""",homestead.snbt: Food That Isn't Raw Chicken / Create: Central Kitchen,"type=""checkmark""; title=""I read this field note and tested the idea""",unchanged,preserved baseline definition,
task,2FD71835149CCED5,new_horizons.snbt:  / Cool-Climate Woods,"type=""item""; item=""biomesoplenty:redwood_sapling""",new_horizons.snbt: Exploration Without Getting Completely Lost / Cool-Climate Woods,"type=""item""; item=""biomesoplenty:redwood_sapling""",unchanged,preserved baseline definition,
task,30D3FE17EC2DE387,homestead.snbt:  / A Proper Kitchen Garden,"type=""item""; item=""farmersdelight:cabbage""",homestead.snbt: Food That Isn't Raw Chicken / A Proper Kitchen Garden,"type=""item""; item=""farmersdelight:cabbage""",unchanged,preserved baseline definition,
task,317E19FB4C0F40DF,welcome.snbt:  / Map Before You Roam,"type=""checkmark""; title=""I made a waypoint for home""",welcome.snbt: WHERE THE FUCK DO I START? / Map Before You Roam,"type=""checkmark""; title=""I made a waypoint for home""",unchanged,preserved baseline definition,
task,31D15A6B4B97D0F1,homestead.snbt:  / A Proper Kitchen Garden,"type=""item""; item=""farmersdelight:onion""",homestead.snbt: Food That Isn't Raw Chicken / A Proper Kitchen Garden,"type=""item""; item=""farmersdelight:onion""",unchanged,preserved baseline definition,
task,324C6E97D6CB2AA8,"welcome.snbt:  / Welcome, Noobs (Affectionate)","type=""checkmark""; title=""I am ready to learn the pack""","welcome.snbt: WHERE THE FUCK DO I START? / Welcome, Noobs (Affectionate)","type=""checkmark""; title=""I am ready to learn the pack""",unchanged,preserved baseline definition,
task,34A6C0D785309E7A,create_basics.snbt:  / Lesson 9: Process with Air,"type=""item""; item=""create:encased_fan""",create_basics.snbt: Create Without Having a Brain Aneurysm / Lesson 9: Process with Air,"type=""item""; item=""create:encased_fan""",unchanged,preserved baseline definition,
task,34A8CE7892C8AC35,vehicles.snbt:  / Build an Expedition Aircraft,"type=""item""; item=""immersive_aircraft:biplane""",vehicles.snbt: Vehicles and Transport / Build an Expedition Aircraft,"type=""item""; item=""immersive_aircraft:biplane""",unchanged,preserved baseline definition,
task,34EBCEBE016D958A,travel_storage.snbt:  / The Storage Ladder,"type=""checkmark""; title=""I read and understood these field notes""",travel_storage.snbt: Stop Living Out of 46 Chests / The Storage Ladder,"type=""checkmark""; title=""I read and understood these field notes""",unchanged,preserved baseline definition,
task,3518C9697533920E,new_horizons.snbt:  / Emergency Return Options,"type=""item""; item={; tag={",new_horizons.snbt: Exploration Without Getting Completely Lost / Emergency Return Options,"type=""item""; item={; tag={",unchanged,preserved baseline definition,
task,35277E58F3F8D340,new_horizons.snbt:  / The Wild Concord,"type=""checkmark""; title=""I read and understood these field notes""",new_horizons.snbt: Exploration Without Getting Completely Lost / The Wild Concord,"type=""checkmark""; title=""I read and understood these field notes""",unchanged,preserved baseline definition,
task,35D3BE541B5A99EF,create_basics.snbt:  / Lesson 11: Move Items Deliberately,"type=""item""; item=""create:filter""",create_basics.snbt: Create Without Having a Brain Aneurysm / Lesson 11: Move Items Deliberately,"type=""item""; item=""create:filter""",unchanged,preserved baseline definition,
task,36D1EDA54887B38B,new_horizons.snbt:  / Warm-Climate Woods,"type=""item""; item=""biomesoplenty:palm_sapling""",new_horizons.snbt: Exploration Without Getting Completely Lost / Warm-Climate Woods,"type=""item""; item=""biomesoplenty:palm_sapling""",unchanged,preserved baseline definition,
task,38AF9C556C7F3DBB,create_basics.snbt:  / Lesson 11: Move Items Deliberately,"type=""item""; item=""create:belt_connector""; count=2L",create_basics.snbt: Create Without Having a Brain Aneurysm / Lesson 11: Move Items Deliberately,"type=""item""; item=""create:belt_connector""; count=2L",unchanged,preserved baseline definition,
task,38EB569022867E3C,new_horizons.snbt:  / Observe Wildlife,"type=""item""; item={; tag={",new_horizons.snbt: Exploration Without Getting Completely Lost / Observe Wildlife,"type=""item""; item={; tag={",unchanged,preserved baseline definition,
task,390527F2DEF7DE05,new_horizons.snbt:  / The Roads of the Lost,"type=""checkmark""; title=""I read and understood these field notes""",new_horizons.snbt: Exploration Without Getting Completely Lost / The Roads of the Lost,"type=""checkmark""; title=""I read and understood these field notes""",unchanged,preserved baseline definition,
task,3962D60C6566DF8C,new_horizons.snbt:  / Lootr and Shared Treasure,"type=""checkmark""; title=""I read this lesson and tried it in the world""",new_horizons.snbt: Exploration Without Getting Completely Lost / Lootr and Shared Treasure,"type=""checkmark""; title=""I read this lesson and tried it in the world""",unchanged,preserved baseline definition,
task,3ACF9FFF1731AB54,homestead.snbt:  / Build a Working Kitchen,"type=""item""; item=""cookingforblockheads:cooking_table""",homestead.snbt: Food That Isn't Raw Chicken / Build a Working Kitchen,"type=""item""; item=""cookingforblockheads:cooking_table""",unchanged,preserved baseline definition,
task,3B8A17619C1356C9,archaeology.snbt:  / Brush Carefully,"type=""item""; item={; tag={","archaeology.snbt: Fossils, Archaeology and Dinosaurs / Brush Carefully","type=""item""; item={; tag={",unchanged,preserved baseline definition,
task,3C8A7D09F10BFCA6,homestead.snbt:  / Find Tea in the Wild,"type=""item""; item=""herbalbrews:tea_blossom""",homestead.snbt: Food That Isn't Raw Chicken / Find Tea in the Wild,"type=""item""; item=""herbalbrews:tea_blossom""",unchanged,preserved baseline definition,
task,3D2875EB692C9AC9,first_days.snbt:  / Stone and Steel,"type=""item""; item={; tag={",first_days.snbt: Surviving the First Night / Stone and Steel,"type=""item""; item={; tag={",unchanged,preserved baseline definition,
task,40454898A130D0BC,"create_basics.snbt:  / Lesson 5: Shafts, Cogs and Gearboxes","type=""item""; item=""create:shaft""; count=4L","create_basics.snbt: Create Without Having a Brain Aneurysm / Lesson 5: Shafts, Cogs and Gearboxes","type=""item""; item=""create:shaft""; count=4L",unchanged,preserved baseline definition,
task,409E50188687DAAF,first_days.snbt:  / Block Families with Rechiseled,"type=""item""; item=""rechiseled:chisel""",first_days.snbt: Surviving the First Night / Block Families with Rechiseled,"type=""item""; item=""rechiseled:chisel""",unchanged,preserved baseline definition,
task,4157BB8B75D1CDA9,travel_storage.snbt:  / Storage Lab: The Tom's Network Core,"type=""checkmark""; title=""I read this field lesson and tried its method""",travel_storage.snbt: Stop Living Out of 46 Chests / Storage Lab: The Tom's Network Core,"type=""checkmark""; title=""I read this field lesson and tried its method""",unchanged,preserved baseline definition,
task,41B9B2BDD5D57741,"travel_storage.snbt:  / Packages, Stock Links and Stock Tickers","type=""checkmark""; title=""I read this lesson and checked the installed pack""","travel_storage.snbt: Stop Living Out of 46 Chests / Packages, Stock Links and Stock Tickers","type=""checkmark""; title=""I read this lesson and checked the installed pack""",unchanged,preserved baseline definition,
task,41CA705364E827C6,first_days.snbt:  / Leave Yourself Clues,"type=""item""; item={; tag={",first_days.snbt: Surviving the First Night / Leave Yourself Clues,"type=""item""; item={; tag={",unchanged,preserved baseline definition,
task,430A05CAF1BE8772,new_horizons.snbt:  / Find Biomes and Structures,"type=""item""; item=""explorerscompass:explorerscompass""",new_horizons.snbt: Exploration Without Getting Completely Lost / Find Biomes and Structures,"type=""item""; item=""explorerscompass:explorerscompass""",unchanged,preserved baseline definition,
task,44458A420CA44D2C,welcome.snbt:  / Your First Backpack,"type=""item""; item=""sophisticatedbackpacks:backpack""",welcome.snbt: WHERE THE FUCK DO I START? / Your First Backpack,"type=""item""; item=""sophisticatedbackpacks:backpack""",unchanged,preserved baseline definition,
task,448ED9AFE6B6ACD8,create_basics.snbt:  / Lesson 11: Move Items Deliberately,"type=""item""; item=""create:chute""",create_basics.snbt: Create Without Having a Brain Aneurysm / Lesson 11: Move Items Deliberately,"type=""item""; item=""create:chute""",unchanged,preserved baseline definition,
task,45588D21DBBDBA52,new_horizons.snbt:  / Bring Home New Colour,"type=""item""; item=""biomesoplenty:lavender""; count=2L",new_horizons.snbt: Exploration Without Getting Completely Lost / Bring Home New Colour,"type=""item""; item=""biomesoplenty:lavender""; count=2L",unchanged,preserved baseline definition,
task,46443864ED095A2F,travel_storage.snbt:  / Create Item Vaults Are Machine Buffers,"type=""checkmark""; title=""I read this lesson and checked the installed pack""",travel_storage.snbt: Stop Living Out of 46 Chests / Create Item Vaults Are Machine Buffers,"type=""checkmark""; title=""I read this lesson and checked the installed pack""",unchanged,preserved baseline definition,
task,47F0A1934DFD4C40,homestead.snbt:  / A Cook's First Tool,"type=""item""; item={; tag={",homestead.snbt: Food That Isn't Raw Chicken / A Cook's First Tool,"type=""item""; item={; tag={",unchanged,preserved baseline definition,
task,48AECCE0F2DB5F37,new_horizons.snbt:  / Take a Real Photograph,"type=""item""; item=""exposure:black_and_white_film""",new_horizons.snbt: Exploration Without Getting Completely Lost / Take a Real Photograph,"type=""item""; item=""exposure:black_and_white_film""",unchanged,preserved baseline definition,
task,49D0FCF793614F17,"archaeology.snbt:  / Bounties, Artifacts and Relics","type=""checkmark""; title=""I read and understood these field notes""","archaeology.snbt: Fossils, Archaeology and Dinosaurs / Bounties, Artifacts and Relics","type=""checkmark""; title=""I read and understood these field notes""",unchanged,preserved baseline definition,
task,4A17782EC6A28640,endgame.snbt:  / Eyes from Across the World,"type=""item""; item={; tag={",endgame.snbt: Dangerous Shit and Endgame / Eyes from Across the World,"type=""item""; item={; tag={",unchanged,preserved baseline definition,
task,4AAF1FA8459213D6,new_horizons.snbt:  / Bring Home New Colour,"type=""item""; item=""biomesoplenty:glowflower""",new_horizons.snbt: Exploration Without Getting Completely Lost / Bring Home New Colour,"type=""item""; item=""biomesoplenty:glowflower""",unchanged,preserved baseline definition,
task,4B76B7B57AE8375E,welcome.snbt:  / Orientation Complete,"type=""checkmark""; title=""Show me the rest of the pack""",welcome.snbt: WHERE THE FUCK DO I START? / Orientation Complete,"type=""checkmark""; title=""Show me the rest of the pack""",unchanged,preserved baseline definition,
task,4BDB119AF817BDB1,welcome.snbt:  / Create Ponder,"type=""checkmark""; title=""I tried holding W on a Create item""",welcome.snbt: WHERE THE FUCK DO I START? / Create Ponder,"type=""checkmark""; title=""I tried holding W on a Create item""",unchanged,preserved baseline definition,
task,4C25881B98D5D80B,create_basics.snbt:  / Mechanical Crafting,"type=""item""; item=""create:mechanical_crafter""",create_basics.snbt: Create Without Having a Brain Aneurysm / Mechanical Crafting,"type=""item""; item=""create:mechanical_crafter""",unchanged,preserved baseline definition,
task,4C32625B8C64A2EB,travel_storage.snbt:  / Store Bulk Materials in Drawers,"type=""item""; item=""storagedrawers:oak_full_drawers_1""",travel_storage.snbt: Stop Living Out of 46 Chests / Store Bulk Materials in Drawers,"type=""item""; item=""storagedrawers:oak_full_drawers_1""",unchanged,preserved baseline definition,
task,4D90E2EC3EB72C2D,endgame.snbt:  / Eyes from Across the World,"type=""item""; item={; tag={",endgame.snbt: Dangerous Shit and Endgame / Eyes from Across the World,"type=""item""; item={; tag={",unchanged,preserved baseline definition,
task,4ED938C90757C0A6,"new_horizons.snbt:  / Curios, Artifacts and Relics","type=""checkmark""; title=""I read this lesson and tried it in the world""","new_horizons.snbt: Exploration Without Getting Completely Lost / Curios, Artifacts and Relics","type=""checkmark""; title=""I read this lesson and tried it in the world""",unchanged,preserved baseline definition,
task,50C885E554954002,create_basics.snbt:  / Lesson 10: Mixing in a Basin,"type=""item""; item=""create:mechanical_mixer""",create_basics.snbt: Create Without Having a Brain Aneurysm / Lesson 10: Mixing in a Basin,"type=""item""; item=""create:mechanical_mixer""",unchanged,preserved baseline definition,
task,53580B6234D0A4B7,archaeology.snbt:  / That Chest Has Teeth,"type=""kill""; title=""Defeat a Mimic""","archaeology.snbt: Fossils, Archaeology and Dinosaurs / That Chest Has Teeth","type=""kill""; title=""Defeat a Mimic""",unchanged,preserved baseline definition,
task,54AB98B49F53BB51,create_basics.snbt:  / Lesson 8: The Mechanical Press,"type=""item""; item=""create:depot""",create_basics.snbt: Create Without Having a Brain Aneurysm / Lesson 8: The Mechanical Press,"type=""item""; item=""create:depot""",unchanged,preserved baseline definition,
task,56FFB4B056D7F721,homestead.snbt:  / Begin with Vanilla Bees,"type=""item""; item=""minecraft:honey_bottle""",homestead.snbt: Food That Isn't Raw Chicken / Begin with Vanilla Bees,"type=""item""; item=""minecraft:honey_bottle""",unchanged,preserved baseline definition,
task,57105636F15634AE,tinkers_deferred.snbt:  / What Must Be Tested Before Tinkers Returns,"type=""checkmark""; title=""I read this lesson and checked the installed pack""",,,removed,removed unreleased absent-mod tutorial definition,No installed item or active progression depends on this definition.
task,57E697CE5318CC22,create_basics.snbt:  / Make Trains Useful,"type=""item""; item=""create:schedule""",create_basics.snbt: Create Without Having a Brain Aneurysm / Make Trains Useful,"type=""item""; item=""create:schedule""",unchanged,preserved baseline definition,
task,581FA2C4614F7ACA,"homestead.snbt:  / Catch, Don't Kill","type=""item""; item=""productivebees:sturdy_bee_cage""","homestead.snbt: Food That Isn't Raw Chicken / Catch, Don't Kill","type=""item""; item=""productivebees:sturdy_bee_cage""",unchanged,preserved baseline definition,
task,58E70A176F74A8DA,create_basics.snbt:  / Lesson 10: Mixing in a Basin,"type=""item""; item=""create:basin""",create_basics.snbt: Create Without Having a Brain Aneurysm / Lesson 10: Mixing in a Basin,"type=""item""; item=""create:basin""",unchanged,preserved baseline definition,
task,5A7D860E821070EE,create_basics.snbt:  / Lay the Railway,"type=""item""; item=""create:track""",create_basics.snbt: Create Without Having a Brain Aneurysm / Lay the Railway,"type=""item""; item=""create:track""",unchanged,preserved baseline definition,
task,5A8C61EC7383ED46,welcome.snbt:  / The Fellowship Rule,"type=""checkmark""; title=""I read and understood these field notes""",welcome.snbt: WHERE THE FUCK DO I START? / The Fellowship Rule,"type=""checkmark""; title=""I read and understood these field notes""",unchanged,preserved baseline definition,
task,5B799C1468EF0D26,welcome.snbt:  / Read the World with Jade,"type=""checkmark""; title=""I noticed the Jade panel while looking at a block""",welcome.snbt: WHERE THE FUCK DO I START? / Read the World with Jade,"type=""checkmark""; title=""I noticed the Jade panel while looking at a block""",unchanged,preserved baseline definition,
task,5BF4AE43FBA88EAE,new_horizons.snbt:  / Observe Wildlife,"type=""item""; item=""naturalist:butterfly""",new_horizons.snbt: Exploration Without Getting Completely Lost / Observe Wildlife,"type=""item""; item=""naturalist:butterfly""",unchanged,preserved baseline definition,
task,5D5D201B8EEB7DE2,homestead.snbt:  / Begin with Vanilla Bees,"type=""item""; item=""minecraft:honeycomb""; count=3L",homestead.snbt: Food That Isn't Raw Chicken / Begin with Vanilla Bees,"type=""item""; item=""minecraft:honeycomb""; count=3L",unchanged,preserved baseline definition,
task,5D7F3480331AF688,welcome.snbt:  / How to Read the Field Guide,"type=""checkmark""; title=""I read and understood these field notes""",welcome.snbt: WHERE THE FUCK DO I START? / How to Read the Field Guide,"type=""checkmark""; title=""I read and understood these field notes""",unchanged,preserved baseline definition,
task,5E4A606C24D28BB9,welcome.snbt:  / A Shared Waystone Network,"type=""item""; item=""waystones:waystone""",welcome.snbt: WHERE THE FUCK DO I START? / A Shared Waystone Network,"type=""item""; item=""waystones:waystone""",unchanged,preserved baseline definition,
task,5EADE09C196EA20A,vehicles.snbt:  / A Proper Expedition Ship,"type=""item""; item=""smallships:oak_galley""",vehicles.snbt: Vehicles and Transport / A Proper Expedition Ship,"type=""item""; item=""smallships:oak_galley""",unchanged,preserved baseline definition,
task,5ECC74BA16F1C3F0,vehicles.snbt:  / Animal and Farm Carts,"type=""checkmark""; title=""I read this lesson and checked the installed pack""",vehicles.snbt: Vehicles and Transport / Animal and Farm Carts,"type=""checkmark""; title=""I read this lesson and checked the installed pack""",unchanged,preserved baseline definition,
task,5F10A1A93561FE10,endgame.snbt:  / Explore Incendium's Nether,"type=""checkmark""; title=""We explored beyond the old Nether chunks""",endgame.snbt: Dangerous Shit and Endgame / Explore Incendium's Nether,"type=""checkmark""; title=""We explored beyond the old Nether chunks""",unchanged,preserved baseline definition,
task,5F782CA78E548B0C,endgame.snbt:  / Win Before the Fight Starts,"type=""checkmark""; title=""I read this lesson and tried it in the world""",endgame.snbt: Dangerous Shit and Endgame / Win Before the Fight Starts,"type=""checkmark""; title=""I read this lesson and tried it in the world""",unchanged,preserved baseline definition,
task,60C77244D430081D,archaeology.snbt:  / The Bounty Board,"type=""item""; item=""bountiful:bountyboard""","archaeology.snbt: Fossils, Archaeology and Dinosaurs / The Bounty Board","type=""item""; item=""bountiful:bountyboard""",unchanged,preserved baseline definition,
task,60ECED289908D9A0,create_basics.snbt:  / Enchantment Industry: Liquid Experience,"type=""checkmark""; title=""I read this field note and tested the idea""",create_basics.snbt: Create Without Having a Brain Aneurysm / Enchantment Industry: Liquid Experience,"type=""checkmark""; title=""I read this field note and tested the idea""",unchanged,preserved baseline definition,
task,612673C92938476B,vehicles.snbt:  / Build an Expedition Aircraft,"type=""item""; item=""immersive_aircraft:gyrodyne""",vehicles.snbt: Vehicles and Transport / Build an Expedition Aircraft,"type=""item""; item=""immersive_aircraft:gyrodyne""",unchanged,preserved baseline definition,
task,6157AAE5CE25CC17,create_basics.snbt:  / Lesson 6: Speed Is Not Power,"type=""checkmark""; title=""I inspected a running network's speed and stress""",create_basics.snbt: Create Without Having a Brain Aneurysm / Lesson 6: Speed Is Not Power,"type=""checkmark""; title=""I inspected a running network's speed and stress""",unchanged,preserved baseline definition,
task,623A334293AD10FB,endgame.snbt:  / Find an Elytra,"type=""advancement""",endgame.snbt: Dangerous Shit and Endgame / Find an Elytra,"type=""advancement""",unchanged,preserved baseline definition,
task,63F01DA15A4EFEEC,endgame.snbt:  / Assemble the Portal Team,"type=""checkmark""; title=""The stronghold route and portal room are secured""",endgame.snbt: Dangerous Shit and Endgame / Assemble the Portal Team,"type=""checkmark""; title=""The stronghold route and portal room are secured""",unchanged,preserved baseline definition,
task,63F6BE05E77A19A0,new_horizons.snbt:  / Warm-Climate Woods,"type=""item""; item=""biomesoplenty:mahogany_sapling""",new_horizons.snbt: Exploration Without Getting Completely Lost / Warm-Climate Woods,"type=""item""; item=""biomesoplenty:mahogany_sapling""",unchanged,preserved baseline definition,
task,642A91B660A9EE41,new_horizons.snbt:  / Emergency Return Options,"type=""item""; item=""waystones:return_scroll""",new_horizons.snbt: Exploration Without Getting Completely Lost / Emergency Return Options,"type=""item""; item=""waystones:return_scroll""",unchanged,preserved baseline definition,
task,649752EB46E902E9,homestead.snbt:  / Slice and Dice,"type=""checkmark""; title=""I read this field note and tested the idea""",homestead.snbt: Food That Isn't Raw Chicken / Slice and Dice,"type=""checkmark""; title=""I read this field note and tested the idea""",unchanged,preserved baseline definition,
task,64C51E8DA72CE377,welcome.snbt:  / Death Is Recoverable,"type=""checkmark""; title=""I know how corpse recovery works""",welcome.snbt: WHERE THE FUCK DO I START? / Death Is Recoverable,"type=""checkmark""; title=""I know how corpse recovery works""",unchanged,preserved baseline definition,
task,650E38A78D40120E,create_basics.snbt:  / Lesson 4: Generate Rotation,"type=""item""; item=""create:water_wheel""",create_basics.snbt: Create Without Having a Brain Aneurysm / Lesson 4: Generate Rotation,"type=""item""; item=""create:water_wheel""",unchanged,preserved baseline definition,
task,65251610A210F516,vehicles.snbt:  / Choose the Aircraft for the Journey,"type=""checkmark""; title=""I read this field note and tested the idea""",vehicles.snbt: Vehicles and Transport / Choose the Aircraft for the Journey,"type=""checkmark""; title=""I read this field note and tested the idea""",unchanged,preserved baseline definition,
task,65FC87B118651835,new_horizons.snbt:  / Pack for the Unknown,"type=""checkmark""; title=""I read this lesson and tried it in the world""",new_horizons.snbt: Exploration Without Getting Completely Lost / Pack for the Unknown,"type=""checkmark""; title=""I read this lesson and tried it in the world""",unchanged,preserved baseline definition,
task,66437E27A9D70BAC,welcome.snbt:  / JEI: Your Recipe Dictionary,"type=""checkmark""; title=""I can look up a recipe in JEI""",welcome.snbt: WHERE THE FUCK DO I START? / JEI: Your Recipe Dictionary,"type=""checkmark""; title=""I can look up a recipe in JEI""",unchanged,preserved baseline definition,
task,66E3B4BBD8E47238,"first_days.snbt:  / Small Details, Big Difference","type=""item""; item=""beautify:bookstack""","first_days.snbt: Surviving the First Night / Small Details, Big Difference","type=""item""; item=""beautify:bookstack""",unchanged,preserved baseline definition,
task,6798439DB9292C20,create_basics.snbt:  / Lesson 3: Wrench and Goggles,"type=""item""; item=""create:wrench""",create_basics.snbt: Create Without Having a Brain Aneurysm / Lesson 3: Wrench and Goggles,"type=""item""; item=""create:wrench""",unchanged,preserved baseline definition,
task,6818F771A5823E03,endgame.snbt:  / Explore Incendium's Nether,"type=""dimension""",endgame.snbt: Dangerous Shit and Endgame / Explore Incendium's Nether,"type=""dimension""",unchanged,preserved baseline definition,
task,691076856ED76FCC,first_days.snbt:  / A Portable Rest,"type=""item""; item=""comforts:sleeping_bag_white""",first_days.snbt: Surviving the First Night / A Portable Rest,"type=""item""; item=""comforts:sleeping_bag_white""",unchanged,preserved baseline definition,
task,6A1726FE2716F17A,create_basics.snbt:  / Practical: Your First Production Line,"type=""checkmark""; title=""A documented Create line is producing useful items""",create_basics.snbt: Create Without Having a Brain Aneurysm / Practical: Your First Production Line,"type=""checkmark""; title=""A documented Create line is producing useful items""",unchanged,preserved baseline definition,
task,6A75379C025E55CC,new_horizons.snbt:  / Take a Real Photograph,"type=""item""; item=""exposure:camera""",new_horizons.snbt: Exploration Without Getting Completely Lost / Take a Real Photograph,"type=""item""; item=""exposure:camera""",unchanged,preserved baseline definition,
task,6B436A6D2C9958AD,archaeology.snbt:  / Study the Past,"type=""item""; item=""betterarcheology:unidentified_artifact""","archaeology.snbt: Fossils, Archaeology and Dinosaurs / Study the Past","type=""item""; item=""betterarcheology:unidentified_artifact""",unchanged,preserved baseline definition,
task,6B6EA1788E72053C,endgame.snbt:  / Recover a Nether Eye,"type=""item""; item={; tag={",endgame.snbt: Dangerous Shit and Endgame / Recover a Nether Eye,"type=""item""; item={; tag={",unchanged,preserved baseline definition,
task,6B945BBD59C43CE9,homestead.snbt:  / Use the Cutting Board,"type=""item""; item={; tag={",homestead.snbt: Food That Isn't Raw Chicken / Use the Cutting Board,"type=""item""; item={; tag={",unchanged,preserved baseline definition,
task,6BA25C659A02269D,endgame.snbt:  / Memories with Weight,"type=""checkmark""; title=""I read and understood these field notes""",endgame.snbt: Dangerous Shit and Endgame / Memories with Weight,"type=""checkmark""; title=""I read and understood these field notes""",unchanged,preserved baseline definition,
task,6BD656932F8E3284,travel_storage.snbt:  / Backpack Lab: Filters Before Automation,"type=""checkmark""; title=""I read this field lesson and tried its method""",travel_storage.snbt: Stop Living Out of 46 Chests / Backpack Lab: Filters Before Automation,"type=""checkmark""; title=""I read this field lesson and tried its method""",unchanged,preserved baseline definition,
task,6C05A6E001DCAC51,"create_basics.snbt:  / Lesson 5: Shafts, Cogs and Gearboxes","type=""item""; item=""create:gearbox""","create_basics.snbt: Create Without Having a Brain Aneurysm / Lesson 5: Shafts, Cogs and Gearboxes","type=""item""; item=""create:gearbox""",unchanged,preserved baseline definition,
task,6C5ED55D77AC28F4,create_basics.snbt:  / Lay the Railway,"type=""item""; item=""create:railway_casing""",create_basics.snbt: Create Without Having a Brain Aneurysm / Lay the Railway,"type=""item""; item=""create:railway_casing""",unchanged,preserved baseline definition,
task,6CD534112A16F2A1,,,create_basics.snbt: Create Without Having a Brain Aneurysm / Create Food Addons: Kitchen to Factory,"type=""checkmark""; title=""I read and understood these field notes""",new,assigned a new deterministic stable ID,Does not inherit baseline completion or claim state.
task,6D339E7853017809,create_basics.snbt:  / The Andesite Tinkerers,"type=""checkmark""; title=""I read and understood these field notes""",create_basics.snbt: Create Without Having a Brain Aneurysm / The Andesite Tinkerers,"type=""checkmark""; title=""I read and understood these field notes""",unchanged,preserved baseline definition,
task,70EA9C758EA3F358,first_days.snbt:  / Stone and Steel,"type=""item""; item={; tag={",first_days.snbt: Surviving the First Night / Stone and Steel,"type=""item""; item={; tag={",unchanged,preserved baseline definition,
task,71B7E389A6999EEF,travel_storage.snbt:  / Make the Pack Work for You,"type=""item""; item=""sophisticatedbackpacks:crafting_upgrade""",travel_storage.snbt: Stop Living Out of 46 Chests / Make the Pack Work for You,"type=""item""; item=""sophisticatedbackpacks:crafting_upgrade""",unchanged,preserved baseline definition,
task,7275225EBCC8844E,new_horizons.snbt:  / Find Biomes and Structures,"type=""item""; item=""naturescompass:naturescompass""",new_horizons.snbt: Exploration Without Getting Completely Lost / Find Biomes and Structures,"type=""item""; item=""naturescompass:naturescompass""",unchanged,preserved baseline definition,
task,729D436B8DA20974,create_basics.snbt:  / Diagnosing a Silent Machine,"type=""checkmark""; title=""I read and understood these field notes""",create_basics.snbt: Create Without Having a Brain Aneurysm / Diagnosing a Silent Machine,"type=""checkmark""; title=""I read and understood these field notes""",unchanged,preserved baseline definition,
task,7427F5993060FEC5,new_horizons.snbt:  / A Structure Is a Signal,"type=""checkmark""; title=""I read this lesson and tried it in the world""",new_horizons.snbt: Exploration Without Getting Completely Lost / A Structure Is a Signal,"type=""checkmark""; title=""I read this lesson and tried it in the world""",unchanged,preserved baseline definition,
task,74895CDB1F3AE0E7,archaeology.snbt:  / Build a Museum,"type=""checkmark""; title=""We displayed an archaeological discovery""","archaeology.snbt: Fossils, Archaeology and Dinosaurs / Build a Museum","type=""checkmark""; title=""We displayed an archaeological discovery""",unchanged,preserved baseline definition,
task,74E00EF158DD66C6,archaeology.snbt:  / The Age of Roots,"type=""checkmark""; title=""I read and understood these field notes""","archaeology.snbt: Fossils, Archaeology and Dinosaurs / The Age of Roots","type=""checkmark""; title=""I read and understood these field notes""",unchanged,preserved baseline definition,
task,7699061D84DA8060,vehicles.snbt:  / Travel Lab: Commission a Small Ship,"type=""checkmark""; title=""I read this field lesson and tried its method""",vehicles.snbt: Vehicles and Transport / Travel Lab: Commission a Small Ship,"type=""checkmark""; title=""I read this field lesson and tried its method""",unchanged,preserved baseline definition,
task,7821855E24A6F2B3,endgame.snbt:  / Free the End,"type=""advancement""",endgame.snbt: Dangerous Shit and Endgame / Free the End,"type=""advancement""",unchanged,preserved baseline definition,
task,791BDDF8D51F2707,create_basics.snbt:  / Lesson 1: Ponder Before Building,"type=""checkmark""; title=""I opened and stepped through a Create Ponder scene""",create_basics.snbt: Create Without Having a Brain Aneurysm / Lesson 1: Ponder Before Building,"type=""checkmark""; title=""I opened and stepped through a Create Ponder scene""",unchanged,preserved baseline definition,
task,796E0D069F7BE72A,homestead.snbt:  / The Covenant of the Hearth,"type=""checkmark""; title=""I read and understood these field notes""",homestead.snbt: Food That Isn't Raw Chicken / The Covenant of the Hearth,"type=""checkmark""; title=""I read and understood these field notes""",unchanged,preserved baseline definition,
task,79F8FE2D5F9D41CC,"first_days.snbt:  / Small Details, Big Difference","type=""item""; item=""beautify:oak_trellis""","first_days.snbt: Surviving the First Night / Small Details, Big Difference","type=""item""; item=""beautify:oak_trellis""",unchanged,preserved baseline definition,
task,7B51EA6FC2264582,homestead.snbt:  / Begin with Vanilla Bees,"type=""item""; item=""minecraft:beehive""; count=6L",homestead.snbt: Food That Isn't Raw Chicken / Begin with Vanilla Bees,"type=""item""; item=""minecraft:beehive""; count=6L",unchanged,preserved baseline definition,
task,7D3B9AC69CCA966E,homestead.snbt:  / Use the Cutting Board,"type=""item""; item=""farmersdelight:cutting_board""",homestead.snbt: Food That Isn't Raw Chicken / Use the Cutting Board,"type=""item""; item=""farmersdelight:cutting_board""",unchanged,preserved baseline definition,
task,7D71B3A14C62C70A,"create_basics.snbt:  / Lesson 5: Shafts, Cogs and Gearboxes","type=""item""; item=""create:large_cogwheel""","create_basics.snbt: Create Without Having a Brain Aneurysm / Lesson 5: Shafts, Cogs and Gearboxes","type=""item""; item=""create:large_cogwheel""",unchanged,preserved baseline definition,
task,7E0DC91776A82D60,first_days.snbt:  / Carry On,"type=""checkmark""; title=""I found the Carry On keybind""",first_days.snbt: Surviving the First Night / Carry On,"type=""checkmark""; title=""I found the Carry On keybind""",unchanged,preserved baseline definition,
