"Path","Bytes","Sha256","Role"
".github/workflows/validate-pack.yml","412","7db23e92deba58efed918c601e5c7319d815b2ed32208e6171582a7aabc821c1","Continuous validation"
".gitignore","833","84ca3eb4bbc2977563fd4a4b7c658449fd692b556cfbd62a7c8787c615fccbfb","Repository control/documentation"
"audit/end-to-end-result.json","544","66cc72ee128a93765992d101f2ec15f1a12310d9c47fa7586ccd4f5928320d76","Audit/report"
"audit/excluded-files.csv","5398","30d60828c8d5b485f5cb1958f63adc958a845212e26b9a2a07ba113be266d967","Audit/report"
"audit/local-rc-test.json","541","18acc554408f396e60f5e07fab47f20ddbd7857d36137e5bec25401c6967809f","Audit/report"
"audit/managed-files.csv","116387","6e645676cbe4c1befc22272e3d7f6175fc9e0d0b6564a5bec8d106e1b981e642","Audit/report"
"audit/mods.csv","79262","1f85a395eb21635df512038cb40524e8fe1467e108fcd6e8812feb83970c5abe","Audit/report"
"audit/packwiz-update-rollback.json","806","f25fa472fba58975c49c6d1528291126a94b16f139c6646d11c3db25cdff747a","Audit/report"
"audit/questbook-change-manifest.md","2632","63a974673dfc4a22deb0aa32e65ee9a1d98dfc991ed066ace2c5ee94883c05e0","Audit/report"
"audit/questbook-item-ids.txt","2104","37912a8ed72211327e3e66cf632fe1fdbc6100678b50b015c31a80addc631f9d","Audit/report"
"audit/questbook-legacy-1.8.0/chapter_groups.snbt","289","b86fec82a184efa153c82facbe651c56a336db567a12c7ada8c05a8fa4d2eb4b","Audit/report"
"audit/questbook-legacy-1.8.0/chapters/aether.snbt","18866","920aa2a546907e944a9f1c2fd8ebfad77750a6265774aaf35c1af5dc580e3387","Audit/report"
"audit/questbook-legacy-1.8.0/chapters/alex_caves.snbt","19929","57b58e7bda90a58369fe47bfc613e7f390fb448fe54756bac2605fd50b11aad6","Audit/report"
"audit/questbook-legacy-1.8.0/chapters/archaeology.snbt","13571","1173b3afdcd6e6562d771b4a11bc2cc3f1231466c4be7909678ceadb946a5cc0","Audit/report"
"audit/questbook-legacy-1.8.0/chapters/building.snbt","18978","a75d21a3c3c4248161cb55c5979d129e39be3c65ee0c1b7639f429cf8d132ddb","Audit/report"
"audit/questbook-legacy-1.8.0/chapters/combat_enchanting.snbt","20445","3e9300f78c4d0dffe9c2823a3c5ef7569221151e6a2be5d7406eb465b6a117fb","Audit/report"
"audit/questbook-legacy-1.8.0/chapters/create_addons.snbt","12262","f88b5512ca204757de89b32f93351a5900574ce5df892f46717d7f817f11eb79","Audit/report"
"audit/questbook-legacy-1.8.0/chapters/create_basics.snbt","22826","a80289d08d644035f0e87ec5c45fe44b7900b8085699a1332b9c75d2dfe0a8e0","Audit/report"
"audit/questbook-legacy-1.8.0/chapters/create_factory.snbt","13346","a82a83b0b1259e082e1c4432b247cd28d78ca5e9ff2794b10f71a9356a8fb501","Audit/report"
"audit/questbook-legacy-1.8.0/chapters/creative_expeditions.snbt","18259","cf73cdd1a5a4942141e4cbba5b34ed112351d4c9012cda399e227c8db7598a95","Audit/report"
"audit/questbook-legacy-1.8.0/chapters/creatures_companions.snbt","11913","56d239526e6f7a600c2a6eedfe0c7a4b5d0c77b3cc8ee3e6137af197f7249ea6","Audit/report"
"audit/questbook-legacy-1.8.0/chapters/culture_collection.snbt","11611","d65a67078054392652646517423d2ae38d30d4a9383cd94cd2e834a2ebac9e88","Audit/report"
"audit/questbook-legacy-1.8.0/chapters/first_days.snbt","12159","277dfdbc3ed5596937932d9e76275a7e67b233dc91178c2e35381846ab1e06a5","Audit/report"
"audit/questbook-legacy-1.8.0/chapters/frozen_ocean.snbt","11857","104e51d4c1211ccde899eb74355e30ccbd5a5f181ccd233d030712565c1cdbfa","Audit/report"
"audit/questbook-legacy-1.8.0/chapters/graduation.snbt","9302","3f94d391b7556206a2ea2371cf3f17c1a4c419eabd11d6cc87948e8bc09adf2b","Audit/report"
"audit/questbook-legacy-1.8.0/chapters/homestead.snbt","18814","6b4f586230e4dcf0b6ab1de9877edc778da1e2a686fe9f4d641a3519202a56d0","Audit/report"
"audit/questbook-legacy-1.8.0/chapters/mod_index.snbt","12169","33dba20dcd1f1a124627548323d52c47cc6fdcde3354635e3ef99b8a3268f43b","Audit/report"
"audit/questbook-legacy-1.8.0/chapters/nether_end.snbt","14181","59e32d54cdc0e6b82babd572090cb646ba506c18d0c1e24a88510ee3835cb46e","Audit/report"
"audit/questbook-legacy-1.8.0/chapters/new_horizons.snbt","11489","84a6763b172e3e3575d56617fedf44fe2d0c16a5eac25ffbb5ca0a3131d59f0b","Audit/report"
"audit/questbook-legacy-1.8.0/chapters/otherside.snbt","16068","03562792c498391ab89732076a06cd690f40ea279e103d9d1ff3c82043c91e89","Audit/report"
"audit/questbook-legacy-1.8.0/chapters/productivebees.snbt","18368","6c6cef851071a65704d71ce0f23bb3c6cb96c59492338122b189303ecbe4d31b","Audit/report"
"audit/questbook-legacy-1.8.0/chapters/seasons_ecology.snbt","12090","18dbac64436ddf2819ea0e587fbebb090945489982e2bbb0ee07156f4c855e12","Audit/report"
"audit/questbook-legacy-1.8.0/chapters/settlements_bounties.snbt","19074","3c57ac5b07d2ccfb3395a7a69c87c39dc8378cc81e3203c2f93bedb4a715f2f8","Audit/report"
"audit/questbook-legacy-1.8.0/chapters/structures_dungeons.snbt","20192","13c6f8380e83e9abd11f791b9295aaf0ac38e3017678691d438379d09d853a06","Audit/report"
"audit/questbook-legacy-1.8.0/chapters/tea_storage.snbt","16413","99de8c3638823f4e3638ba6c55b838c3f3a11db693e55ac07aa2067e17152047","Audit/report"
"audit/questbook-legacy-1.8.0/chapters/travel_storage.snbt","20604","5762b64c9578cdd8f50ce56348d5a7238d959fa4a5b61046d5da2215109264f9","Audit/report"
"audit/questbook-legacy-1.8.0/chapters/twilight.snbt","18945","3a9ff52688bb6a809ba27be0f86875b6c5bf711e4210dc224f5e0951c8cda1b8","Audit/report"
"audit/questbook-legacy-1.8.0/chapters/welcome.snbt","12356","1b63baa3f79f2f5ac207e4f545722f95fc7a2e3ef3740c83dcf21e2daea5fd1a","Audit/report"
"audit/questbook-legacy-1.8.0/chapters/wildlife_fishing.snbt","23370","4c0d5bd4d25fa61f4ccb4da627495cecc210811beaa46c23fd87ddc811b0ff3b","Audit/report"
"audit/questbook-legacy-1.8.0/chapters/world_lore.snbt","15738","ece32e8cc9979bdf3c27522086f0af0487892327c9210564ccb03c86bb2c58a1","Audit/report"
"audit/questbook-legacy-1.8.0/data.snbt","640","7c489bbd962679bcc5e645d94469c57b91d81fad5b5dd2445aa13303903d08ce","Audit/report"
"audit/questbook-legacy-1.8.0/RESEARCH-SOURCES.txt","1773","52445e06464d1e1e653a4b4250113c8b3373655935a0f831e1c80edab0e2f507","Audit/report"
"audit/questbook-legacy-1.8.0/STAGING-NOTES.txt","740","6f671c1aab03b466026188e80307f2ee0718eb768d8925e873ec6f4c8bf7da8f","Audit/report"
"audit/questbook-validation.json","3681","eb3e109b0cc2ebe4cdc947126b42f4a3af14baed69491aa6b5a6fa1f227445dd","Audit/report"
"audit/questbook-validation-detailed.json","2288","02de4cf70cdf9c735d9458bdee1c3187c683f2b09212c22f94efd1ddd0f25b6e","Audit/report"
"audit/quest-mods.json","11049","2ce67ed419424737bc46ea4c60297a7a4ce9b346638d5c7a320c0235ec099e47","Audit/report"
"audit/quests.csv","32030","a504d8cb3fb121ba043313bfcba3d85744a161c05b27c9e9b0cf2b1de6549c45","Audit/report"
"audit/rc1-change-manifest.md","2994","127d7659cc98e9ba47a8e82cc7236685e273b16a9d4dff58506b0a15859be073","Audit/report"
"audit/repository-files.csv","self","self-generated","Complete repository file inventory"
"audit/runtime-data-errors-v1.1.0-rc1.md","1738","18474024eae609730136ea546001ed5f72643ed36af62a1fcbcbda4cdd1008a6","Audit/report"
"audit/summary.json","506","a58d3028b26ad98856d70f248908ac6bb1e1cca2c9e7ae6ce5257bf7c723f7b6","Audit/report"
"audit/validation-report.json","3229","a05f1ab0b458fc82a3df85917625c3db27b2748a57db095acc8db7a73587e02d","Audit/report"
"bootstrap/template/instance.cfg","1342","d40fb0127f6c7396eac9d58b59d92a93d9d671cf8e7df34dd36db372b01bc5e1","Prism bootstrap template"
"bootstrap/template/mmc-pack.json","768","8212687fe224e6e5e56329eb2e6e32d1c3434ba685514275eb02bc5323ceffc1","Prism bootstrap template"
"docs/FILE-CLASSIFICATION.md","3998","22f2111e8d7e24885c94e656508e5ca8371c7ec440408880e45708e708b9f010","Documentation"
"docs/OPERATIONS.md","10680","afb89702564546e229b39bcfe864015f5faf1a31dca65b54d9a9655dc6587c2a","Documentation"
"docs/QUESTBOOK.md","887","c197d42cebe27ba1908425e1abeaeb387f8012456d6f012f91c250091da37122","Documentation"
"docs/QUEST-PROGRESSION.md","9523","a3329e11bde25dec961dca4aef28c8caf0541d96229e0fe131c99d52676f607a","Documentation"
"packwiz/.packwizignore","358","cb41fd1266458795314aa2804c78157fb9b83181db32bd6b4a37244171b7e046","Packwiz pack/index/file metadata"
"packwiz/config/#STOP_MOD_REPOSTS.txt.pw.toml","352","a2459be05e9154c5d961a541c8411d7a293e1b073e7402e56848b53c34969084","Packwiz pack/index/file metadata"
"packwiz/config/advancementplaques-common.toml.pw.toml","377","fe1784a1b0ec82718ebd392fab7e17e965f4f68852e3f1d228139d677e9ae06b","Packwiz pack/index/file metadata"
"packwiz/config/aether/aether_customizations.txt.pw.toml","380","0bed98448d950655ee9a3ab5b24e1dd262173f18d28ac276b84cb7e456239d0e","Packwiz pack/index/file metadata"
"packwiz/config/aether/sun_altar_whitelist.json.pw.toml","373","f35ddb2efba51adb6e7e60719818259b32dd021a42ac986070fe9ac1a47afa3a","Packwiz pack/index/file metadata"
"packwiz/config/aether-client.toml.pw.toml","345","39708b2a13e2813c92b2134a85613c951cebfba1fa813280e8de8f6d571b5c66","Packwiz pack/index/file metadata"
"packwiz/config/aether-common.toml.pw.toml","341","273ff16ad1e53d4b7b9b0503720428bac28156e3993772f5d8ec12d613a05069","Packwiz pack/index/file metadata"
"packwiz/config/aethersdelight-common.toml.pw.toml","365","b331a318d92181a9950fc25f66cf484a19279bcff3e2b414783d80cf5a48dbf4","Packwiz pack/index/file metadata"
"packwiz/config/aiimprovements-common.toml.pw.toml","365","624e2ebbf328925b697892b231e0efb87d9a983353ded40ad60ae1ce2852628b","Packwiz pack/index/file metadata"
"packwiz/config/alexscaves_biome_generation/abyssal_chasm.json.pw.toml","397","e04597aca61a5b045357efc9ed6ce7059d655fc226b7c3718a2da59bcf83135a","Packwiz pack/index/file metadata"
"packwiz/config/alexscaves_biome_generation/candy_cavity.json.pw.toml","394","ff22c6f70dfa079833490dca4e341f71015ab1174e2e3222d1e90a0eed9ac38c","Packwiz pack/index/file metadata"
"packwiz/config/alexscaves_biome_generation/forlorn_hollows.json.pw.toml","403","c0063555fada81b3915c891a8da6894fe9a580bddaa842365298314ae93efd56","Packwiz pack/index/file metadata"
"packwiz/config/alexscaves_biome_generation/magnetic_caves.json.pw.toml","400","cd86f6758f8fa06dbe2cd27d6fb0b06e95a6c34b291333c78ae0eafc4d57d79a","Packwiz pack/index/file metadata"
"packwiz/config/alexscaves_biome_generation/primordial_caves.json.pw.toml","406","7468a8610c3d2277689159b9acc37aa75d8c02a6f5ae9e085940f3c6a2c9de6c","Packwiz pack/index/file metadata"
"packwiz/config/alexscaves_biome_generation/toxic_caves.json.pw.toml","391","d067b3c6178b653dc3fdaefd02e7028ba61cc3115cb81998ae7741099948633b","Packwiz pack/index/file metadata"
"packwiz/config/alexscaves-client.toml.pw.toml","357","5eff8bcd090cd5ff81518205fd8f9fef780f6f6abbf41168718f0cdbaec7bf64","Packwiz pack/index/file metadata"
"packwiz/config/alexscaves-general.toml.pw.toml","356","90e2b41f99de4287498de8d283981d9d6360ec454f8af841cf1a92576a64ea5e","Packwiz pack/index/file metadata"
"packwiz/config/alexsmobs.toml.pw.toml","329","06115998867c4937efb755fc81d1ce79d31984a583ee38b1bc173b77bdacf9e8","Packwiz pack/index/file metadata"
"packwiz/config/alexsmobs/alligator_snapping_turtle_spawns.json.pw.toml","418","5731ed9d238f8f65d2db12250212523547f05f3eb6cb494f83c32fb5dc27738e","Packwiz pack/index/file metadata"
"packwiz/config/alexsmobs/anaconda_spawns.json.pw.toml","367","e4a2f36b9997e4783f925dc50dc1bd15f58695b63479002c2328cfb631eda36c","Packwiz pack/index/file metadata"
"packwiz/config/alexsmobs/anteater_spawns.json.pw.toml","367","817a7147b9df2a2dd27ee595ca4a278d4535a885745051400ff44b1a929f7681","Packwiz pack/index/file metadata"
"packwiz/config/alexsmobs/bald_eagle_spawns.json.pw.toml","373","38736e437d7d7ee3915c53a709a8460cae462c58102883339e708dc83f42bf72","Packwiz pack/index/file metadata"
"packwiz/config/alexsmobs/banana_slug_spawns.json.pw.toml","376","982c44d09a349eaaa572b0eeafce66341dec01c745586ce80634a708d8f4be61","Packwiz pack/index/file metadata"
"packwiz/config/alexsmobs/bison_spawns.json.pw.toml","358","6d77564fbba5667b270d252f3a742a9fc5fa449dfd958917072ded0f2fad135f","Packwiz pack/index/file metadata"
"packwiz/config/alexsmobs/blobfish_spawns.json.pw.toml","367","23a9ea08c21d4288640e3ed90615c98c85e125c73b2c8c87ac5d29a94ce97541","Packwiz pack/index/file metadata"
"packwiz/config/alexsmobs/blue_jay_spawns.json.pw.toml","367","c09ac2d71a1896021b6f7dbc186fad43b8ceb3d8e41d52d2a057132220a9018d","Packwiz pack/index/file metadata"
"packwiz/config/alexsmobs/bone_serpent_spawns.json.pw.toml","379","280daa0d8042a313e1b6cd051c6f642c3682ccb59c3b651a27b138b3dc4bd6c7","Packwiz pack/index/file metadata"
"packwiz/config/alexsmobs/bunfungus_spawns.json.pw.toml","370","29280db779d1b6c36e2994fbf462424c8070a795a6a56d46f9b1318179732597","Packwiz pack/index/file metadata"
"packwiz/config/alexsmobs/cachalot_whale_beached_spawns.json.pw.toml","409","a6b74c02e2f92ee014770045205e9cd6b16bdf39177e319b90a02a44c11423d2","Packwiz pack/index/file metadata"
"packwiz/config/alexsmobs/cachalot_whale_spawns.json.pw.toml","385","9a25b4a2453207086d768d6644a446f666247834e1d8c07538cefdcc21917a1f","Packwiz pack/index/file metadata"
"packwiz/config/alexsmobs/caiman_spawns.json.pw.toml","361","8b1c471981dc5c36146e1096020a493b7d700b19edaa763427ae798508b9b9c4","Packwiz pack/index/file metadata"
"packwiz/config/alexsmobs/capuchin_monkey_spawns.json.pw.toml","388","716442efbec7ff3b0edd801ae1c8e530092c0b9c56acf91cbf4e3969fd7f5bb6","Packwiz pack/index/file metadata"
"packwiz/config/alexsmobs/catfish_spawns.json.pw.toml","364","ef8c9bc6f678db4d2c032068e360ae7da5b5fae6edbcb9df8e309109f56dd10f","Packwiz pack/index/file metadata"
"packwiz/config/alexsmobs/cave_centipede_spawns.json.pw.toml","385","c73c93ad0e122825cf10811e205f472194a171907deec3433b80fd22d1994ba7","Packwiz pack/index/file metadata"
"packwiz/config/alexsmobs/cockroach_spawns.json.pw.toml","370","7b0f046eb3e734211f3453532cc2277123131274f4ea5cc26b1c043d179a7441","Packwiz pack/index/file metadata"
"packwiz/config/alexsmobs/comb_jelly_spawns.json.pw.toml","373","1938106ce8729206285eedfea9b23f807b7e29a2457542cac89245d9758be57a","Packwiz pack/index/file metadata"
"packwiz/config/alexsmobs/cosmaw_spawns.json.pw.toml","361","76b5fdc7cea6c0b49697e7b5acf487ead15dc911badea544a5c8589bfd1303df","Packwiz pack/index/file metadata"
"packwiz/config/alexsmobs/cosmic_cod_spawns.json.pw.toml","373","a27082158e29dee2296f66a60f4dbc083a1d4fa863cc047e9bda1866e9c341a5","Packwiz pack/index/file metadata"
"packwiz/config/alexsmobs/crimson_mosquito_spawns.json.pw.toml","391","84cb47ded1934573633f670d11b3add37284d9d38d0564eb8e0b21460718f44c","Packwiz pack/index/file metadata"
"packwiz/config/alexsmobs/crocodile_spawns.json.pw.toml","370","70fd54bf53df2ab6e5ec7ab8190911e67af3ea5cd5a3a19b1746c4e074cc015c","Packwiz pack/index/file metadata"
"packwiz/config/alexsmobs/crow_spawns.json.pw.toml","355","4cf87baf75da54bec4298fd971e72912fd8c0a229a0fe28b7d299f553c7ae110","Packwiz pack/index/file metadata"
"packwiz/config/alexsmobs/devils_hole_pupfish_spawns.json.pw.toml","400","edadeb34ad8836ca0a102dbc637d94a693da90b983a0d162478a2def8fc7363f","Packwiz pack/index/file metadata"
"packwiz/config/alexsmobs/dropbear_spawns.json.pw.toml","367","f50fd2050445dbc9d329f21f42c6123b1d1ab16720345e949404b95f414aad45","Packwiz pack/index/file metadata"
"packwiz/config/alexsmobs/elephant_spawns.json.pw.toml","367","a3f272066a6eaaf099feb0a1cb019ded355a8fa2599ca30ffe712949b65c8f97","Packwiz pack/index/file metadata"
"packwiz/config/alexsmobs/emu_spawns.json.pw.toml","352","1138a704c563d23a5cd2ef338ea4bd075ce8728971e8952fdf61853e0a3b8b1b","Packwiz pack/index/file metadata"
"packwiz/config/alexsmobs/endergrade_spawns.json.pw.toml","373","f6f91d9d27d8e48464db3cac1e7f1996a4497735953b842e097c6e1464f8b52c","Packwiz pack/index/file metadata"
"packwiz/config/alexsmobs/enderiophage_spawns.json.pw.toml","379","7a1d86856d6e48d0df76736b6889f55b3575a5c85bdd8c52fbd78a61625ddab9","Packwiz pack/index/file metadata"
"packwiz/config/alexsmobs/farseer.json.pw.toml","343","6271cbebdd6deeb87f68e3db021550e5fac62eef6b60446cd50f688b89e57b84","Packwiz pack/index/file metadata"
"packwiz/config/alexsmobs/flutter_spawns.json.pw.toml","364","284ad6fb27f3d4ac4328cea7b32685516e9fb6c975a458db66330659b0027007","Packwiz pack/index/file metadata"
"packwiz/config/alexsmobs/fly_spawns.json.pw.toml","352","70e9ceb139094d4501e32d81215b2811669b19789f65ba7d88dd2d5c9fc521b2","Packwiz pack/index/file metadata"
"packwiz/config/alexsmobs/flying_fish_spawns.json.pw.toml","376","0dbb270ba894c50e42cb550386ec344850452da114ba6578a3a107fd14b9abdc","Packwiz pack/index/file metadata"
"packwiz/config/alexsmobs/frilled_shark_spawns.json.pw.toml","382","4f1a2ee5837121f17828d21b19ff8570bc50fb0239854839ae74258b50c082fe","Packwiz pack/index/file metadata"
"packwiz/config/alexsmobs/froststalker_spawns.json.pw.toml","379","14aa756f788c86ad7f3faf3a66199586f87134567019b4ac62b45ae5c43736da","Packwiz pack/index/file metadata"
"packwiz/config/alexsmobs/gazelle_spawns.json.pw.toml","364","d346cd4151c398895a151552676a670f72b4e00bea798f2e03e71d96525f9de6","Packwiz pack/index/file metadata"
"packwiz/config/alexsmobs/gelada_monkey_spawns.json.pw.toml","382","eb9d208015e3354870e84610252c5c30fde0574d0cd85eff6b97d47ca7f59ec8","Packwiz pack/index/file metadata"
"packwiz/config/alexsmobs/giant_squid_spawns.json.pw.toml","376","76d739d423ff0843402612b6b88aede827091378319e15f864f90c0ff205dad4","Packwiz pack/index/file metadata"
"packwiz/config/alexsmobs/gorilla_spawns.json.pw.toml","364","7252b4ffd78ba53449239e80198906211d3e09278c19355b8645a3632ff92323","Packwiz pack/index/file metadata"
"packwiz/config/alexsmobs/grizzly_bear_spawns.json.pw.toml","379","21db5471d6ef22f3b258ca56d66371b5327afc16d0f9101caf4124b8d74b842a","Packwiz pack/index/file metadata"
"packwiz/config/alexsmobs/guster_spawns.json.pw.toml","361","b08b7a4fd62a1fcf33533c8fbe348bd5e21ec402fe0957d315573f635ca13dfa","Packwiz pack/index/file metadata"
"packwiz/config/alexsmobs/hammerhead_shark_spawns.json.pw.toml","391","dd3f90dfcedb97a48dcde7afb4ff55d8c928eb81c5be7ab5fbc9d9abd5118b5d","Packwiz pack/index/file metadata"
"packwiz/config/alexsmobs/hummingbird_spawns.json.pw.toml","376","f217d2b395861ccbc29435c94e65c13b748afc567ec640266b59023c386e7923","Packwiz pack/index/file metadata"
"packwiz/config/alexsmobs/jerboa_spawns.json.pw.toml","361","fe4ef6d4e6df49a7624737657ebead67709d5272ff0fc5eae893e158fdb84de1","Packwiz pack/index/file metadata"
"packwiz/config/alexsmobs/kangaroo_spawns.json.pw.toml","367","9505984959e360e1a94af6fc9db584490d8d24d85cb20a89270b54e688dc20cf","Packwiz pack/index/file metadata"
"packwiz/config/alexsmobs/komodo_dragon_spawns.json.pw.toml","382","abbb8f28425276d0563f6e41fec26b861f20a8f741d02d3c029949a874b6d4f3","Packwiz pack/index/file metadata"
"packwiz/config/alexsmobs/laviathan_spawns.json.pw.toml","370","6bd9452ecb68c64160d06312e540314762cd9fb05e55c06c5417fe3bb668bcc8","Packwiz pack/index/file metadata"
"packwiz/config/alexsmobs/leafcutter_anthill_spawns.json.pw.toml","397","7d7834017af506bf32eab2bb5de4aea44c6f8edcd7122adf7a77f399c6e65926","Packwiz pack/index/file metadata"
"packwiz/config/alexsmobs/lobster_spawns.json.pw.toml","364","63eb68da5153d29470e5e81c14bae34e6f073346997b96555a49a375afe05285","Packwiz pack/index/file metadata"
"packwiz/config/alexsmobs/maned_wolf_spawns.json.pw.toml","373","e6248dc206621c4b8f1992ec2fff8aa1a4fe359d2712286293269696ba8b03c1","Packwiz pack/index/file metadata"
"packwiz/config/alexsmobs/mantis_shrimp_spawns.json.pw.toml","382","9f80f181089f308f054b20fc8d8b455eddbf821f9f99b5821780a5f503c099e4","Packwiz pack/index/file metadata"
"packwiz/config/alexsmobs/mimic_octopus_spawns.json.pw.toml","382","e8a5f40440f3ad37115f993de1bde548544bdaeb1c65bb58807b91706f59f730","Packwiz pack/index/file metadata"
"packwiz/config/alexsmobs/mimicube_spawns.json.pw.toml","367","b52e5ff9cbc8d8a1c216c217b00f38af6cdbe7daf70824181d8ced131d529b18","Packwiz pack/index/file metadata"
"packwiz/config/alexsmobs/moose_spawns.json.pw.toml","358","997738506463d936dfebe2269a585d5e35c6f09533706d141995d58f3dbc44c9","Packwiz pack/index/file metadata"
"packwiz/config/alexsmobs/mudskipper_spawns.json.pw.toml","373","91ac5cce2ec5242797e03950fc5aa9b5933d57a858f4b145dc5a008e5f4e302d","Packwiz pack/index/file metadata"
"packwiz/config/alexsmobs/mungus_spawns.json.pw.toml","361","45316024e9058e083546388522b37dd63ad6949373cb527a3ce63795011bfe76","Packwiz pack/index/file metadata"
"packwiz/config/alexsmobs/murmur.json.pw.toml","340","303702e342d681bfa360d82ba6bf797671809d24ee4d71ecb6161ba147cd7a20","Packwiz pack/index/file metadata"
"packwiz/config/alexsmobs/orca_spawns.json.pw.toml","355","6a9483d3e94ccad2b0282da7691a138772aa6ef8ca840521b1eeedc667ce0985","Packwiz pack/index/file metadata"
"packwiz/config/alexsmobs/platypus_spawns.json.pw.toml","367","c5396ebe8ae80e9ca4377350f839d85539d65dd863b777d0b73cc4ce203d6eaa","Packwiz pack/index/file metadata"
"packwiz/config/alexsmobs/potoo_spawns.json.pw.toml","358","1dcabb159a8197e1fdc07411901730c3d7048ffec722211b17deb30d817955f3","Packwiz pack/index/file metadata"
"packwiz/config/alexsmobs/raccoon_spawns.json.pw.toml","364","f4f051eb60a08379f345f0980651de3e0d683b461813cf9dad4da8da53ecf72c","Packwiz pack/index/file metadata"
"packwiz/config/alexsmobs/rain_frog_spawns.json.pw.toml","370","b3403e166019050744370385f8bbdbbf286dce9a3f750998b677c56409de9ae8","Packwiz pack/index/file metadata"
"packwiz/config/alexsmobs/rattlesnake_spawns.json.pw.toml","376","2221c97b1b5e8bc1b2507bfa39bdc48e09f79ba33d6ea2ff90764bfea4cb9ecf","Packwiz pack/index/file metadata"
"packwiz/config/alexsmobs/rhinoceros_spawns.json.pw.toml","373","add028cd66a896c60a9df7190198db0bf84d43067a26550cb6fd3a6453551410","Packwiz pack/index/file metadata"
"packwiz/config/alexsmobs/roadrunner_spawns.json.pw.toml","373","5ceadf240aad392762b34195cb0441886d5b5565ae599bbf5921e9f32a3b701f","Packwiz pack/index/file metadata"
"packwiz/config/alexsmobs/rocky_roller_spawns.json.pw.toml","379","e5990aeaec0c53f8fc802fad0cd1257dd62dadba40e04d6455c804254a7ff460","Packwiz pack/index/file metadata"
"packwiz/config/alexsmobs/seagull_spawns.json.pw.toml","364","a7e5f2728698a1f21540ff627b89a7f2de2326c896e01a6423765499c66e1b4b","Packwiz pack/index/file metadata"
"packwiz/config/alexsmobs/seal_spawns.json.pw.toml","355","b145db2437adc35f219ea7c8fd8d44b11e8b267f7fe6ade0bb73962f1d970542","Packwiz pack/index/file metadata"
"packwiz/config/alexsmobs/shoebill_spawns.json.pw.toml","367","829609561c38cdc8f764e035299611ee04f6293972247db93a53da23e5222ee0","Packwiz pack/index/file metadata"
"packwiz/config/alexsmobs/skelewag_spawns.json.pw.toml","367","7a3f5ac787501b5a09e3194d39bdd4b0502009e2925cad006e6cd9e911749f08","Packwiz pack/index/file metadata"
"packwiz/config/alexsmobs/skreecher.json.pw.toml","349","1a2cc1197a1e7cc0952516dd6e0370bbf9af2e86f77cf2c2b98d15aafc81ac76","Packwiz pack/index/file metadata"
"packwiz/config/alexsmobs/skunk_spawns.json.pw.toml","358","faf5aee70396a992381327c6727ad468321a938ae73740000b9c7f834a4c6599","Packwiz pack/index/file metadata"
"packwiz/config/alexsmobs/snow_leopard_spawns.json.pw.toml","379","d064d649bbaf803739cdff875163206d8c67ccfa7b8d762ea79267d24ada5181","Packwiz pack/index/file metadata"
"packwiz/config/alexsmobs/soul_vulture_spawns.json.pw.toml","379","6c02c77ceae4791fc9e26afe1ed498ea32839c97d37314ae7a11b08abf3ce992","Packwiz pack/index/file metadata"
"packwiz/config/alexsmobs/spectre_spawns.json.pw.toml","364","3d164521b8409e8fff68d0dbb4fefe7e609ded87d4d7b839133d56e5a6eebbab","Packwiz pack/index/file metadata"
"packwiz/config/alexsmobs/straddler_spawns.json.pw.toml","370","e82bcbbe3ceb1411ee4792f19ddc2f57e092775085da2631dfbcca3d2a02a0ae","Packwiz pack/index/file metadata"
"packwiz/config/alexsmobs/stradpole_spawns.json.pw.toml","370","5918289051bf7b11b3590c039e1e5d1a7b2b9a97017ee628ca0fae3e59a6ca32","Packwiz pack/index/file metadata"
"packwiz/config/alexsmobs/sugar_glider_spawns.json.pw.toml","379","35155080d99401fb602737ac055d09eacba6a7ea99ac88be27c63b308b7487b8","Packwiz pack/index/file metadata"
"packwiz/config/alexsmobs/sunbird_spawns.json.pw.toml","364","4a35cf8fc4238fbe51f88c1de7ea6e00daf25d4d4decb2ddb5e544639f5903fb","Packwiz pack/index/file metadata"
"packwiz/config/alexsmobs/tarantula_hawk_spawns.json.pw.toml","385","3843e2cd869541d41027a18adb675f6efe876ed9e077b18967f6e6658822293b","Packwiz pack/index/file metadata"
"packwiz/config/alexsmobs/tasmanian_devil_spawns.json.pw.toml","388","26070f1b2817587e4fa41759421ca71b055f079b4056c120ac08d3b582e352d4","Packwiz pack/index/file metadata"
"packwiz/config/alexsmobs/terrapin_spawns.json.pw.toml","367","40f18857c81224698fad79daca46e0ba866240359918472694bed717861238b8","Packwiz pack/index/file metadata"
"packwiz/config/alexsmobs/tiger_spawns.json.pw.toml","358","f44f208532e70b25c9d9dad3d8eb9aa30685fb4d648545b59b0207246425c34c","Packwiz pack/index/file metadata"
"packwiz/config/alexsmobs/toucan_spawns.json.pw.toml","361","8815df4d20da351f341c519a8e02441f46e00ed0ae1c1ae62653b688c1961166","Packwiz pack/index/file metadata"
"packwiz/config/alexsmobs/triops_spawns.json.pw.toml","361","cfd3e9de4ccba9be772b3044a3229b0a8700f43fa7b121cb58050b2036ebc89d","Packwiz pack/index/file metadata"
"packwiz/config/alexsmobs/tusklin_spawns.json.pw.toml","364","2f839989e5d8499ce4da5c705470139bbd8e2823a7b05c587564838bffd47e44","Packwiz pack/index/file metadata"
"packwiz/config/alexsmobs/underminer.json.pw.toml","352","c4ffac5c7c83b0ef7952ceb96e37b95375bd601555e0b38fbab59baa32f3ce54","Packwiz pack/index/file metadata"
"packwiz/config/alexsmobs/void_worm_spawns.json.pw.toml","370","e3e76b60f20ec4ae31745cdb49edb4ffd4304a2b3da7b31553b6649e289889fa","Packwiz pack/index/file metadata"
"packwiz/config/alexsmobs/warped_mosco_spawns.json.pw.toml","379","aa396be7af816f1e65466602b48a906985520ed5ab1dc99ba7445e40fe29b0fc","Packwiz pack/index/file metadata"
"packwiz/config/alexsmobs/warped_toad_spawns.json.pw.toml","376","74f2e378d739c0ea241117d01717cd2e518c7ab0f6ae318beab7a14e79b8d371","Packwiz pack/index/file metadata"
"packwiz/config/ambientsounds-client.json.pw.toml","366","e6d3ae6f5b7e9abd2ad7b9d11a76fc23671ce7c32eae7df06ace997dd7d4f180","Packwiz pack/index/file metadata"
"packwiz/config/amendments-client.toml.pw.toml","357","0d43be202ca27c3138c1aeaf3e2fe8a5c40ca8732bc5f4c7b468aeb38086e4a0","Packwiz pack/index/file metadata"
"packwiz/config/amendments-common.toml.pw.toml","353","2dceee6b9c07a7eefe4462649610e4a7f2497a92897df8a9623056c812dd4e6e","Packwiz pack/index/file metadata"
"packwiz/config/appleskin-client.toml.pw.toml","354","6d87d7ae45920e0155d38471ff02b8d37f34a381e65790790934108fe15a8047","Packwiz pack/index/file metadata"
"packwiz/config/aquaculture-common.toml.pw.toml","356","e74c3b326fe8522825fee78cf873b799972d6e8398294295d1adeb1051ff9103","Packwiz pack/index/file metadata"
"packwiz/config/armoroftheages.json.pw.toml","344","63a772f3092dd0de3a6c6d5976dc98b8570d6178de5db7d75c987533e372ba84","Packwiz pack/index/file metadata"
"packwiz/config/artifacts/client.json5.pw.toml","347","3a44d7cd4b258da629e2330138963e5a7e9588f340fe77f988dfb77d72c380d1","Packwiz pack/index/file metadata"
"packwiz/config/artifacts/common.json5.pw.toml","343","53e53ee669a0f94714405880b796f5e941301ffeb50b2a308a41e7d521c0b3eb","Packwiz pack/index/file metadata"
"packwiz/config/astikorcartsredux-client.toml.pw.toml","378","dcb87b904deb1649155b3b516ab8df6dcce36a3bc9353019f3c741675d3d3d72","Packwiz pack/index/file metadata"
"packwiz/config/astikorcartsredux-common.toml.pw.toml","374","e086f239821fa9b371756bcb19079b8b292bfd45c4ec04c3ee2e95c89476cb51","Packwiz pack/index/file metadata"
"packwiz/config/autumnity-common.toml.pw.toml","350","324d0b8be2cb533c3acf0980d97293d9ecc3c8b95c356efe13faaef128ae0bfe","Packwiz pack/index/file metadata"
"packwiz/config/bettas_aquatics-common.toml.pw.toml","368","3748dea010b0322f14c9954faf7f70fc338f865302754af211a832bda1a0dee5","Packwiz pack/index/file metadata"
"packwiz/config/betteradvancements-client.toml.pw.toml","381","ae31b1392e2c984b3628734c66618b3b5f4b4a50d7711306cadfc30e089c212c","Packwiz pack/index/file metadata"
"packwiz/config/betterarcheology_structures/structure_settings.json5.pw.toml","415","068a65d121f5affb47784aa8d1e99eb36617cd6a4561f0b2376171b010c4acb8","Packwiz pack/index/file metadata"
"packwiz/config/betterarcheology_structures/structure_toggle.json5.pw.toml","409","d0857db59ba99e10119291e94045c63409e06e52f928c2c3b4e69ac870f11888","Packwiz pack/index/file metadata"
"packwiz/config/betterarcheology-common.toml.pw.toml","371","0551274487c681262817908df031d72b15fe8b020de12e6eb3e5ed94743e0a3a","Packwiz pack/index/file metadata"
"packwiz/config/betterdeserttemples/forge-1_20/armorstands.json.pw.toml","397","816a78f6007a38ff7cc26e081209a3539cf730544f235aac9a4792027e0fe840","Packwiz pack/index/file metadata"
"packwiz/config/betterdeserttemples/forge-1_20/itemframes.json.pw.toml","394","962f7866367159146385ddd62b066d4a07ab5314b4dbd6f180cf0837de2afbad","Packwiz pack/index/file metadata"
"packwiz/config/betterdeserttemples/forge-1_20/README.txt.pw.toml","379","73c2894f0fce2181593a22bb6a5aeb8fd60bc19ab77d37118a11356d131c77c9","Packwiz pack/index/file metadata"
"packwiz/config/betterdeserttemples/README.txt.pw.toml","357","6e2b362c8b3b334465bf75ca6414a639225864c9823a555d255c4d3be304df75","Packwiz pack/index/file metadata"
"packwiz/config/betterdeserttemples-forge-1_20.toml.pw.toml","392","c0ae0266bfc14df1c10c41b15f5dc0d55404cd1b38b7437d1ec722a646b17d33","Packwiz pack/index/file metadata"
"packwiz/config/betterdungeons-forge-1_20.toml.pw.toml","377","8fd50d8fab1a2399657807dbc38f7af60ac029ef283a1ea76b70e8fdfcc4f09b","Packwiz pack/index/file metadata"
"packwiz/config/betterendisland-forge-1_20.toml.pw.toml","380","27dda98500395012e44d2aa91cf0b94db30800a377026b3a4f467def21fe130c","Packwiz pack/index/file metadata"
"packwiz/config/betterfishtanks-common.toml.pw.toml","368","1c931bcd511030556d7d2e4515e84c2e5c76ac2ae65a019fbaef2f3d68e70da6","Packwiz pack/index/file metadata"
"packwiz/config/betterfortresses/forge-1_20/itemframes.json.pw.toml","388","87359156cf92ad0cf96b8af9aa2b837fa7b0cd2ebe7160c614e5606debc5b438","Packwiz pack/index/file metadata"
"packwiz/config/betterfortresses/forge-1_20/README.txt.pw.toml","373","1c616b48eb8562104db6b675fdb1ca80deb76db0aad708cb5156b2b6c68fae07","Packwiz pack/index/file metadata"
"packwiz/config/betterfortresses/README.txt.pw.toml","351","c8573df6218c9d122cb4e1b8b0f9934475a6c95798822b1b4b653d2d07b5b3d0","Packwiz pack/index/file metadata"
"packwiz/config/betterfortresses-forge-1_20.toml.pw.toml","383","4a4f2a53bfa519e5a2f9ea736c53bccc24fe3ffaa529116eef7dc1d6ffaecacb","Packwiz pack/index/file metadata"
"packwiz/config/betterjungletemples-forge-1_20.toml.pw.toml","392","8bc68643b4ffa80c374c005fb993201fd7d311885511ad5301d11197e3f7188f","Packwiz pack/index/file metadata"
"packwiz/config/bettermineshafts-forge-1_20.toml.pw.toml","383","8c87b126816dadee334af924dd032e852b2fadb7d1d6893968307e61a5a48240","Packwiz pack/index/file metadata"
"packwiz/config/betteroceanmonuments-forge-1_20.toml.pw.toml","395","f8ec3dbaad2757f5c69b7eaf4aaec0adfa2133d8a5220a1c9e2aeef0f0ae942b","Packwiz pack/index/file metadata"
"packwiz/config/betterstrongholds/forge-1_20/armorstands.json.pw.toml","393","f4f9ab5c360f79ce8b5f1b67dd31f3f273000e1625c0e1c37161e84557adcb7f","Packwiz pack/index/file metadata"
"packwiz/config/betterstrongholds/forge-1_20/itemframes.json.pw.toml","390","573d576dacc4178bb6d08fbbcfede2f5abfb7aa38b92d00e7c6131be80d9d024","Packwiz pack/index/file metadata"
"packwiz/config/betterstrongholds/forge-1_20/ores.json.pw.toml","372","8abed95937c4f81774527edddc69a17567d448f2158e20d43323b08ef5265164","Packwiz pack/index/file metadata"
"packwiz/config/betterstrongholds/forge-1_20/rareblocks.json.pw.toml","390","6f65567c7b40496ad3e33c3acd87455fb0c0aede0ab31727bda439c6cd21c45c","Packwiz pack/index/file metadata"
"packwiz/config/betterstrongholds/forge-1_20/README.txt.pw.toml","375","64c2af0fa75ed41644d3eba39a35f836c2f8d6a49853a3fd6c1b417ea01a36c0","Packwiz pack/index/file metadata"
"packwiz/config/betterstrongholds/README.txt.pw.toml","353","c631408cb14c68c4501e763c243d012f74c085f2dcf3de195dbf168179bed262","Packwiz pack/index/file metadata"
"packwiz/config/betterstrongholds-forge-1_20.toml.pw.toml","386","1ed15cab469fa8e2b8eb01daa0264aa224aafea2131830607a168e97c72d6f91","Packwiz pack/index/file metadata"
"packwiz/config/betterthirdperson-common.toml.pw.toml","374","c9f3bf1001b54a09dc22092d1b25cee04dab2e029d1ae25d87ff41cfddb2e86d","Packwiz pack/index/file metadata"
"packwiz/config/betterwitchhuts-forge-1_20.toml.pw.toml","380","d039809d49d02ed4e7b7f4466f43d80726a051d1dd131145524b8fb450d49dc6","Packwiz pack/index/file metadata"
"packwiz/config/biomesoplenty/biome_toggles.json.pw.toml","369","6b2f71d619b33718f3119e8c3e39348c3c2a600d69d34aa271be486d2a8287cd","Packwiz pack/index/file metadata"
"packwiz/config/biomesoplenty/gameplay.toml.pw.toml","354","9605e777e996934d7e0a8b45f2a08863481d6374160720878e92a84bee18d4ba","Packwiz pack/index/file metadata"
"packwiz/config/biomesoplenty/generation.toml.pw.toml","360","817cb023c9c366306159b3e1ca6daaf52e44fd1b2d497c0f81cd1ba3a48abc18","Packwiz pack/index/file metadata"
"packwiz/config/blueprint-client.toml.pw.toml","354","2002af4f6a17d1d7de9d1f821d9e6348a2d1af18b38f2dc9b965ae1d7898fb30","Packwiz pack/index/file metadata"
"packwiz/config/blueprint-common.toml.pw.toml","350","f80a49946df3efff37d3ee08956ebf6e32c6a57e661911a22751d770e3e17972","Packwiz pack/index/file metadata"
"packwiz/config/bountiful/bountiful.json.pw.toml","349","e1b4cddafb1d2879b2823cae0fe07f6b1ed6f9dd66b19e29416ae9054bc56e22","Packwiz pack/index/file metadata"
"packwiz/config/brewinandchewin-client.toml.pw.toml","372","161e3c41e19e79d16ff8e45f1267bbab5e306198a491bdf3f98de6d6ee45a8b9","Packwiz pack/index/file metadata"
"packwiz/config/brewinandchewin-common.toml.pw.toml","368","84e324c4c8cc0612b5ae5dda10363a5fdbd275f7a575aa73debbc8c93d8b6d53","Packwiz pack/index/file metadata"
"packwiz/config/carryon-client.toml.pw.toml","348","1f35e5beaed42b0a1fd1528ec91f562822f5723b61adf5f6025a571d5f81b69f","Packwiz pack/index/file metadata"
"packwiz/config/carryon-common.toml.pw.toml","344","c27ff1f4475c339a91ef450e791d1679e669f31e52386fac77038a336dd217cc","Packwiz pack/index/file metadata"
"packwiz/config/caverns_and_chasms-client.toml.pw.toml","381","155f994601725cccb2587c2b48f23c45b35fd9f8919dd25c87ad2307cbf9aeaf","Packwiz pack/index/file metadata"
"packwiz/config/caverns_and_chasms-common.toml.pw.toml","377","b4e63b57b2199ad8c79d63dec7cf4edfb7c616a59e38f04dbb349ca4fbbb01c0","Packwiz pack/index/file metadata"
"packwiz/config/chalk-client.toml.pw.toml","342","b438291a0c3e33d8778e6b4020fefafcea4fddad1afd5c75326f9a8b743d8927","Packwiz pack/index/file metadata"
"packwiz/config/chalk-common.toml.pw.toml","338","30c9d41a1f07501b4c20a6990c496d94c4c19438e4930470b40766722615cacd","Packwiz pack/index/file metadata"
"packwiz/config/chat_heads.json5.pw.toml","335","96635b0e0b76d0b26eb00607cc7638ae93b79c92f4bcfc904d668d8a042fb7ac","Packwiz pack/index/file metadata"
"packwiz/config/chunky/config.json.pw.toml","338","13a01ea1e468308a4970c4645fd53531a0b0ad18f8e2a6bc75b1c559b4664c9c","Packwiz pack/index/file metadata"
"packwiz/config/citadel-common.toml.pw.toml","344","187b54a9bfa272f393c4945cb0bed697836d0908a51f3d015fa0887961e6ac22","Packwiz pack/index/file metadata"
"packwiz/config/collectibles-client.toml.pw.toml","363","26419ce5660f621612419a5ec8bf4264926d9224569247576ff9177e95308f69","Packwiz pack/index/file metadata"
"packwiz/config/collective.json5.pw.toml","335","86740df26b06980c3d262d61e6426e8f2b58660c13ef76084d1f37d2ba8adc36","Packwiz pack/index/file metadata"
"packwiz/config/comforts-server.toml.pw.toml","351","ac8b44fb3fa9dea0d1a590efacb5c0314bcf116bd0e96892ed82840cc0a59b44","Packwiz pack/index/file metadata"
"packwiz/config/cookingforblockheads-common.toml.pw.toml","383","c1e4562a102e4d1473f4bdb2eec48e45a7a7688446e8f6b86d0951d0cd5891eb","Packwiz pack/index/file metadata"
"packwiz/config/copycats-client.toml.pw.toml","351","31a103b7f4d4e8ed356a7c7cdb16e9ba0ca605726f9e2644fd783d899d68cdb9","Packwiz pack/index/file metadata"
"packwiz/config/copycats-common.toml.pw.toml","347","6d9b896a96ca667f7941008c7cd05f2482a3f0b21d9d55de2504c14b21e681b4","Packwiz pack/index/file metadata"
"packwiz/config/craftingtweaks-common.toml.pw.toml","365","e3403a8469f047ec1109a069a6dbf88393625ffd34c4dcf5523aeddb05243f1a","Packwiz pack/index/file metadata"
"packwiz/config/create_central_kitchen-common.toml.pw.toml","389","ad387e99b7338e158287c01165c2bb4577e3930d22c4c217958a170188421b62","Packwiz pack/index/file metadata"
"packwiz/config/create_connected-common.toml.pw.toml","371","ba58060bd1021801d76b137fccf9b55fb01d379f17d21d6da063c4765341d50a","Packwiz pack/index/file metadata"
"packwiz/config/create-client.toml.pw.toml","345","0ea1e897bfc388fbd509d4f109191bdd920c159463ed7dce4aab70b1297de19c","Packwiz pack/index/file metadata"
"packwiz/config/create-common.toml.pw.toml","341","2aeed1e5995c1c23a23f29830df7302128fbf1a203f37c2279b63d695728f6e1","Packwiz pack/index/file metadata"
"packwiz/config/creeperoverhaul.jsonc.pw.toml","350","959c9a57950be0255d7e83ab31e0c485894fd354132239e0f99e5a72af311dcb","Packwiz pack/index/file metadata"
"packwiz/config/cristellib/minecraftED.json5.pw.toml","360","e17811ca9b7dd56118ccf47a7a9bc4c28473be621b3606010a5221213af01d22","Packwiz pack/index/file metadata"
"packwiz/config/cristellib/minecraftP.json5.pw.toml","357","a18deaa539bf09cfa5a87689f6f63403eed6123bdb123c791845db576a4a9dae","Packwiz pack/index/file metadata"
"packwiz/config/crittersandcompanions-common.json5.pw.toml","389","3891db4c59d01610e800e9b518ad3bddb2c473c9def1ca7c8a1c1f9d06670fb4","Packwiz pack/index/file metadata"
"packwiz/config/crittersandcompanions-common.toml.pw.toml","386","1f4a20cfc833d670410475db277ca34b8c5a62a1a60e1462b343cba124472f92","Packwiz pack/index/file metadata"
"packwiz/config/cubes_without_borders.json.pw.toml","365","89b35309366997d74850e1370e656d9cf73e78ac86886f8890d394ee99ff990c","Packwiz pack/index/file metadata"
"packwiz/config/cumulus_menus-client.toml.pw.toml","366","7e12ea46b1b397f5753a987ea6768389e30404c2d57c0403ca6b90c87776c5c7","Packwiz pack/index/file metadata"
"packwiz/config/curios-client.toml.pw.toml","345","79f6fa1903f467b913baae47a36c8a13f4c482e4a6587ff6bf446303c568e794","Packwiz pack/index/file metadata"
"packwiz/config/curios-common.toml.pw.toml","341","aa26da323943d5e056fedee0d48db4b6d165f739b08f7b65ed212687ee9a06b2","Packwiz pack/index/file metadata"
"packwiz/config/dawnoftimebuilder/patrons_cache.json.pw.toml","377","254f8a87ce6f9f943e9145909c231b3e37debdf4fa08e52ccd898a3e6656ad57","Packwiz pack/index/file metadata"
"packwiz/config/deeperdarker-common.toml.pw.toml","359","6e0e3c03dbad07ea1efd1f971f0048d98292c2289a5e144c788a82214e16abd6","Packwiz pack/index/file metadata"
"packwiz/config/delightful-common.toml.pw.toml","353","e7edf58d08d12d6d26bb7893331aa8ae27397b51e046a8b4ae03d54e0cbfdc28","Packwiz pack/index/file metadata"
"packwiz/config/doggytalents-client.toml.pw.toml","363","daf0cbb5d088b2e292d628d49ce74a8176be7053fd9ea67639290de4695c660a","Packwiz pack/index/file metadata"
"packwiz/config/doggytalents-dog_custom_skins_client.toml.pw.toml","414","64377c1f5b096844a52deacd3ed4b29778be585dba943148b0e443f13ae964d4","Packwiz pack/index/file metadata"
"packwiz/config/domestication-innovation.toml.pw.toml","374","e7ae70b13f48192ee636c5a11f921b0890a06ebdda29899d5dbded4d00322abe","Packwiz pack/index/file metadata"
"packwiz/config/doubledoors.json5.pw.toml","338","3b476323c31344dd2f57b9b6fe93781012b7a702fc7a5c8f942203d8c633dd0e","Packwiz pack/index/file metadata"
"packwiz/config/dungeons_plus-common.toml.pw.toml","362","597f4a23e3c3588db52973606787796860a1ad50f86c2963ceaba397f9f8d58f","Packwiz pack/index/file metadata"
"packwiz/config/dynamiclights.json.pw.toml","341","4807c244853c7cafa3e0cf7ffee2a24c3e528099c866ab8afc50815bf4232ba7","Packwiz pack/index/file metadata"
"packwiz/config/easyanvils-client.toml.pw.toml","357","d1a7d6068678c6b36189d58162f649df8a7bd1cf60660997613d07e4fb5389a7","Packwiz pack/index/file metadata"
"packwiz/config/easyanvils-server.toml.pw.toml","357","748d22199189b7131729666ded08201a2b081413c1ed1039cdbdaf8466fd5f08","Packwiz pack/index/file metadata"
"packwiz/config/easymagic-client.toml.pw.toml","354","8f1a75030649b8831bea10643773b1756d26d6bd6d702448e82b8e378886017f","Packwiz pack/index/file metadata"
"packwiz/config/easymagic-server.toml.pw.toml","354","8d110c04df72d420c0b7cad2c321816bfbb14640895ac7a0933ebbecb5e797f5","Packwiz pack/index/file metadata"
"packwiz/config/ecologics-common.toml.pw.toml","350","9306b8c716fb614de3909467fa0a364e80e361dd804b4f41c13f12b5edb8c954","Packwiz pack/index/file metadata"
"packwiz/config/embeddium-fingerprint.json.pw.toml","365","2c68fdd38c4d5c6e7673babc53d966f8a75bdd8dce5ab7655440ee971a044ab4","Packwiz pack/index/file metadata"
"packwiz/config/embeddium-mixins.properties.pw.toml","368","f8e1718e436dc9b09304d007a28b28fed160536b8abbe5819b57a17f1e6a7874","Packwiz pack/index/file metadata"
"packwiz/config/enchdesc.json.pw.toml","326","043345efb3bbcb21139b8ebf5f8a7639c316b810f649b2d3e21216cef9aad995","Packwiz pack/index/file metadata"
"packwiz/config/endermanoverhaul.jsonc.pw.toml","353","497a8a78ad1b29a60bb428f5b4760f7755fe024eea1ec8acf75f1a749f57b4bd","Packwiz pack/index/file metadata"
"packwiz/config/endermanoverhaul-client.jsonc.pw.toml","378","512721b61c1d16440731a6975f9e079238757bbf6fae71ede9b98cdbdd11ab58","Packwiz pack/index/file metadata"
"packwiz/config/endrem.toml.pw.toml","320","8ed455911af15ea1f29957c104914dcd4d3156957d192eb557d28b33b9a95fd0","Packwiz pack/index/file metadata"
"packwiz/config/entity_texture_features.json.pw.toml","371","84e7dd2398ef117eee2855c5cbeab9225df55c3759da4c540d9f251f9c6cbab7","Packwiz pack/index/file metadata"
"packwiz/config/entityculling.json.pw.toml","341","322dabcb7cab97a0c2296be7a32c62edd77251e8df793c7a015c9628a953cd00","Packwiz pack/index/file metadata"
"packwiz/config/equipmentcompare-common.toml.pw.toml","375","3fc70d559692886b9031b66621c5953e60ad73444bcad5120d72859eaa502694","Packwiz pack/index/file metadata"
"packwiz/config/etf_warnings.json.pw.toml","338","2d1d1433e5fbec9a52b19afcf25ace77b8c1564de4186dd1e110638c1072b188","Packwiz pack/index/file metadata"
"packwiz/config/everycomp-client.toml.pw.toml","354","7226cb6a1278856e1f5299181ffdd6f6f4a2e4d8886690dc21011c9017c94a82","Packwiz pack/index/file metadata"
"packwiz/config/everycomp-common.toml.pw.toml","350","0aa71f33eb68ae9b86cc124de89f1008ee42564f91e048358570081e29b30ea2","Packwiz pack/index/file metadata"
"packwiz/config/everycomp-entries.toml.pw.toml","353","1c45cb51b65e0896a23344f8edefa2fe1efcb57689e84a16f9454b6618ea8d9d","Packwiz pack/index/file metadata"
"packwiz/config/everycomp-hazardous.toml.pw.toml","359","c41570134bcfa4e459f4cfb8c9f0c47e99d01ad9f47f06f9b2384977a2063b12","Packwiz pack/index/file metadata"
"packwiz/config/exoticbirds-common.toml.pw.toml","356","23281165aa7dae252d8e998e770c67327aae21c082cdeb8895579675eb40124e","Packwiz pack/index/file metadata"
"packwiz/config/explorations.json.pw.toml","338","185d993cc4b3bbaddb3232d1bfef63fe470dafe9fadf17e57853e749ef78964c","Packwiz pack/index/file metadata"
"packwiz/config/explorerscompass-client.toml.pw.toml","375","a9dc069a623756207eee8ca34eef14ca80038db7a1637e8e098d2f4766413c36","Packwiz pack/index/file metadata"
"packwiz/config/explorerscompass-common.toml.pw.toml","371","360ea3f07ec9400b5ddfc13580f5a58ebfe60adf82667b6919e59fd900de2122","Packwiz pack/index/file metadata"
"packwiz/config/exposure_polaroid-client.toml.pw.toml","378","d7fbff90fcd13be81e2a72931e8a42dee22945fa208cd3f666d04d47bf648e77","Packwiz pack/index/file metadata"
"packwiz/config/exposure-client.toml.pw.toml","351","4cefe956f4da06318169ba95aeb7d646112f0bf8a4f93b3238b781f985186a52","Packwiz pack/index/file metadata"
"packwiz/config/exposure-common.toml.pw.toml","347","74dbfda35131f5f17fc5bd6a88fe1b21078999bc999cbe7bfcc1d6ff5f3a5dde","Packwiz pack/index/file metadata"
"packwiz/config/fairylights-client.toml.pw.toml","360","c8287b7040696bff9a0fb932880f886c0e5682f4352ba5c8a1f0d13c9902417d","Packwiz pack/index/file metadata"
"packwiz/config/fairylights-common.toml.pw.toml","356","a13bdc5bfe4a4cbd3ff02b2f13ef5479cbb9daa9a0d4a78ecc884f417b6e2c19","Packwiz pack/index/file metadata"
"packwiz/config/fallingleaves-client.toml.pw.toml","366","5eb0a93efa25d31f5633849a5019da441fbaf369b6a97f470d84c5c2605399bc","Packwiz pack/index/file metadata"
"packwiz/config/fallingtree.json.pw.toml","335","b88647db65e3ec803c2da87a79e33ec063db304300a465a91274297a394fd1eb","Packwiz pack/index/file metadata"
"packwiz/config/farmersdelight-client.toml.pw.toml","369","e45c10d82c40dec18e2c22759d6798525dcf785b8f88e1468735fd29593051ea","Packwiz pack/index/file metadata"
"packwiz/config/farmersdelight-common.toml.pw.toml","365","7134f83d1279e50072af7f4792bf0e3a6a4821a80b9e4462239d89588c268d13","Packwiz pack/index/file metadata"
"packwiz/config/fastsuite.cfg.pw.toml","326","f43feb1e1ad591cd16bec7f09992e351f7ae4b1be94e704b25b9fd7c9bf649d5","Packwiz pack/index/file metadata"
"packwiz/config/ferritecore-mixin.toml.pw.toml","353","e40f5a2e06488437893ba816df1ca554dd4ec485a667791faac2a0ac71e75f48","Packwiz pack/index/file metadata"
"packwiz/config/fetzis_displays/fetzis-displays-config.json.pw.toml","400","9ba1542e97a0b725a8f02d7a82f3d75f4864faf5737f35fcda1624ce8a891998","Packwiz pack/index/file metadata"
"packwiz/config/flywheel-client.toml.pw.toml","351","fd8f7851c8f60c4ce50bf3c1184c8b394b1f79f5339874acec47f27d4d7e2c20","Packwiz pack/index/file metadata"
"packwiz/config/fml.toml.pw.toml","311","873b180a5e17290823fa44984f65b55cb250e38006fe02b0b2b8cd7824ff21c8","Packwiz pack/index/file metadata"
"packwiz/config/foragersinsight-common.toml.pw.toml","368","b6c41ee66674679166eafd8b608e41d0311e133b9b2a52eb821897480436634e","Packwiz pack/index/file metadata"
"packwiz/config/forge-client.toml.pw.toml","342","16369e1570d61be1f898e9d857db1ba09f79d4ff278f33fba25371225c9b4491","Packwiz pack/index/file metadata"
"packwiz/config/fossil-client.toml.pw.toml","345","45cb984b34c6ecea6432c469c7124de420ccbd42e7db45832ffb3397143c1f02","Packwiz pack/index/file metadata"
"packwiz/config/fossil-common.toml.pw.toml","341","fcfb1b6e4ca2bc9309e385d0cd5d75127253d547e56a03c4605cec6b50cac5ef","Packwiz pack/index/file metadata"
"packwiz/config/framedblocks-client.toml.pw.toml","363","823c80276a5d6c641ca0dbf1abd846925f9f995d0739f12536aeaaf52b798f85","Packwiz pack/index/file metadata"
"packwiz/config/framedblocks-common.toml.pw.toml","359","22e165e9bbf05ee0ce65295578f5f230f550926188378bc298ec02661c06a735","Packwiz pack/index/file metadata"
"packwiz/config/friendsandfoes.json.pw.toml","344","ffd25f9b633cab099889818267f7c5eb2c5c832ad1e01c8721d885d8aa614da7","Packwiz pack/index/file metadata"
"packwiz/config/ftbquests/quests/chapter_groups.snbt.pw.toml","370","291344ce5da7e5b3509683da8062ad1ac92f49d08e01105d63b51b901e7989ab","Packwiz pack/index/file metadata"
"packwiz/config/ftbquests/quests/chapters/archaeology.snbt.pw.toml","379","5aa941e6c4201223c858fccc2f1ec26314c8b21a1a081e3153db28bd8fccb661","Packwiz pack/index/file metadata"
"packwiz/config/ftbquests/quests/chapters/create_basics.snbt.pw.toml","385","d8d3fee6a63c717110c7b5d1a4b16f3682d132eba229e3268a4a3b8f863d1060","Packwiz pack/index/file metadata"
"packwiz/config/ftbquests/quests/chapters/endgame.snbt.pw.toml","367","648d8af2c4e082e7f6f2f5ecf90b7458845a4b675b165fe19125343f90e3d946","Packwiz pack/index/file metadata"
"packwiz/config/ftbquests/quests/chapters/first_days.snbt.pw.toml","376","e02926c6b4f07d2c31720ba11dbac4483c915d39d5747e8ee53e16d3bded2f72","Packwiz pack/index/file metadata"
"packwiz/config/ftbquests/quests/chapters/homestead.snbt.pw.toml","373","8d2e903b58f604dc4a532edcb4115f696292352b27139e860056f2282cf976f0","Packwiz pack/index/file metadata"
"packwiz/config/ftbquests/quests/chapters/new_horizons.snbt.pw.toml","382","4f6438adf909b44236c3848ea56eb8d9ca5858e72a4eafa42d10dfba7e5507e9","Packwiz pack/index/file metadata"
"packwiz/config/ftbquests/quests/chapters/tinkers_deferred.snbt.pw.toml","394","744cec23b87d155a50ab60812d439d72c0605cccc3eb288e6531a29d33dfc1fd","Packwiz pack/index/file metadata"
"packwiz/config/ftbquests/quests/chapters/travel_storage.snbt.pw.toml","388","633f2046fc857cc279b91f4a9507da52ae98895116d76390be0ec2e058097bff","Packwiz pack/index/file metadata"
"packwiz/config/ftbquests/quests/chapters/vehicles.snbt.pw.toml","370","7caa8d4633d463f05418631fc44b8a2cfaacafb11ea5905acdfa6f1ff778e942","Packwiz pack/index/file metadata"
"packwiz/config/ftbquests/quests/chapters/welcome.snbt.pw.toml","367","fbb3f45e77bfa4b0eed804504d48fba316ff1778b6264b8b9d243c4907c50422","Packwiz pack/index/file metadata"
"packwiz/config/ftbquests/quests/data.snbt.pw.toml","340","75ca5fa91a435e4e5d54a22ef995ff84e882bf5b0f01bd18598716a901726a83","Packwiz pack/index/file metadata"
"packwiz/config/ftbxmodcompat.snbt.pw.toml","341","069684eb1053038448432bd886e03ac37637ee96e28f16a81146b1fbd0f5863d","Packwiz pack/index/file metadata"
"packwiz/config/galosphere-common.toml.pw.toml","353","2dbc9d83cda280d4dff46390d8db932ab73849c9be54be34194ac79c863ef0ed","Packwiz pack/index/file metadata"
"packwiz/config/geologicexpansion-common.toml.pw.toml","374","4b389b3041a50223820e93574d6d00bf104212860b84b1844d2b918a9cf216d8","Packwiz pack/index/file metadata"
"packwiz/config/gml-script-mods.toml.pw.toml","347","5fb925cfaba0996c8047f506fbeec2bea7698fb5be0f426bdeed78e90049370a","Packwiz pack/index/file metadata"
"packwiz/config/gottschcore-common.toml.pw.toml","356","5f5f191dad258601805269ddbb07c483e25a0a4cf83992695ccecd448eeec7df","Packwiz pack/index/file metadata"
"packwiz/config/graveyard/the-graveyard-3.0-config.json5.pw.toml","397","a35f655fa1e318b534c89d51dfde6c5e6e051bd9bbdde633bc7bb358d08014a2","Packwiz pack/index/file metadata"
"packwiz/config/guardvillagers-client.toml.pw.toml","369","6fbfec8824f397447b31cca74ccd643e5e13e6eaf8efc676c104014d51c52597","Packwiz pack/index/file metadata"
"packwiz/config/guardvillagers-common.toml.pw.toml","365","d281cc3c6ab418767c4ce2ada632850f259281f210eced58a8168f5ba1015b9f","Packwiz pack/index/file metadata"
"packwiz/config/herbalbrews.toml.pw.toml","335","cab394cb0e975c8f102c5ffba32c3e5782fdae3c38f0c689648330a617afead8","Packwiz pack/index/file metadata"
"packwiz/config/idas.toml.pw.toml","314","bea7049ebba3692b37df90cb033527c9dd2059280244aec6a712b34baabc4f6b","Packwiz pack/index/file metadata"
"packwiz/config/immediatelyfast.json.pw.toml","351","2cbd5281f2ad6285869c3e187e7529926a23da0a097d079121d70ce6faadcbcd","Packwiz pack/index/file metadata"
"packwiz/config/immersive_aircraft.json.pw.toml","356","b2a9a3250df4589d8458930b7a0ae48c50ac8fc1b0eeee04f66129c7a07c7d15","Packwiz pack/index/file metadata"
"packwiz/config/immersive_armors.json.pw.toml","350","b4fff6065c0f8d0e9761f4810dee54d29c5ba4d39d377e82699f853765dc615c","Packwiz pack/index/file metadata"
"packwiz/config/immersive_melodies.json.pw.toml","356","72d9e7c3c35edf88c1db0c1af83da6db0367b331025c7838d111f6cf472b2b72","Packwiz pack/index/file metadata"
"packwiz/config/immersive_paintings.json.pw.toml","363","19a40124393381821f9b02afd78f7f0e8dfb7c60e761ecddce06da664fe8a720","Packwiz pack/index/file metadata"
"packwiz/config/immersive_weathering-client.toml.pw.toml","387","e3f37bd7ad95437638feac78c3edb44a58b82784ce0b4d7bb9dae7d22e412061","Packwiz pack/index/file metadata"
"packwiz/config/immersive_weathering-common.toml.pw.toml","383","e456bdbf8b929d216e6dc3c9b102b07e06a30359f6232a0e50e4db677113e85f","Packwiz pack/index/file metadata"
"packwiz/config/inventoryessentials-common.toml.pw.toml","380","fe45314710857517e1e0a812e873c401924b002f52915a660c3d9f5623df3571","Packwiz pack/index/file metadata"
"packwiz/config/jade/hide-blocks.json.pw.toml","345","a880c4f0fabf081df6b1e8546af2bbd3c16586f46ba64fa479656e1d429b7129","Packwiz pack/index/file metadata"
"packwiz/config/jade/hide-entities.json.pw.toml","351","f4a330fae116ad02d8331a0aa24e62caca3c39fe9078b3da62949a39b062ad39","Packwiz pack/index/file metadata"
"packwiz/config/jade/jade.json.pw.toml","324","88a7ecc3907fdf64f6e12b0d86861f9ffecb6fc9439d2e9153de2d4994deb18d","Packwiz pack/index/file metadata"
"packwiz/config/jade/server-plugin-overrides.json.pw.toml","385","cc3b332b4cbefad698ac25226228e7a3ba0549769ea9aad26508989eadc2a10c","Packwiz pack/index/file metadata"
"packwiz/config/jamlib/known_suspicious_jars.txt.pw.toml","376","7cc7d4090ead844c28e1ed05df6b1097dc0757af4e69175c739cdfa50929f6b7","Packwiz pack/index/file metadata"
"packwiz/config/jearchaeology-common.toml.pw.toml","362","a0d453421d7fb7e847d752bcf5e0fba7b164d564cf37f22b16a40c5d6ae4f061","Packwiz pack/index/file metadata"
"packwiz/config/jei/blacklist.cfg.pw.toml","338","4290efa840eeaff07a368fc4c21ab9722ac65d63d98bbc33f207fe4eb92beea0","Packwiz pack/index/file metadata"
"packwiz/config/jei/jei-colors.ini.pw.toml","341","9773cc68db4156d962f8d780b15a37087016d1c944aaf77043c72457bb667500","Packwiz pack/index/file metadata"
"packwiz/config/jei/jei-debug.ini.pw.toml","338","54c0a7880600bd8c76ea96d14d62efac5a4616eb7ca2e6e6294acf528a75cd25","Packwiz pack/index/file metadata"
"packwiz/config/jei/jei-mod-id-format.ini.pw.toml","362","067b10cd483cd8d50fae439c8dc0ef1f16e11a002c06a7905e31166f5673a50d","Packwiz pack/index/file metadata"
"packwiz/config/jeresources.toml.pw.toml","335","74b66a836a3b27498cb0c8808d24578354f9cd7813317997bd7dc108b593dc1d","Packwiz pack/index/file metadata"
"packwiz/config/jeresources-common.toml.pw.toml","356","78aefbf6599e8f06035e7873a4047cb42b9196532f7d8c46f303bbb2d12a7dde","Packwiz pack/index/file metadata"
"packwiz/config/justzoom/config.txt.pw.toml","335","40df7c2510ad625972eb665fed3d89ce760522d26881cf1d4e1fc330e72df951","Packwiz pack/index/file metadata"
"packwiz/config/konkrete/locals/de_de.local.pw.toml","352","0008ad80679f02e955dadae9eb9a6e3bc5c1900d5f7e82e176afee2ad579a4cd","Packwiz pack/index/file metadata"
"packwiz/config/konkrete/locals/en_us.local.pw.toml","352","53582f4f7d2f643a5df770bfc948f93681ea731c0d3e265957a78d74788d70b7","Packwiz pack/index/file metadata"
"packwiz/config/konkrete/locals/pl_pl.local.pw.toml","352","8f81bbd1ebfcf54bae5c8c5f0fa68995d171295effcba1c0e9d6b5ae4547a3e9","Packwiz pack/index/file metadata"
"packwiz/config/konkrete/locals/pt_br.local.pw.toml","352","f96da0526877d1ef86e8910cf33709667c4a2ae2120fc5ecc1ba28350715eba0","Packwiz pack/index/file metadata"
"packwiz/config/l2_configs/l2library-client.toml.pw.toml","376","b8eaeecc794e821da1d77152a4e812c6e915b8cfa3b73201ad0ab1b58e081224","Packwiz pack/index/file metadata"
"packwiz/config/l2_configs/l2library-common.toml.pw.toml","372","0e9b38553d5bc235dee4d35850a63a7e3d33587cfcfa08db7b02edc0c7fe749a","Packwiz pack/index/file metadata"
"packwiz/config/labels-client.toml.pw.toml","345","d9b3fb879167a368b3f9af3f0edc07df0800fe81f63bc969076d2518f0f57635","Packwiz pack/index/file metadata"
"packwiz/config/leavesbegone-server.toml.pw.toml","363","49ab325cedf166051559b8cd4b4c30e8c31913ac09098589e982e1f74fbdb9bb","Packwiz pack/index/file metadata"
"packwiz/config/letmedespawn.json.pw.toml","338","4a1ba28c2c8d11ed63cfefe1f5ca8ec64bb4e5fdd411c0b52a7cbae4ebcf5072","Packwiz pack/index/file metadata"
"packwiz/config/lootr-client.toml.pw.toml","342","0ccd274c5bda9a2a4c1f35c8ea0c7a1cf4b5a427ce1d85a23ea9a4e9f5bf993a","Packwiz pack/index/file metadata"
"packwiz/config/lootr-common.toml.pw.toml","338","4b3a1078e444119fee195df542b1f4a19f2ec340e254ea9f8abc9343da2810e7","Packwiz pack/index/file metadata"
"packwiz/config/make_bubbles_pop.json.pw.toml","350","73a9774b2811b007e917b02cd0d77f2e628993eb15b2b16f832be91bb4bc82b3","Packwiz pack/index/file metadata"
"packwiz/config/mantle-client.toml.pw.toml","345","19b7f689b3394cca6fd766d24335a019f2d35c8c317a2b6c2d03d858c514c705","Packwiz pack/index/file metadata"
"packwiz/config/midnightlib.json.pw.toml","335","56b156a1401766d50b5a46cf5540afedf793652886b4382f0951cb204d70d475","Packwiz pack/index/file metadata"
"packwiz/config/moblassos-server.toml.pw.toml","354","faedf57d0c8bfef295bd2da77ee6983222cc943650c6485bc279cd15285372ce","Packwiz pack/index/file metadata"
"packwiz/config/modernfix-common.toml.pw.toml","350","62c8c7a4056f0a2c8ae33f7021e22d4a43781d1d854c123575a69ca53f80df13","Packwiz pack/index/file metadata"
"packwiz/config/modernfix-mixins.properties.pw.toml","368","c1590ff0eb94b35ced9c1421a5ffcdeebf65216a3d352c443ab000ce54a3f7c8","Packwiz pack/index/file metadata"
"packwiz/config/moonlight-client.toml.pw.toml","354","554da43bc0874ef67704510cba3e34a8ed8705dccc9dd48a4ba0eb5c5b16a6a5","Packwiz pack/index/file metadata"
"packwiz/config/moonlight-common.toml.pw.toml","350","3e44d4786dad2965a4af48dd7507d3bd1109704e88aa69e94cf3a7fc6d599d55","Packwiz pack/index/file metadata"
"packwiz/config/MouseTweaks.cfg.pw.toml","332","73397de99534dda4f9247ca824fd18502da0cf31649f5d9a02b9e53d90fc9c61","Packwiz pack/index/file metadata"
"packwiz/config/mowziesmobs-client.toml.pw.toml","360","83467d91eede19c88ab730505c1fd1294505661cc054863a38d9458d56bcd30e","Packwiz pack/index/file metadata"
"packwiz/config/mowziesmobs-common.toml.pw.toml","356","7a763bb40dd53c035748e85a37c9096ccd9d1a1a6f039037f3aa28807071bc89","Packwiz pack/index/file metadata"
"packwiz/config/naturalist.json.pw.toml","332","5c04049e4b3ea988ab85f8b00f3c43e77c7b357d34f5899df54a0e2dc305f769","Packwiz pack/index/file metadata"
"packwiz/config/naturescompass-client.toml.pw.toml","369","959a08fe3a569531cc627dbb4d22b2868660a3012621ee20905dfc62e8fd8d79","Packwiz pack/index/file metadata"
"packwiz/config/naturescompass-common.toml.pw.toml","365","3e36cdfabba436bdb03293bcf907afa8008246ea5f5fe12849d40201a0fa1840","Packwiz pack/index/file metadata"
"packwiz/config/neapolitan-common.toml.pw.toml","353","d53635d98f7bbb5ca5eae9609d67802aaee8daea6aaa15cca2a247cbc4edbc4a","Packwiz pack/index/file metadata"
"packwiz/config/notenoughanimations.json.pw.toml","359","e570e5bb78b1c6cadf223aaeda5477792912bc75e27b18234dbf5097c9532101","Packwiz pack/index/file metadata"
"packwiz/config/Obscuria/aquamirae-client.toml.pw.toml","372","b1e9056386d4869021d417033f7af880fbe9afa2fa0d8ab48c0f1db68470ee6c","Packwiz pack/index/file metadata"
"packwiz/config/Obscuria/aquamirae-common.toml.pw.toml","368","b20ebc7a38c70944d5f88f7a525e8cac7a0100d357b72ce06e1279ce8013262e","Packwiz pack/index/file metadata"
"packwiz/config/Obscuria/Data/aquamirae_cover.png.pw.toml","376","ff92ee32c3ba6621b360f2f93c60bb84d7fc9d07fdc885862ddc1e03d0625766","Packwiz pack/index/file metadata"
"packwiz/config/Obscuria/Data/loot_journal_cover.png.pw.toml","385","17b3bdb7b2b64493eadee180220cedca656f0fa6ac1dd94fd2fb5ada4410c2d5","Packwiz pack/index/file metadata"
"packwiz/config/Obscuria/Data/obscure_api_cover.png.pw.toml","382","954736d9350b9683540c3818c3240df5c161dd5873b86d28c51f9285fcecb25d","Packwiz pack/index/file metadata"
"packwiz/config/Obscuria/obscure-api-client.toml.pw.toml","378","0b309899c46c7baa7f6cd1206818f648371be081f87b63ee22c52084ac55b79b","Packwiz pack/index/file metadata"
"packwiz/config/packetfixer.properties.pw.toml","353","52beaba7b5d4d7e3b5cfab9b14bb2628d5e5a4777cc3ae0a87e8490a06da6239","Packwiz pack/index/file metadata"
"packwiz/config/particlerain/config.json.pw.toml","346","737f0d3fe54a0e47c366015a4527df81c756418bd2670c96408647c3b30ebbd2","Packwiz pack/index/file metadata"
"packwiz/config/patchouli-client.toml.pw.toml","354","255d3165e367b014f905fbd5cbc43b094af7ab9371b3234797176cff452c07c5","Packwiz pack/index/file metadata"
"packwiz/config/pehkui-client.toml.pw.toml","345","c8747be84406f23ce3ad369c378aadc7ce5c80f1db10b55df557f6df0bdb1614","Packwiz pack/index/file metadata"
"packwiz/config/pehkui-common.toml.pw.toml","341","4b83319adea460f5b0cee5d191f27dbcf1078209a978261f68ab71eef2c71a1d","Packwiz pack/index/file metadata"
"packwiz/config/pickupnotifier/pickupnotifier-client.toml.pw.toml","399","64300877a3281cc318c6f665c5ac298decff390539e4cdeae5c589ac67b2d5ad","Packwiz pack/index/file metadata"
"packwiz/config/pickupnotifier/pickupnotifier-server.toml.pw.toml","399","9fbec15220001f686364790f01193a3fce89167711f7a091107ddef83f0dcfa2","Packwiz pack/index/file metadata"
"packwiz/config/polymorph-integrations.toml.pw.toml","368","8d7fa6717ad02596f95fb3845bf82b687c8637a9ecec156dcff5383ec2372932","Packwiz pack/index/file metadata"
"packwiz/config/ponder-client.toml.pw.toml","345","62cf19f49f8bf7a2010412da0567d8dec2022302534c24fca76f1c6e873091c8","Packwiz pack/index/file metadata"
"packwiz/config/prehistoricfauna-common.toml.pw.toml","371","4d4f60c914f7dbaacaf765bca88d2f6082c83e5abc0e885cb0e82cf49d9c578f","Packwiz pack/index/file metadata"
"packwiz/config/presencefootsteps/updater.json.pw.toml","359","608fdccd832c99befd992abfe3ce6f2ed2bf33d829fcf240875c3bf4d8eccab7","Packwiz pack/index/file metadata"
"packwiz/config/presencefootsteps/userconfig.json.pw.toml","368","954b9a6a7fae8dc5e6f2efa0c254a764411aa0e0728d0b62e6525a778b0b8ebb","Packwiz pack/index/file metadata"
"packwiz/config/productivebees-client.toml.pw.toml","369","74fab34750209f3b2ab112601a4a9ba4cb52148e76f3206610d7219d5b60e482","Packwiz pack/index/file metadata"
"packwiz/config/quark-common.toml.pw.toml","338","b8d569ecb9c149ccb2ee65932341199a8ab1dba180e64505153a3fb0954b35b5","Packwiz pack/index/file metadata"
"packwiz/config/quickquarry-common.toml.pw.toml","356","8e8b4f67a7f83620d3bcdbf64ee4fc12f5411b96570f70d1ba960157ba57071d","Packwiz pack/index/file metadata"
"packwiz/config/railways-client.toml.pw.toml","351","8ff853cd91477cc55b5ca384069491ed6064b8106cba1ee2d5ccdc78db9b1aa5","Packwiz pack/index/file metadata"
"packwiz/config/railways-common.toml.pw.toml","347","26fb946308f87c424d95e05058b220a08f0709c815c2d6eac36e3754c8e5bc2e","Packwiz pack/index/file metadata"
"packwiz/config/relics.yaml.pw.toml","320","70aa6ec3adb9c4815c12b814354ebd1e7899cce7451f6e6e006b55a7bd5ac4dc","Packwiz pack/index/file metadata"
"packwiz/config/RelicsOfGaming.toml.pw.toml","344","d1b8719fa57e71a1f5407a9518d315cc02c037b66f10cd1bbb41ffb7ce840349","Packwiz pack/index/file metadata"
"packwiz/config/repurposed_structures-forge/modded_loot.toml.pw.toml","391","f04f21afdfc39c711aa19b23918a692f250649159381e18439c99d59c66c326a","Packwiz pack/index/file metadata"
"packwiz/config/resourceful-config-web.json.pw.toml","368","f92917a88cdcdfc7f8e06135f093daac240d7f809c836ee3f823454d5a9663cc","Packwiz pack/index/file metadata"
"packwiz/config/ribbits-forge-1_20_1.toml.pw.toml","362","36cdc823516fccdf883cd5d9717dd7d8bf4b1690b5a72606c43737bd25eb0b11","Packwiz pack/index/file metadata"
"packwiz/config/ribbits-options.json.pw.toml","347","4f3592eff2af8240bcd26b1e19d4dc5a679d02a5dc0d85f53f4fdc525834df58","Packwiz pack/index/file metadata"
"packwiz/config/rightclickharvest.json5.pw.toml","356","f1b7b0032bfe0efcffc2af4e14ba22bb51b740306e24e6c6d4f2a5b2b44d8cbd","Packwiz pack/index/file metadata"
"packwiz/config/sereneseasons/fertility.toml.pw.toml","357","e04db74be184ec6a198325609ebc927973431c53732f35067f6f4e5e1e4e1016","Packwiz pack/index/file metadata"
"packwiz/config/sereneseasons/seasons.toml.pw.toml","351","7028326bcae5e0b4610a7e866357b275856cb3704916bb5e7006491cb6bad94e","Packwiz pack/index/file metadata"
"packwiz/config/skinlayers.json.pw.toml","332","f8445fa48ae32d13b8864de5c3096b1d4854b4bbee21b2e331d4fc3df9beeb0f","Packwiz pack/index/file metadata"
"packwiz/config/sliceanddice-client.toml.pw.toml","363","19ecbca8db1a34b64dc41f1287d1865471d90e715d842d8dc7344ce89f62b42b","Packwiz pack/index/file metadata"
"packwiz/config/sliceanddice-common.toml.pw.toml","359","20ca70ae041b86f1ece7db55b400ae910ebe0275cf41544c0e2aa5b48c18db83","Packwiz pack/index/file metadata"
"packwiz/config/smallships_upgrades.json5.pw.toml","362","d7f36196a98bad1761e76c84d4d8db3231475cb5f88d6d5af1849e0eb54acb64","Packwiz pack/index/file metadata"
"packwiz/config/smallships-client.toml.pw.toml","357","37a43849303b3f622a7a351ee124daede7451220df6498a5e244f69f7fad1a4c","Packwiz pack/index/file metadata"
"packwiz/config/smallships-common.toml.pw.toml","353","2a307474364234836f937a53a64391fc9e6e339f5f652f7b11f17c99a332b0de","Packwiz pack/index/file metadata"
"packwiz/config/smarterfarmers-common.toml.pw.toml","365","828155cbc170c065ecdfae663c4deef23d268105f02d19a90c1737fc59ea8ec8","Packwiz pack/index/file metadata"
"packwiz/config/sophisticatedbackpacks-common.toml.pw.toml","389","f11cb9d7d6e323cc6d1119cae5436230c845c76d1fc427c318f271acb895ada7","Packwiz pack/index/file metadata"
"packwiz/config/sophisticatedcore-client.toml.pw.toml","378","973450afafc883e832d7e13cca97d8f5ead7b6140be1173d0481d9b6bfadd426","Packwiz pack/index/file metadata"
"packwiz/config/sophisticatedcore-common.toml.pw.toml","374","c9eea5d5a3fa8183a7270f0cabf8ac6441bc6307662ce845d579af328c958e1f","Packwiz pack/index/file metadata"
"packwiz/config/spawnanimations.json.pw.toml","347","a562e6ea00e384d6366beb872284c238aec86cf17054d0e196b728b18cfdb6f6","Packwiz pack/index/file metadata"
"packwiz/config/statues-client.toml.pw.toml","348","e441a6000363b909d3c392ffafad1821785eb02de643baa8b5221303db59b74d","Packwiz pack/index/file metadata"
"packwiz/config/statues-common.toml.pw.toml","344","6c67e899e55e49add6c5708de561142454fccd1b9832865857b30198f1fc2ad3","Packwiz pack/index/file metadata"
"packwiz/config/storagedrawers-client.toml.pw.toml","369","64c0181d540b1a22bb0c040594b1fe015d43ea73ccdb152a806be89d7c337f13","Packwiz pack/index/file metadata"
"packwiz/config/storagedrawers-common.v2.toml.pw.toml","374","d33a6ec8824e072e6c7980cf240fad496230e0e11f208f88b8275b0717962a81","Packwiz pack/index/file metadata"
"packwiz/config/structure_gel-client.toml.pw.toml","366","7c7c10a640ef91eab95d84ffab89862ceff6029939c555b2b10d64b8e55a7e28","Packwiz pack/index/file metadata"
"packwiz/config/structure_gel-common.toml.pw.toml","362","3ed4eef5837cd3b4014c100d9f41cc6c59a5bdd25025e958bf807ffb8073213b","Packwiz pack/index/file metadata"
"packwiz/config/supplementaries-client.toml.pw.toml","372","1ed972f9c79b86b94cfb42ca4ee1ed390284327a0981f77fa3a868f7c2cdc356","Packwiz pack/index/file metadata"
"packwiz/config/supplementaries-common.toml.pw.toml","368","a3015b5560dd505fef7f64e3d014b2badecfb1f96d5fdc250f37e04ec9271a85","Packwiz pack/index/file metadata"
"packwiz/config/suppsquared-common.toml.pw.toml","356","71e9aff2b6f47444c131eee2a42df1cc88f998c112d48d86923d9b6412ca601f","Packwiz pack/index/file metadata"
"packwiz/config/sweety-archeo-config.toml.pw.toml","362","d3d84703dee6c7e093a5683f0691b8f2b25bd54dc58f901b2592d19289482771","Packwiz pack/index/file metadata"
"packwiz/config/tconstruct-client.toml.pw.toml","357","2e96549a82887453d0630db2654c5b2684a36911d4471e02eaeaeda987b0fda1","Packwiz pack/index/file metadata"
"packwiz/config/tconstruct-common.toml.pw.toml","353","a30d0253a45e627daac7c3f7d211c48eeda003142ba216d0550b3ac82301f6d2","Packwiz pack/index/file metadata"
"packwiz/config/terrablender.toml.pw.toml","338","d0f3e34788899bce43dbb9aec3ff7d5d8aa51b90a98d7e50e9d19514e50f1e7b","Packwiz pack/index/file metadata"
"packwiz/config/toms_storage-common.toml.pw.toml","359","e3de4af41c122583db89fa65c305f4fea858fbb84158cc5126a579dc8bf41cca","Packwiz pack/index/file metadata"
"packwiz/config/towns_and_towers/structure_enable_or_disable_new.json5.pw.toml","432","64a089a6a717150fa9078d9a4aa7f7a40f8a994941f78be7a91659166a1659b5","Packwiz pack/index/file metadata"
"packwiz/config/towns_and_towers/structure_rarity_new.json5.pw.toml","399","e3827039ee2c7da175ee8f4ab90b7a402b867a25f02427f7e6c15fae229c22d8","Packwiz pack/index/file metadata"
"packwiz/config/tradingpost-server.toml.pw.toml","360","5ecdddb71b08842c411c2d4c4bc16b10e89a66d196546b5f5fde705ac60c7a4b","Packwiz pack/index/file metadata"
"packwiz/config/transition.json.pw.toml","332","8018298ab3843869578d2b104d5830ba0d819643a8e22f38e1d38eb6d1d36d81","Packwiz pack/index/file metadata"
"packwiz/config/trashslot-common.toml.pw.toml","350","231bd193b392100a77ee82955cbc38f0d04f759086891945fc1c2f4c7bd3d54d","Packwiz pack/index/file metadata"
"packwiz/config/travelerstitles-forge-1_20.toml.pw.toml","384","de8ac3faec6718f7c0702b09841603f5655b3f1cc98f4396c0254967e6eb8f24","Packwiz pack/index/file metadata"
"packwiz/config/treasure2-common.toml.pw.toml","350","18be06df6ab45f1f441ff358214312f08e97718a4c747c91ab6d108c2e033329","Packwiz pack/index/file metadata"
"packwiz/config/trender.json.pw.toml","323","8341b316d50c04e1db6ca6e7cb8d9cdeb9647f0e424312384bda41595c8fcdad","Packwiz pack/index/file metadata"
"packwiz/config/twilightdelight-client.toml.pw.toml","372","6ce24be06f57048b6542a150d8f228235d634098abc7cf8fd77471278ed7fa43","Packwiz pack/index/file metadata"
"packwiz/config/twilightdelight-common.toml.pw.toml","368","c28d7b6e585e236c2801f0c1288b07f2a714ebacf29d321e235136b6461ddab7","Packwiz pack/index/file metadata"
"packwiz/config/twilightforest-client.toml.pw.toml","369","09984741d1f9879175a31429e52ecfdada0f7014b67e03c3b2493f2714357514","Packwiz pack/index/file metadata"
"packwiz/config/twilightforest-common.toml.pw.toml","365","d066e2ee010f9cb1ef2da4f486bd82c682772019dc73e72721f6d97eefa2ba94","Packwiz pack/index/file metadata"
"packwiz/config/untamedwilds-common.toml.pw.toml","359","6faa57c7a88c41bc07f03a9b0801b3f891a46d49d7fa3282ef3a11461ae3d666","Packwiz pack/index/file metadata"
"packwiz/config/up2spawnaddon-common.toml.pw.toml","362","ad2e46af51ab3bc2a75f2b6533ad6319828aa86575acfca74caa2e666a8d9e2b","Packwiz pack/index/file metadata"
"packwiz/config/upgrade_aquatic-client.toml.pw.toml","372","398cfbb9ff875c811bf5e38c94d904c17dc42c2e5cb416dc3df0055cc40a9dd3","Packwiz pack/index/file metadata"
"packwiz/config/upgrade_aquatic-common.toml.pw.toml","368","df5eef9133366677cfd957e391f75d077985bbef80bd0b4ca35f1351fc1f9d26","Packwiz pack/index/file metadata"
"packwiz/config/valhelsia_structures-client.toml.pw.toml","387","dad722702ccfa12847a6edcfaca45170a8ddacf7a968f593796722bfead1d019","Packwiz pack/index/file metadata"
"packwiz/config/valhelsia_structures-common.toml.pw.toml","383","0e20fd02b7f3d92263660517f3e22b2717c4dd47fb0d4815c63de503c08f4b73","Packwiz pack/index/file metadata"
"packwiz/config/visual_workbench.json.pw.toml","350","7ed4441542517301061c2bc0a23bb8957357b9badfda550432630a399befe738","Packwiz pack/index/file metadata"
"packwiz/config/visualworkbench-client.toml.pw.toml","372","ef5ff457a6e3857b9a7c6f393a2aaadf1487f2df047bc86799ce5ec5fef63c04","Packwiz pack/index/file metadata"
"packwiz/config/waystones-common.toml.pw.toml","350","c740af86689f059c52bc97eaa1ccf6e257210986c0f0c5b6fdd5773053eff5e4","Packwiz pack/index/file metadata"
"packwiz/config/woodworks-common.toml.pw.toml","350","2ad86fd367b1ed2db553d3b8d721408adca702ada99c44f1a69ede6cfc362b6f","Packwiz pack/index/file metadata"
"packwiz/config/xaero/lib/client.cfg.pw.toml","341","cdfb8f7dea508bc59d14c171e2cfc13ba4fb60501c25cabc5a7bfe43884515eb","Packwiz pack/index/file metadata"
"packwiz/config/xaero/lib/common.cfg.pw.toml","341","d6e1cdee5bb3d13a921007941de68f33eeb513e2b5aa3b118e9763af6699cfde","Packwiz pack/index/file metadata"
"packwiz/config/xaero/lib/profiles/default.cfg.pw.toml","362","2550bcd7d5a1e7c45f974b6b7c7e72fde4426a8034b9315e6b66bf0c5762917a","Packwiz pack/index/file metadata"
"packwiz/config/xaero/lib/server_profiles/default.cfg.pw.toml","376","88f72c17db1626fdff0817842c1a31058964cac5ebbd50f260abaa41aab6cd84","Packwiz pack/index/file metadata"
"packwiz/config/xaero/minimap/client.cfg.pw.toml","349","c1a38d4b7c174b48ad79ee69b9c1b5ad1f5927ee93993e244394ad317307e18f","Packwiz pack/index/file metadata"
"packwiz/config/xaero/minimap/common.cfg.pw.toml","349","83beedbd999d3e76c96f87e4ac100fdd81113e86d1fb98f4611fe7ed10e1b483","Packwiz pack/index/file metadata"
"packwiz/config/xaero/minimap/default_radar_categories_client.json.pw.toml","427","6b706c2a9662f73245090fd7115b9e8004d01533f43bf21dd72c0c9e782d52a8","Packwiz pack/index/file metadata"
"packwiz/config/xaero/minimap/default_radar_categories_server.json.pw.toml","427","3a78a7537b0d5e1c6d0d588765497bbb11a82fdb8f23ff58115fe25495aa4088","Packwiz pack/index/file metadata"
"packwiz/config/xaero/minimap/profiles/default.cfg.pw.toml","370","2366c30e3bf45ca816105daa5bc83f45e76ee5de17cc4f1872d9a98cbf561f1a","Packwiz pack/index/file metadata"
"packwiz/config/xaero/minimap/profiles/entity_radar_categories/default.cfg.json.pw.toml","433","5968e0f6fee6ce5adb7923adec9a849e90fbfe6ed7eb982d05978e260e253e06","Packwiz pack/index/file metadata"
"packwiz/config/xaero/minimap/profiles/info_display_config/default.cfg.txt.pw.toml","422","8bf4b834c1c733a7f230361a477bf1ddab22d1d848c8b4ab4188934a89401567","Packwiz pack/index/file metadata"
"packwiz/config/xaero/minimap/server_profiles/default.cfg.pw.toml","384","0a68004026f246be6cec4ddf4e6b0a3c853a39358a31a5e89d406f66a4e053ce","Packwiz pack/index/file metadata"
"packwiz/config/xaero/world-map/client.cfg.pw.toml","353","31dfdef4f343bbfd63b99ae0db7bca5a38bc0a3e14ed5bd6cf662759817a7ef5","Packwiz pack/index/file metadata"
"packwiz/config/xaero/world-map/common.cfg.pw.toml","353","f8f856d7e73cd2ff4792534d1bfd5a9a129dafbcf6d73b880ad462bcd1f695d7","Packwiz pack/index/file metadata"
"packwiz/config/xaero/world-map/profiles/default.cfg.pw.toml","374","d6ed50074a7b28eacad88dfe884d1acf82b42bc0385f14ee7248801966abb8fc","Packwiz pack/index/file metadata"
"packwiz/config/xaero/world-map/server_profiles/default.cfg.pw.toml","388","a3adf87f50374908429028dcf6bb4b15675faab466aae0678803284841a8fc69","Packwiz pack/index/file metadata"
"packwiz/config/xaerohud.txt.pw.toml","323","5dc0550bc08a1cf72885a2cf95f41862ed7348d57dc2b43940ad97082b9bb8ca","Packwiz pack/index/file metadata"
"packwiz/config/xaeropatreon.txt.pw.toml","335","d870e4ac166ebe5d82680533479d958919dfc393d7929222f21cb628d1c56d3c","Packwiz pack/index/file metadata"
"packwiz/config/yacl.json5.pw.toml","317","43d0da258bac18970dc341d8cb385176d588f05b541ed59bf52cfad2777c2fbe","Packwiz pack/index/file metadata"
"packwiz/config/zawa/main.toml.pw.toml","324","44603174cdd513eff2110c5e1258de9952dbb2e8871f33b78df2bcf3201aae4a","Packwiz pack/index/file metadata"
"packwiz/config/zeta-common.toml.pw.toml","335","0966d94654b94258f8f22baea601cd07d744f8cc7cc390355c2eb2970f337ccc","Packwiz pack/index/file metadata"
"packwiz/defaultconfigs/createultimine/createultimine-server.snbt.pw.toml","415","2285fe05c1e4d6e4e0586c14a3a52538830c72cd393db3e32b12e3dc79b1e726","Packwiz pack/index/file metadata"
"packwiz/defaultconfigs/ftblibrary/ftblibrary-client.snbt.pw.toml","395","646a622b6f0a2c9ef24b56af995125faf5e8108436db480aa3e4b9b1b91a6bca","Packwiz pack/index/file metadata"
"packwiz/defaultconfigs/ftbquests/client-config.snbt.pw.toml","381","cce694473f3709b969080e952c3ccd826c51cf9e1aec37e79179b6575b695823","Packwiz pack/index/file metadata"
"packwiz/defaultconfigs/ftbultimine/ftbultimine-client.snbt.pw.toml","400","89ee3c84adbcd90fe0fa588dfe0758503637956b1f96c23d8c2956b06d69cde7","Packwiz pack/index/file metadata"
"packwiz/defaultconfigs/ftbultimine/ftbultimine-server.snbt.pw.toml","400","0621cd10ceb79a9aab4e9ea2d75ea09d9c15a9f2b68ebc835084ede412d026ad","Packwiz pack/index/file metadata"
"packwiz/defaultconfigs/ftbxmodcompat/ftbxmodcompat.snbt.pw.toml","385","74483aa7579bd8589eca67b5ffb63df1c47b5f3840de1eec320183fde6a597b9","Packwiz pack/index/file metadata"
"packwiz/defaultconfigs/productivebees-server.toml.pw.toml","385","fb6097a69b798d4a5d54789245fd4c442902abbe31b48439089e2c10232525ea","Packwiz pack/index/file metadata"
"packwiz/index.toml","107769","86bd6a6addce677f6a2c8c06690352ac1999fea835fc62704642c39c90696987","Packwiz pack/index/file metadata"
"packwiz/mods/3dskinlayers.pw.toml","441","79d6643063101bd30ca70536e5b228d07fb62ee5b51fa335eae71ca529a58336","Packwiz mod metadata"
"packwiz/mods/advancement-plaques.pw.toml","464","237648557bfecc7a5de76a283177d34628d290625eda0e858027b62c5e1bb786","Packwiz mod metadata"
"packwiz/mods/aether-1-20-1-1-5-2-neoforge.pw.toml","441","faae9f3886f1fc2b7a057afd26d5b80a8c7750907fce35a67958d30716701d54","Packwiz mod metadata"
"packwiz/mods/aethersdelight-0-1-3-1-1-20-1.pw.toml","444","12219e75f1dc6389608adf102cac3b5c4b6f5c595a52ff513991a5d8833bc72b","Packwiz mod metadata"
"packwiz/mods/ai-improvements.pw.toml","424","0af222b4c7f79a6ba60ae9e24b2ceae5a19e39e433cf62652e57dabc13bec447","Packwiz mod metadata"
"packwiz/mods/alexs-caves.pw.toml","393","3cdf7f562a00978d89ce4ba71f3504e736d888007a82a7a2d27f3c9449a3dbd4","Packwiz mod metadata"
"packwiz/mods/alexs-caves-delight-(-farmers-delight-alexs-caves-add-on).pw.toml","461","df5ee851dcced605642486c35f868d44796e897a9b1e214d8e85d0035f0c8f2b","Packwiz mod metadata"
"packwiz/mods/alexs-mobs.pw.toml","393","f97f277c6b28c4184dfb7faaa34543fe23a4d81aca48c1ceeead44c7bfb0e04b","Packwiz mod metadata"
"packwiz/mods/almanac-lib.pw.toml","420","47185fc7a0c93bacf8ac5ea609e31c2ccb6dc053253bee5537e761a552d2e219","Packwiz mod metadata"
"packwiz/mods/alternate-current-mc1-20-1-7-0.pw.toml","436","5f8534445cbc90f5e0a8fb31d62ec810f39d0386efa2a2a86f9251643c4f6ba8","Packwiz mod metadata"
"packwiz/mods/ambientadditions.pw.toml","432","405cc4ce58f423d50e9cd1a80f3069b715ae7fda090f3071786e00cd10cb8944","Packwiz mod metadata"
"packwiz/mods/ambientsounds.pw.toml","442","32054d7d18920c1f687c5f065ec3e6532f35fd7a3901c4995709218304f4a415","Packwiz mod metadata"
"packwiz/mods/amendments.pw.toml","409","f167015476d5e7a3a49d5b8a7e37dfabab509dea9683d48102862170c11900a0","Packwiz mod metadata"
"packwiz/mods/animal_feeding_trough.pw.toml","460","b5cda0cd59d9f7e4d3ea6c8827f65c74f9bf148a856634548ab45004ea33f504","Packwiz mod metadata"
"packwiz/mods/another-furniture.pw.toml","446","c5a64d95f952501c43e390b8f6b6f8a74f4d9d80063cf42128224c68ebc28a76","Packwiz mod metadata"
"packwiz/mods/appleskin.pw.toml","428","56c954e19c231535c0cfbfd0edf5bb8013287096a7f8d49b6899e7842fa5f4ca","Packwiz mod metadata"
"packwiz/mods/aquaculture.pw.toml","418","ab990134ec3290f4132a030ad73458a5d6d9e6c8124d8c68ff8675ea4100c2fb","Packwiz mod metadata"
"packwiz/mods/aquamirae.pw.toml","422","c474ca135c3db496e89f5074ad6d0027aeaabfb28e2714f603d94aea2ee5368b","Packwiz mod metadata"
"packwiz/mods/architectury-api.pw.toml","423","2dab58207a7fd44e7037de0354a1f7e6c5c2439db2efc2d217cc55a826d099b8","Packwiz mod metadata"
"packwiz/mods/artifacts.pw.toml","410","1a4689896bb0cf0de2ac5edd1c86c96289a7b42474673578233d77f0b4821a45","Packwiz mod metadata"
"packwiz/mods/astikor-carts-redux.pw.toml","421","8bac299525e7cbc0cfdb2dbdddaadb899066bf829d55eba66173802b85658130","Packwiz mod metadata"
"packwiz/mods/autumnity-1-20-1-5-0-2.pw.toml","423","7480464be36b8eaf01d43814f5360f227a0bbcb5ce968a522645cc4902d74f45","Packwiz mod metadata"
"packwiz/mods/balm.pw.toml","417","0c0e8a4dd73b1fdc4969f5660df6b7eb34f667ce0763955c82969c5de2ec1fb5","Packwiz mod metadata"
"packwiz/mods/beautify.pw.toml","394","e19e4232c37d8c81b4703c10faff31134d776bc520c96a2b8fe69ce807740c09","Packwiz mod metadata"
"packwiz/mods/better-advancements.pw.toml","458","63ebe9fa4b672cc966c5436d1382c4533536ac540fa751a70add8af27b06849a","Packwiz mod metadata"
"packwiz/mods/better-archeology.pw.toml","432","0f5490ecc405f94f259c350aa8263e651db346a72b773e34caff7ea604c81afc","Packwiz mod metadata"
"packwiz/mods/betterf3.pw.toml","421","086456a4e242313a279f074bc54db84ad5895abf252f7a31e39702305a52444a","Packwiz mod metadata"
"packwiz/mods/better-fishtanks.pw.toml","441","8bc1d6244d2c578b5046846e5220d452a76e04d2bd52a09e1b870f842b3b1ce1","Packwiz mod metadata"
"packwiz/mods/better-third-person.pw.toml","446","1c815a73dc887f3d18e4a0de60bcf5484fab81f48e99bb808d1435b32e43a0f2","Packwiz mod metadata"
"packwiz/mods/biomesoplenty-forge-1-20-1-19-0-0-96.pw.toml","465","f38fe118ff1716176fc090138aba5ba1435f861b859b864ea176ad03597b3c26","Packwiz mod metadata"
"packwiz/mods/blueprint.pw.toml","410","56108c01e3d3df25c5ec3835f49f94159b42ff1bc1e93000bb57475216c32a8d","Packwiz mod metadata"
"packwiz/mods/bookshelf-lib.pw.toml","426","eae2bd91ae1b08c887a729ae8a7c939685cabf26b4bc207f89c62888b2b93f12","Packwiz mod metadata"
"packwiz/mods/bountiful-6-0-4-1-20-1-forge.pw.toml","443","82b2e1cdab6c66cfc0bedd3d19bec451707fec8a2d474eb31923dbdcc45d890d","Packwiz mod metadata"
"packwiz/mods/brewin-and-chewin.pw.toml","419","731b8b0b9a9c27ed34d85ec686e755864c34ba6cf2db86f6faa4d52239478007","Packwiz mod metadata"
"packwiz/mods/carry-on.pw.toml","421","34051b732a800b476b2314617e35bd3c40235b4dba6042b88213960ad5a44bff","Packwiz mod metadata"
"packwiz/mods/caverns-and-chasms-1-20-1-2-1-3.pw.toml","450","873393987828987b6009e1a3c0ab31a0210ef24fa4ddf7704e335bcdc8f2016c","Packwiz mod metadata"
"packwiz/mods/chalk.pw.toml","398","d612c0d84c25cd22ca0de9591c75c51461a13cff272d71049ae1caa4fb830fd5","Packwiz mod metadata"
"packwiz/mods/chat-heads-0-15-6-forge-1-20.pw.toml","443","5d8c88737662b139abc9a49b5a8f87362398e4537af0eed466aa518846a41ec2","Packwiz mod metadata"
"packwiz/mods/chimes.pw.toml","415","069e6151ec4379604dd48f700ae6bf97601cdbd7b946e388aa20474a2ae2949c","Packwiz mod metadata"
"packwiz/mods/chunky-1-3-146.pw.toml","393","826c130f9032507b34cec0cc3b2347ab41ef64ba3df5dd545031247d0810ae4e","Packwiz mod metadata"
"packwiz/mods/citadel.pw.toml","404","c7a7202c216328b3d77e070a8d8a53bb140d88b474a002f5ee479725da85e864","Packwiz mod metadata"
"packwiz/mods/cloth-config-11-1-136-forge.pw.toml","438","9a4b2be1a916e220d18a0d571e47e49a13401004b691cf40ef5309d474bf794c","Packwiz mod metadata"
"packwiz/mods/clumps.pw.toml","419","08ac790733bb666dd272bc604e552a90bff010f954579413f0ab64a0f87b1f38","Packwiz mod metadata"
"packwiz/mods/collectibles.pw.toml","433","6b52ea63debc1415e97ef229ff056607bbbab0213e1850e9a5b245ee6d944134","Packwiz mod metadata"
"packwiz/mods/collective.pw.toml","411","52e2c2a038b7057dab45c3bdbac775a05eea56bd2a83ca897c808809bba322ed","Packwiz mod metadata"
"packwiz/mods/comforts.pw.toml","421","7d52ca9febda5abb658f769fd7008d4906466f5f3a1e6b710b94790412118253","Packwiz mod metadata"
"packwiz/mods/controlling.pw.toml","432","9c8d001466a35af89d0e2ac3539012184046d787ebbf9065d547d648f48584f2","Packwiz mod metadata"
"packwiz/mods/cooking-for-blockheads.pw.toml","461","68f1bf916a151ad1213373e48f8578a6de183ebe06243734bb44b90913b15171","Packwiz mod metadata"
"packwiz/mods/copycats.pw.toml","436","48125bf60a1cda15b321c5276b1d399819d9bfa579bf3c6422b13635031f7d1d","Packwiz mod metadata"
"packwiz/mods/corpse.pw.toml","415","2b15976a8f61a01c90205c3a5a6c715841e955829c9d793719211d00fe71f823","Packwiz mod metadata"
"packwiz/mods/cozy-1-1-1-forge.pw.toml","405","35081c2e43ef1b98bb1604e695d8fc2293c5bd4bb31f61ee8eb844e609fee08e","Packwiz mod metadata"
"packwiz/mods/crafting-tweaks.pw.toml","440","d6e480731f6de21adbac4d85a5c15f6b7a143b2588c3bd7f64ea6ebe2224df86","Packwiz mod metadata"
"packwiz/mods/create.pw.toml","401","5d2e55775ca96c0191c16239c66d9747401e56304b53ebf6fdef37482029d828","Packwiz mod metadata"
"packwiz/mods/create-central-kitchen.pw.toml","484","51c0f33ec5bf1751e5c847ce5fe88c04042a82b49479448bf58a656925a19fbc","Packwiz mod metadata"
"packwiz/mods/create-connected.pw.toml","444","9af2a9991dfb55bcabb3daaba4836d11d4864f6a48d664ec3b79896dc4a0aed4","Packwiz mod metadata"
"packwiz/mods/create-deco.pw.toml","426","1b5bd93941e97b2c4518addf8b6c8a7afd9679774c12f9e085fc04ab4498c0e0","Packwiz mod metadata"
"packwiz/mods/create-enchantment-industry.pw.toml","485","49b38507cabee8a21b9d1dd401aa0265da82ead3f9231e1f0950d8a56ba7c98a","Packwiz mod metadata"
"packwiz/mods/create-steam-n-rails.pw.toml","437","958a83f511ed2c1bb76cf805266cd0fc3daad857adeab3cd7d77e9c492f39578","Packwiz mod metadata"
"packwiz/mods/create-ultimine.pw.toml","438","788e93c9050952e91ec0f24fb2177939c6b5b021a82f462ce060b1898e23531a","Packwiz mod metadata"
"packwiz/mods/creativecore.pw.toml","441","c001f46a071451132fab9b74e1e0a4fb79d8b22a304def8721e1a269aef95c1f","Packwiz mod metadata"
"packwiz/mods/creeper-overhaul.pw.toml","427","8a7501e6caad65f7e2388fb1fc0307a9edf8799ba8fda25b34c71bf1ab7f5506","Packwiz mod metadata"
"packwiz/mods/cristel-lib.pw.toml","412","890ef7da23ce60e180c59d65dec217597ad61a59c16e2abc97829e2762aab3d7","Packwiz mod metadata"
"packwiz/mods/crittersandcompanions-forge-1-20-1-2-6-2.pw.toml","477","93e77f7541ef7d91158dfd6307fdcc1a87686f13c93e16d6ad1c2392a138fd29","Packwiz mod metadata"
"packwiz/mods/cubes-without-borders.pw.toml","426","d6b8a1d05557343e35aef9e3605baff1f6b360617046a55950a8c1acd1b0e74d","Packwiz mod metadata"
"packwiz/mods/curios.pw.toml","421","e944a74458320b95a119a15fc2b55379a18359dc7f3cb20d5e207cb823c4ac14","Packwiz mod metadata"
"packwiz/mods/decorative-blocks.pw.toml","446","eb6deb7678044133f446c1886015b547316bd84ddea887e085a6ca355cca1fe7","Packwiz mod metadata"
"packwiz/mods/deeperdarker.pw.toml","436","9bab76085a9cd2c8908430ba17aa1255a43f816ec9015e89fdbba6a9f3faf3c2","Packwiz mod metadata"
"packwiz/mods/deimos-fabric-forge-neoforge.pw.toml","413","0b1e71030745194e7b755d6744adfd5f752fdb9158f6d9db8430ab48e93dfdb5","Packwiz mod metadata"
"packwiz/mods/displaycase.pw.toml","429","1211e43415e73d69b0ea48a82050bfc26d3561d1f86948459defce9892dd492b","Packwiz mod metadata"
"packwiz/mods/distanthorizons-3-2-0-b-1-20-1-fabric-forge.pw.toml","486","79d08fc2462433107226c20266638de0953ad7853e55a7c3cc33af2c9d91ea63","Packwiz mod metadata"
"packwiz/mods/doggytalentsnext-1-20-1-1-19-0.pw.toml","447","eee7232571534c0b9c6d1a67b3dd4a08d16acc4bdf8d16793833e349fcf4adbb","Packwiz mod metadata"
"packwiz/mods/domestication-innovation.pw.toml","453","3411e1445045e509db8994eabdf65d172e263c18a957210889d2973002b7b0ca","Packwiz mod metadata"
"packwiz/mods/double-doors.pw.toml","413","b2d22fec09d0872d8709655feb4f3db039fb0f964903bbc1b7d575d749b3c560","Packwiz mod metadata"
"packwiz/mods/dragns-bettas-aquatics.pw.toml","436","11a2b98e63040fd845737aa61d249c96a6da63a5002b4a38b52ef90ed0aa9d59","Packwiz mod metadata"
"packwiz/mods/dungeons-and-taverns.pw.toml","433","8f2ee299107e3ac382ffa06260104b304e2aa732930b7ea1bb3979e226f910a9","Packwiz mod metadata"
"packwiz/mods/dungeons-plus-1-20-1-1-5-0.pw.toml","435","4e124fa9ed57aaa9c83f9192bf0a704ef389c7d845b62c76b625658671054082","Packwiz mod metadata"
"packwiz/mods/easy-anvils.pw.toml","428","395d3fc7c822a12ebedc221b23a883c45aafc099d2504f3e0964849260ef6857","Packwiz mod metadata"
"packwiz/mods/easy-magic.pw.toml","425","4d1992ba45bcbf9e11b6461e9905b1f832401f9ef7136aa2f62be3e98f59dabf","Packwiz mod metadata"
"packwiz/mods/eating-animations.pw.toml","432","934a06fb0e020522055aa7b65573e0f23937d5d5cc96d95aabd9f2de80b813eb","Packwiz mod metadata"
"packwiz/mods/ecologics.pw.toml","422","f0e5cf396464983314082b9d63fd1f47d50b2c1319e260036a4a9faa9f1929bc","Packwiz mod metadata"
"packwiz/mods/embeddium.pw.toml","420","c451234edb48e3a4e9f0ab5ee09aeaefadaad877cd536e118ad9ec0aac2b284a","Packwiz mod metadata"
"packwiz/mods/enchantment-descriptions.pw.toml","471","173973abf7d89607a1dfdf71747ab0794d722350b7137ee417e32d9a203d3a44","Packwiz mod metadata"
"packwiz/mods/enderman-overhaul.pw.toml","444","08c77609c2941fb5717b507c47cfe427d56bf2fd48761a88cd28c53cae873f69","Packwiz mod metadata"
"packwiz/mods/endersdelight-1-1-4.pw.toml","414","7942836d948955c5eddfad257cca4c6d7c7b43fffa82990d678e971067d24890","Packwiz mod metadata"
"packwiz/mods/endrem.pw.toml","425","1cac47c15e2dbbf9d2da79ea6674774dc7e6300df5045acd49f59d231bd5f766","Packwiz mod metadata"
"packwiz/mods/entityculling.pw.toml","443","12b45ce840659d3bd09147876ac3b51bb3200c5278f579be7a1f633f8a1e628d","Packwiz mod metadata"
"packwiz/mods/entity-model-features.pw.toml","466","2fa079c71cde083828bdef1dfacadaad86fcf82fe935beb6b4b0a4f3b9b2d794","Packwiz mod metadata"
"packwiz/mods/entitytexturefeatures.pw.toml","468","7afa16648678f60f4ae90b1efcc4fa4d152beae68ec32cd41aee5fa076cb98ed","Packwiz mod metadata"
"packwiz/mods/equipment-compare.pw.toml","446","7c67807eb686347eb5c0503bf64fb2a9a568af118a230c19dd625f5330ce4e81","Packwiz mod metadata"
"packwiz/mods/explorers-compass.pw.toml","435","917d7a64601d9fe3300a37aaee11e40c1f8c9f354ed6e2cd02e26aabe66bdd15","Packwiz mod metadata"
"packwiz/mods/exposure.pw.toml","421","92d754066a4d704b171dd3054a0dc4409ef7151e49a6153c7058adf85ad7d7b5","Packwiz mod metadata"
"packwiz/mods/exposure-polaroid.pw.toml","447","3b8321b691fad31d6f653956718c14ca357c3a1ec3d87fb1c926b8dab7cab791","Packwiz mod metadata"
"packwiz/mods/fairy-lights.pw.toml","400","8437fd4e54cc6c4e50cedd24b22582ba7eeedb12601d8c9725dd1b62ac4b612b","Packwiz mod metadata"
"packwiz/mods/fallingleavesforge.pw.toml","442","77b7263e2a2fc5dc0008c0a82fa6007ae11845f6b389eb8b4027933255218218","Packwiz mod metadata"
"packwiz/mods/fallingtree.pw.toml","416","fedc3337c489ccc4d7829d735ed3251f53e256f6c8d73bf3d0874d97414f59e8","Packwiz mod metadata"
"packwiz/mods/farmers-delight.pw.toml","417","2aea0cdfc32af9b4762eabbf8ca0beb025879cddfd7f263f975228234bb27c11","Packwiz mod metadata"
"packwiz/mods/fastsuite.pw.toml","410","f694410f28dee9a05141895f8c41e992ad1cdd90f8be7bfc66646018d0712a49","Packwiz mod metadata"
"packwiz/mods/ferrite-core.pw.toml","414","2ff913f97d2fe5f00f8b7e8fa681fa91d9a2a187c5acf260ce64b652ff8cfdb7","Packwiz mod metadata"
"packwiz/mods/fetzis-displays.pw.toml","428","54f3c610177b6432626ebdd71e78954027ba4860aa668e3a7f7281c80e1a4d7f","Packwiz mod metadata"
"packwiz/mods/fish-display.pw.toml","403","46a3b07452911826b4861492991c4da5fcb86494d442cfff681f969af582fbb1","Packwiz mod metadata"
"packwiz/mods/framedblocks.pw.toml","405","b6b61ae84bf4f485f77ee2b8591f2ec1421de8fb5d46b28300961872b27b0c8c","Packwiz mod metadata"
"packwiz/mods/friends-and-foes-forge.pw.toml","456","4e6885b244bc973ef54b12463449d362ac7bffddc7435d0d226b9ca60810e432","Packwiz mod metadata"
"packwiz/mods/ftb-filter-system-forge-20-0-1.pw.toml","417","eebe8b1a9a16cac2b470308f15c37505e090bad00bb4463e0cc304052319a913","Packwiz mod metadata"
"packwiz/mods/ftb-library-forge.pw.toml","405","3b8369182f9630c85badc19d559fe2ec4c6a49fc8d778ccebb3d5b6baf2d2dae","Packwiz mod metadata"
"packwiz/mods/ftb-quests-forge-2001-4-22.pw.toml","402","660ca04db252730565753a540ab522e371947b553dc6580dbfec895596df0dec","Packwiz mod metadata"
"packwiz/mods/ftb-teams-forge-2001-3-2.pw.toml","397","b3e813109f20a7cd22daa57e5b02de96a5abec27afd9a5408d09f267e9cd4adc","Packwiz mod metadata"
"packwiz/mods/ftb-ultimine-forge.pw.toml","406","edae54e8fcbc00f25fdfa21652cab2c73aceb73d84a1ccb5fb4330e054adb2e0","Packwiz mod metadata"
"packwiz/mods/ftb-xmod-compat-forge-2-1-3.pw.toml","409","19b6a20d18228d013f142c7fe3a41e0afe5d986b4fa5ee4b4a226983abf31a3a","Packwiz mod metadata"
"packwiz/mods/fusion-1-3-12-forge-mc1-20-1.pw.toml","441","70625a3649cbf76b4aeede2dc8984ed7029ce66906201e6b936df1892c94fbbd","Packwiz mod metadata"
"packwiz/mods/geckolib.pw.toml","419","574cc2202c67bcef4ce8aa9d3a4320bd1da2bbb031988ef57c1fc8e37a826f4e","Packwiz mod metadata"
"packwiz/mods/glitchcore.pw.toml","429","bc529920845cd54aed215b8a361a46261441264e9407c572aa89a80915932cfe","Packwiz mod metadata"
"packwiz/mods/gml.pw.toml","406","ef753546d0115bc6f0d22a3a49f83e2eada42e1e32b981959077c98b41660f8a","Packwiz mod metadata"
"packwiz/mods/gottschcore.pw.toml","416","2b8fe773622e07c6d56b3f0af4fef96e69d7fe881aab6f51d89dc6bbc11a561a","Packwiz mod metadata"
"packwiz/mods/guard-villagers.pw.toml","428","1d0e3be4704190097c64554703fba3c151e45da81f13c9b481f80d38f0ed4fd4","Packwiz mod metadata"
"packwiz/mods/handcrafted.pw.toml","428","007cb16272e650a8fb4112abda2d881c90afd0d0ee9ce2d3bdfa94937e06a3f3","Packwiz mod metadata"
"packwiz/mods/iceberg.pw.toml","418","df8f76119b4f698cdcb2d7715f1220355087a546a7c37c7c162b92dd2b16a62d","Packwiz mod metadata"
"packwiz/mods/immediatelyfast-forge-1-5-5-1-20-4.pw.toml","463","9e89db9915977a0a4adb2c81aff48950c5e88089d4fe9a61f2cec1324763b628","Packwiz mod metadata"
"packwiz/mods/immersive-aircraft.pw.toml","451","ff3b1360d4ef64be7caf3b76a2b0c96eaaf7d47e0693de8bdaf82c91ff67ce05","Packwiz mod metadata"
"packwiz/mods/immersive-armors.pw.toml","445","6326b3fbabd4efd87c1dc52fac8f19b62ada8cf8ff25aea5b269da309fb0f985","Packwiz mod metadata"
"packwiz/mods/immersive-melodies-0-7-0-1-20-1-forge.pw.toml","470","6d61887e02b358a10ff99a7c555280799b0164460bba67f16794bb5a2dd4448b","Packwiz mod metadata"
"packwiz/mods/immersive-paintings.pw.toml","456","f04e7863cc9fa614de200a0f1ccff25a70cec4f813792667a6bf5df1989b3261","Packwiz mod metadata"
"packwiz/mods/immersive-weathering.pw.toml","455","7fb3aab39a5d28179a746572e4f1af76f08e575f02e1570182a4f28645fbbf08","Packwiz mod metadata"
"packwiz/mods/incendium-1-20-x-v5-3-5.pw.toml","426","44fa1a2ff4cb09739eff81c7458b11630465f4f5763acc216b0538e3e020c84d","Packwiz mod metadata"
"packwiz/mods/inventory-essentials.pw.toml","455","d530b9be6dea90f5cfa09deed28c6b452d0c110506cf6642c24932e8d15eea8c","Packwiz mod metadata"
"packwiz/mods/jade-1-20-1-forge-11-13-3.pw.toml","432","c77752188f8c9b7d9993cd6b4e0a028308d4569e58f42641c8a7c0d57a8c3878","Packwiz mod metadata"
"packwiz/mods/jade-addons-forge.pw.toml","438","3b92ec93c8455b507b4554d89e1f184a87ec385d5420de14c0e44695c8e0a6dc","Packwiz mod metadata"
"packwiz/mods/jamlib.pw.toml","431","60327ed9917ea183831d43afe973aa4da560297a544f771fb956c6127c8e7ac2","Packwiz mod metadata"
"packwiz/mods/jei-1-20-1-forge-15-49-0-188.pw.toml","441","55e242748472ed03cf26a19c046704477e4c2e10de6914701f9990b6d2dad085","Packwiz mod metadata"
"packwiz/mods/just-enough-professions-jep.pw.toml","468","d253d2d83c53bff131a89a5c00af182eadc112757eac9ea396b03c5858ae4c0c","Packwiz mod metadata"
"packwiz/mods/just-enough-resources-jer.pw.toml","458","1418a4d590e2688b14c6bd1a0fd7c238d4b9b11ce914b16a2d7775e6aa0e0bcf","Packwiz mod metadata"
"packwiz/mods/just-zoom.pw.toml","428","f23b1f8c476f6da5210b9456efda0a3b12f1dd4e901ea74e6d296409c6053711","Packwiz mod metadata"
"packwiz/mods/kambrik-6-1-1-1-20-1-forge.pw.toml","437","d1b66abb0662dd56512815140b36136d96b0391404cc2556106f621d5fa6d939","Packwiz mod metadata"
"packwiz/mods/konkrete.pw.toml","435","101aa581a448d76c4484d5733cdf1a2e6f6304dd464cd6a9d35794371f5d9b74","Packwiz mod metadata"
"packwiz/mods/kotlin-for-forge.pw.toml","423","cd490eda003faa91e0db889fd518ebe2fe8aae927da9fa27c75792ed3bfe74aa","Packwiz mod metadata"
"packwiz/mods/labels.pw.toml","405","7ce39f6f018f38dd959abc656339d40ca6549b60cf002ee463a2d9651cbe0d50","Packwiz mod metadata"
"packwiz/mods/leaves-be-gone.pw.toml","435","436709c57ab1f2d16b66552c2f92311ab68d5e67cd983532b6bdc2c1261b606a","Packwiz mod metadata"
"packwiz/mods/let-me-despawn.pw.toml","433","c7aa95e6ae1696e2630171ff46f6d338e2489a7c25b339271188a82cf382aedf","Packwiz mod metadata"
"packwiz/mods/letsdo-herbalbrews-forge-1-0-12.pw.toml","450","22f40ca8594bfe3c8b7eaaa6e78fc34feeb934806c35c6853547b8d9ae790d24","Packwiz mod metadata"
"packwiz/mods/lootr.pw.toml","414","4770bcf2a1fea0256fbffc7e6e76a418e0fd4184ad11d2a08460cf53adbec7a0","Packwiz mod metadata"
"packwiz/mods/luminousbutterflies.pw.toml","472","e1994906f35e69e1a7c188eb397ad19d54162a57dd75a7803401469bf12cf3bf","Packwiz mod metadata"
"packwiz/mods/macaws-bridges.pw.toml","424","d3e354da0f98882b3092298a70282fd441f426cead22c0685d97bf1fddc36514","Packwiz mod metadata"
"packwiz/mods/macaws-doors.pw.toml","420","9f82f33895c6399e3de8bedaf52471a491269b1cb96649e02478ffa5f2706538","Packwiz mod metadata"
"packwiz/mods/macaws-fences-and-walls.pw.toml","428","aad6c9aae5ef03135578fca5c9a6969961082cb6b279e88d2eb1768d8cd666bd","Packwiz mod metadata"
"packwiz/mods/macaws-lights-and-lamps.pw.toml","422","2d5d5f63f35f3265befc58122b4967f1bfdc25218f64bd6a8c3c2f6bec9c895d","Packwiz mod metadata"
"packwiz/mods/macaws-roofs.pw.toml","420","be0c9684db9bb27cbff06de91b15a24d324116392a9804347e1f393d50f1b6bf","Packwiz mod metadata"
"packwiz/mods/macaws-windows.pw.toml","430","20eb63a6693fd5b59bf5b6d5775ddeb0f7769c879352bb7f8e30cd1405717b8e","Packwiz mod metadata"
"packwiz/mods/make_bubbles_pop.pw.toml","463","5a76a310ada1baa7a31053ff13808dce1ddfb3c172ed6cdc09b6b5e0783c1284","Packwiz mod metadata"
"packwiz/mods/mantle.pw.toml","407","53da9c8b5ed0f473f6e748a8749be50cdfc99a79645759b23a0c69ed6fe50d24","Packwiz mod metadata"
"packwiz/mods/mint-lib.pw.toml","393","715da6666f6ac2e62a7153dc7bfe4c7ff02b016c22a31e6974d50305f4dfe02a","Packwiz mod metadata"
"packwiz/mods/mob-lassos.pw.toml","425","80ea988c3ed35c69c6c60885bea093f28c83fd2c49d98dc7443f32e25490abd4","Packwiz mod metadata"
"packwiz/mods/modernfix-forge-5-27-72-mc1-20-1.pw.toml","455","cc81f9618d1792b2c35d60d11dd964767856043b835342396699d93966564e43","Packwiz mod metadata"
"packwiz/mods/moonlight.pw.toml","426","bc93b225ca559c14ddfb6cbf76a264c83444035445052d91a1934d9fac57bf90","Packwiz mod metadata"
"packwiz/mods/more_villagers.pw.toml","439","1c18ccf3c3aa28db9ff654d60f390cd3f62a81a74a7403c2a8c95b9a7c260fab","Packwiz mod metadata"
"packwiz/mods/more-hitboxes.pw.toml","432","6e7c41001e92a026626dde44101a6ebf58741970bbc7cc8fa65316bc92529429","Packwiz mod metadata"
"packwiz/mods/more-mob-variants.pw.toml","448","e759304cfbd9a4698134f4d07dba674e6561092dfc93ae623d4eb7055939304d","Packwiz mod metadata"
"packwiz/mods/mouse-tweaks.pw.toml","437","5b7e2c5b70723e0b125c371a0df72a1453e39a1ea72590bfad58089f194a3b31","Packwiz mod metadata"
"packwiz/mods/mowzies-mobs.pw.toml","397","ddb0b03b24de5f5f64b173ba9eeac6b8bcd8602cd6b9ca30eba1e88101aac8a5","Packwiz mod metadata"
"packwiz/mods/naturalist.pw.toml","431","4759ae6c6a02286c878629b6daa7e2b7e905aa1bd854dd779bded815677d5b20","Packwiz mod metadata"
"packwiz/mods/natures-compass.pw.toml","431","5707b8af50cc67ba83b924eec416a96243337a432970f979114ba95235999a41","Packwiz mod metadata"
"packwiz/mods/neapolitan-1-20-1-5-1-0.pw.toml","426","ec526f9a8143cca6171ef0cb2f090cefc0d37ddfa0c0cac86b203d90c06f5e93","Packwiz mod metadata"
"packwiz/mods/nethers-delight.pw.toml","413","bc4b688f8eb31f883db2c3d56f63a19605b2882b4dde09a13d3c80ead2856a0d","Packwiz mod metadata"
"packwiz/mods/not-enough-animations.pw.toml","462","28e7bd99af89e9530bbb59b847eafb1c9d5945ebef647afb5cf86fc58533499d","Packwiz mod metadata"
"packwiz/mods/nullscape.pw.toml","412","7808ad63bd943ae122cb6d1bd0b69724b586883e12860934ca759bbfd3f6ea85","Packwiz mod metadata"
"packwiz/mods/obscure-api.pw.toml","396","09ce595770b38b60f987c3e8e4cfe709486da0a5f869ab067ff666270baea374","Packwiz mod metadata"
"packwiz/mods/oceans-delight.pw.toml","410","b2c404c8196791f801b209b8c53b531a5af06e7481857bd83364cab088cab50e","Packwiz mod metadata"
"packwiz/mods/oculus.pw.toml","407","0ede2be4ff981499c5240056ce31935b6da26f90631a2128802fd52a166046ad","Packwiz mod metadata"
"packwiz/mods/packet-fixer.pw.toml","441","78e9cc008265105341dbbf7cb2f2ed9d66553818153ccbf90ca2de2b4848c23f","Packwiz mod metadata"
"packwiz/mods/particle-rain.pw.toml","452","98964cfd8f9371b8a8d07e9a718dcf34e2a57b42f144a85767fbf8974d346183","Packwiz mod metadata"
"packwiz/mods/patchouli.pw.toml","416","452edd5edac916e845b8e868b1d9cac43dfcbb76382a4d6e053de2dabfdef30a","Packwiz mod metadata"
"packwiz/mods/pehkui.pw.toml","415","f907da83f1928a876b51fb70c0ae1be012e21cf52a975107fe60b596eb91aba7","Packwiz mod metadata"
"packwiz/mods/pick-up-notifier.pw.toml","443","31311ac91aed60fa043821b50d70be01f839948cf1a59883fb3d55610a8ffdf3","Packwiz mod metadata"
"packwiz/mods/placebo.pw.toml","404","419b1f2d48dc190bbd6bbc73413c4c581925c406a83c8c47ba9d3d439aaf9106","Packwiz mod metadata"
"packwiz/mods/polymorph.pw.toml","428","73c28fd7ecb6494aa2e14fada8d3bb34af92d1d684d78e8106ba1c8b7f9a6e1d","Packwiz mod metadata"
"packwiz/mods/presence-footsteps-forge.pw.toml","459","4340920894319ee3715115978244ac57f1f8783eed25179fd93f59f869f83a65","Packwiz mod metadata"
"packwiz/mods/productivebees-1-20-1-12-6-0.pw.toml","441","bb553a931ab1852d88320bb93ef7674aba48706a152339e8dd9282abdbe54a45","Packwiz mod metadata"
"packwiz/mods/puzzles-lib.pw.toml","430","2220532f6a5e613eaafa76cb3f78a6e19e05f1282b1d99725cdca8ccea53a657","Packwiz mod metadata"
"packwiz/mods/quark.pw.toml","388","3c99676f3a5432ff46656af80c81a53564502ca650332dda42182004036d6dfe","Packwiz mod metadata"
"packwiz/mods/rechiseled.pw.toml","429","c976cd2ec88ba54cdb79cd383716aa136503400b0df827372d68b76bfdc4dcc5","Packwiz mod metadata"
"packwiz/mods/rechiseled-create.pw.toml","445","bb2d658fbb0b2074c6a8332546a6440eb8e6e8a142865b4c3f496ca171b25050","Packwiz mod metadata"
"packwiz/mods/relics-mod.pw.toml","407","a2b0fc1d1d8af73c13ba49ab6e6b0f9bcd73d7dc09fb2a22d09ff8fc6887edf6","Packwiz mod metadata"
"packwiz/mods/repurposed-structures.pw.toml","479","c28b5cc5341ccc3be419518ede3fb532e983b360721a83b05888d361f8c2c8de","Packwiz mod metadata"
"packwiz/mods/resourceful-config.pw.toml","447","1133974151d623eb3865f775eedc5d4d1d3ac94a984f546bdc5c8a23c6cdcdf3","Packwiz mod metadata"
"packwiz/mods/resourceful-lib.pw.toml","440","b3e4ae514c9a3eb74a473f51cf67f52d9f0f19fa7fc1bf998751384e95498713","Packwiz mod metadata"
"packwiz/mods/ribbits.pw.toml","416","b277ed2f3b3867b693808d7cc5d99b16b9418e53177368853c87998febb243bc","Packwiz mod metadata"
"packwiz/mods/rightclickharvest.pw.toml","448","092b1f916dafb936ae6064b9957ee3c1983f29fb7c8124f45640c77c13f6ee67","Packwiz mod metadata"
"packwiz/mods/searchables.pw.toml","430","844a877d745f403b071daaef315b4971b7308f2fc551cf79889f4cf4c4b115e3","Packwiz mod metadata"
"packwiz/mods/serene-seasons.pw.toml","439","a5d540988f8f05094c0e7908d093e4484e2ecc86b09af343d2edaeb3c507e15a","Packwiz mod metadata"
"packwiz/mods/shatterbyte-lib.pw.toml","435","93c81bbc08efc960103d59723347df8f48b118d24abb3339566243565034d0e7","Packwiz mod metadata"
"packwiz/mods/shulkerboxtooltip.pw.toml","452","4cb191530631f88d01c4f134e97452b9842e8b485df006bfdd8b5d19169fb480","Packwiz mod metadata"
"packwiz/mods/slice-and-dice.pw.toml","424","25d574163de16844c1ce409f159c20d106fb20657dcbd498da25a36942101ce4","Packwiz mod metadata"
"packwiz/mods/small-ships.pw.toml","436","1c696670a901a2262f4e8b914f933c454a0308e30644e3a5702b2282ea677fb7","Packwiz mod metadata"
"packwiz/mods/small-ships-upgrades.pw.toml","453","49e3feeb0a33562be9a0e92b1f5e63d938967b36d849e1cecf6968e8cc71cd65","Packwiz mod metadata"
"packwiz/mods/smarterfarmers-1-20-2-1-2.pw.toml","432","2e62a2e419bafc22f16ce1dbe6951b22c036d49f6f9e630992172aae291947b8","Packwiz mod metadata"
"packwiz/mods/sophisticatedbackpacks-1-20-1-3-24-63-2057.pw.toml","483","7231aa95487f88a60b2b63f8d01b6353c78d0df9b95847631c0aa846a4f59ce7","Packwiz mod metadata"
"packwiz/mods/sophisticatedcore-1-20-1-1-3-78-2249.pw.toml","465","f53a64ed71a1aca81182f4b90176eb3c92c05cd31fde19c22664f48295906407","Packwiz mod metadata"
"packwiz/mods/spawn-animations.pw.toml","457","637672a42c2c08524fff6d0dc119180f5ba8aa1aebe8031f9bb847cc408951a1","Packwiz mod metadata"
"packwiz/mods/statistics-plus.pw.toml","398","b03d3fc1e25e79fa5bd6ca4ce0f6569789f3fd7a64308259945e5304f875a333","Packwiz mod metadata"
"packwiz/mods/statues.pw.toml","387","f320f2903e0a405861a39288cd6a84c647498ab7dd36f24f2bd815154c383520","Packwiz mod metadata"
"packwiz/mods/storagedrawers-forge-1-20-1-12-14-3.pw.toml","462","f77c553693e0e6be270b3f251663d18bb70505c969632570e54fd06389478403","Packwiz mod metadata"
"packwiz/mods/structure-gel-api.pw.toml","428","9caf71e7e0ee417e0037da89a8153fbfd213c0d47b861f33d8d6efca3f97c075","Packwiz mod metadata"
"packwiz/mods/supermartijn642corelib-1-1-24-forge-mc1-20-1.pw.toml","489","7b4916f961faccb71b231812cc9d4fb18e08c5fd1d778286dde37eded1867488","Packwiz mod metadata"
"packwiz/mods/supermartijn642s-config-lib.pw.toml","458","4efa0c050671b99898840317dad053456fd3f7735e7b11c107e2d8b488fbb55d","Packwiz mod metadata"
"packwiz/mods/supplementaries.pw.toml","438","2f1c07e7cb38b5684df4d81d7fb4a063952496522f6a05367c3b255ee912316a","Packwiz mod metadata"
"packwiz/mods/supplementaries-squared.pw.toml","426","a45f989caaf690e97d5f4688a22f6c3f7d39514d35e0a760d516709676d5474e","Packwiz mod metadata"
"packwiz/mods/terrablender.pw.toml","437","da9b367d10aec151ac906072b5d9112ff6b32ff951d8a4120b1a96f9c8b0f931","Packwiz mod metadata"
"packwiz/mods/terralith.pw.toml","412","3e788fec6a4d9675f6abe338eed6d15f9ce858d549551d15fc6b6850083a2e1b","Packwiz mod metadata"
"packwiz/mods/tf-dnv-1-2-3.pw.toml","393","a2df8e7c2c6749939aefc93ee398de535bbc96a2af04b3968d529dafd532b7df","Packwiz mod metadata"
"packwiz/mods/the-graveyard-forge.pw.toml","463","07cfa8d315a702c1a7842416c2403be48e8437488b70fd64408d55db2ed4fc42","Packwiz mod metadata"
"packwiz/mods/toms-storage.pw.toml","406","f95099afc3532c832a7d53cd6acdd66347acbc7ca726811a9645253bcdc41b0d","Packwiz mod metadata"
"packwiz/mods/towns-and-towers.pw.toml","443","7c0b1c29459f5fa16bb59b9fee2476f053febc84e410a743ed2cf3159625a147","Packwiz mod metadata"
"packwiz/mods/trading-post.pw.toml","431","cc8f5696a7c96c1ef894755fbd975fe6bd59d74c0a3f470984178034db6a75e3","Packwiz mod metadata"
"packwiz/mods/trashslot.pw.toml","424","ba7fd3cd86166e286e21d66d32f7b9a29bf2389cf53b6f13cf83b7069e13b364","Packwiz mod metadata"
"packwiz/mods/travelers-titles.pw.toml","431","d7b50c35b8f3e536c632c631491dd8988dea304417da99147c2d54f5a7114e63","Packwiz mod metadata"
"packwiz/mods/twigs.pw.toml","398","a7e6dab18973b8af697c8a3d6edb8b39983e1c5dfb2fb57fc926fc5bc2769230","Packwiz mod metadata"
"packwiz/mods/twilightdelight-2-2-2.pw.toml","420","2809905351242315993a4e319b06cf7172885419b5cf8f6a668726d657f894b6","Packwiz mod metadata"
"packwiz/mods/twilightforest-1-20-1-4-3-2508-universal.pw.toml","403","499b70c74278c35636fe9eae29462b0e69625ce5b7bc0d73ec9746ca0b658810","Packwiz mod metadata"
"packwiz/mods/unusual-fish-mod.pw.toml","415","9e23f95d7ee07c7dd61bce727a9b5c2f5a831c9badab612f462f68cfe8154408","Packwiz mod metadata"
"packwiz/mods/upgrade-aquatic-1-20-1-6-0-3.pw.toml","441","4216707f37c7f637b949d4b382c16d6f1a971dc9a2e577d90b4fe6febdaea7f4","Packwiz mod metadata"
"packwiz/mods/veinminer.pw.toml","396","9b6676e3878589da85d353983621e0d0878a984aa89ea6050027a17249bdc182","Packwiz mod metadata"
"packwiz/mods/visual-workbench.pw.toml","443","78aadbed866654ab927c1730ae993221faa973964977500f0221109e1fae8656","Packwiz mod metadata"
"packwiz/mods/waystones.pw.toml","426","38889cbbe8c6068c25dcbe75592be92f08a72f9a686c4ab3c9cd1d246eff6f91","Packwiz mod metadata"
"packwiz/mods/woodworks-1-20-1-3-0-2.pw.toml","423","e33f3fe69ba6b325a93e8d745b99ba8aafed404c322e74b3961d53fced949aa6","Packwiz mod metadata"
"packwiz/mods/xaeros-minimap.pw.toml","428","9f1870183b5c540a7e641f49425c89ffde3ae8e767924db4302d9a5f4bd9122c","Packwiz mod metadata"
"packwiz/mods/xaeros-world-map.pw.toml","430","b30289d9c6db4d79099a782f0c3ff51098a4d1c98609d261c9b9591774ea2aef","Packwiz mod metadata"
"packwiz/mods/yacl.pw.toml","473","326de9cf63674815bc9704e57857e8ae5c86e30a34ced371243e03e3b210a39c","Packwiz mod metadata"
"packwiz/mods/yungs-api.pw.toml","411","73a41cfc425b91801e012749ec130f0199a1d038f5db9e1b26e1bbc2fa72939f","Packwiz mod metadata"
"packwiz/mods/yungs-better-desert-temples.pw.toml","443","f89b0b9ee193a2d12f3873e7d6c8c6b920af2d7c343600d6acf2522c0a798862","Packwiz mod metadata"
"packwiz/mods/yungs-better-dungeons.pw.toml","433","31ce13ceea95f07dceb6845ba444d89bff4c358224837e32acbf6ffdd7dac634","Packwiz mod metadata"
"packwiz/mods/yungs-better-end-island.pw.toml","435","2de99165dd960dc85224088619221e2204ba1f83abe433ba09d38c446e9361a0","Packwiz mod metadata"
"packwiz/mods/yungs-better-jungle-temples.pw.toml","443","a2b660243e022a07b6bc0524b885886179caa17488b58a5b9f829b9a5d4b06e6","Packwiz mod metadata"
"packwiz/mods/yungs-better-mineshafts.pw.toml","437","48cd67a09cc9f9d257a72d9ed20b866a63cc5d567d9b84bfeafaa61ad977734d","Packwiz mod metadata"
"packwiz/mods/yungs-better-nether-fortresses.pw.toml","449","b9551f5ba45877430e8cc88aac8c13cb058781a09a4e7ad0218d458a043bab83","Packwiz mod metadata"
"packwiz/mods/yungs-better-ocean-monuments.pw.toml","445","cd34db4cd26f08379e6474ee5c11d725b46869ba0f06859cd8a6a24e41a25d19","Packwiz mod metadata"
"packwiz/mods/yungs-better-strongholds.pw.toml","439","906ee41b796b65402385830e819a7af690bbbe08d90f3d0e9e6fde13d9737bc9","Packwiz mod metadata"
"packwiz/mods/yungs-better-witch-huts.pw.toml","435","1899bb031b5fc8747826ea3d228b622c2cc577975bd69c51b69696e783cef7f2","Packwiz mod metadata"
"packwiz/mods/yungsbridges-1-20-forge-4-0-3.pw.toml","444","58d8ccd0e01a962f68a80ecc09cf46b0f352fed13de6a82d4a9359ab9b7ce242","Packwiz mod metadata"
"packwiz/mods/yungsextras-1-20-forge-4-0-3.pw.toml","441","2b5a8dc75a16cfd07d58c5c67537e827e0ec6837e78d3822a50507b333632587","Packwiz mod metadata"
"packwiz/mods/zeta.pw.toml","383","45ad91af984545c6732e9ed427c63a1bc083452f937f166ef9e9b6bf41b8c251","Packwiz mod metadata"
"packwiz/moonlight-global-datapacks/milkyj-compat-fixes/data/caverns_and_chasms/loot_tables/blocks/eumus_brick.json.pw.toml","501","e702546c8f21229ecc7291595456e18afa190536a43f72dbddd89d8c3bd2c105","Packwiz pack/index/file metadata"
"packwiz/moonlight-global-datapacks/milkyj-compat-fixes/pack.mcmeta.pw.toml","400","5d4918550ccc28abb29a76a741a0b6e1ec93a8d9aef40cab59eb1a8d1c1014d7","Packwiz pack/index/file metadata"
"packwiz/pack.toml","272","9c6e6931c6822e3682d95a8102981b17851b5e7064cf578e7369a6df241f7005","Packwiz pack/index/file metadata"
"packwiz/resourcepacks/bare-bones-1-20.pw.toml","408","b928d0f7e1f2d88719b2960dec09978c5a6b9cd67b4b05750690b8879c4a1bf3","Packwiz pack/index/file metadata"
"packwiz/resourcepacks/faithful-32x-1-20-1.pw.toml","428","859b4cd19828f833a7625482685577efe54ebe5d75c6e4d96d2be45963d2e245","Packwiz pack/index/file metadata"
"packwiz/resourcepacks/fpbr-main-1-21-8-r1-3.pw.toml","422","7a313136f0fcb33b2438c27bf7d5fcbf97835cec744501eba794c976d96847d5","Packwiz pack/index/file metadata"
"packwiz/resourcepacks/freshanimations-v1-10-4.pw.toml","428","b7af74fdc74cb8d1e01cfea9ed9b3a95e2e567781ba13b6b64d0b9292039b47b","Packwiz pack/index/file metadata"
"packwiz/resourcepacks/freshcompats-v1-6.pw.toml","410","9299cb8740e29372c52b0711a4be6362a778c86b33c2b19a6b9952792fc6a4a0","Packwiz pack/index/file metadata"
"packwiz/resourcepacks/MilkyJ Stability Fixes/assets/betterfishtanks/textures/block/fishfood_container_pelelts.png.pw.toml","521","0640e44e0dee5ea3f8479e8117fce557e1cc417924154684caf37d6ba2bcd798","Packwiz pack/index/file metadata"
"packwiz/resourcepacks/MilkyJ Stability Fixes/assets/farmersdelight/models/block/pie.json.pw.toml","449","ce3556e01ba72e1fbb65fda7657dfe8f83b578a7246cc2d0563315e7d5ff2623","Packwiz pack/index/file metadata"
"packwiz/resourcepacks/MilkyJ Stability Fixes/assets/farmersdelight/models/block/pie_slice1.json.pw.toml","470","1d3b6b0a115b7df674ef969997f4f34e3f4778500e4e6c5bbacd2e16927e91ef","Packwiz pack/index/file metadata"
"packwiz/resourcepacks/MilkyJ Stability Fixes/assets/farmersdelight/models/block/pie_slice2.json.pw.toml","470","aa3a9028520f39a123ea15437fb4a686a7d52c3c85e27cd0b3b9d25c791fec28","Packwiz pack/index/file metadata"
"packwiz/resourcepacks/MilkyJ Stability Fixes/assets/farmersdelight/models/block/pie_slice3.json.pw.toml","470","3629bf0105b4df2c3ff64723ae9fd00fc010fc1d12687e43d9fbde9fd18c2af0","Packwiz pack/index/file metadata"
"packwiz/resourcepacks/MilkyJ Stability Fixes/assets/minecraft/atlases/blocks.json.pw.toml","438","fe3d33b1f7078d2b2c9c6ff766e0037128f3524c59b69302e2be04ac2e3ca7f4","Packwiz pack/index/file metadata"
"packwiz/resourcepacks/MilkyJ Stability Fixes/assets/minecraft/textures/block/fish_tank_frame.png.pw.toml","476","885451eaf4cf06db6f94f99cccb817a8bb7611252d84bdae368e9046b30c0030","Packwiz pack/index/file metadata"
"packwiz/resourcepacks/MilkyJ Stability Fixes/assets/minecraft/textures/fish_tank_frame.png.pw.toml","464","d04a32662938efb6b88ab22ddc76e6bd90b4a3d2d611c371a95decb28e76c5ac","Packwiz pack/index/file metadata"
"packwiz/resourcepacks/MilkyJ Stability Fixes/assets/mowziesmobs/models/block/black_pink_grottol.json.pw.toml","488","21c8e7ea0897a103e0c2cc2b873252eb5d08c5676ead8e5c3e481baea6aeac9d","Packwiz pack/index/file metadata"
"packwiz/resourcepacks/MilkyJ Stability Fixes/assets/mowziesmobs/models/block/diamond_grottol.json.pw.toml","479","b13bd1fc09cfac3947d8949ce7f423a379325c07af7cb06ce27e22dbb4b8f140","Packwiz pack/index/file metadata"
"packwiz/resourcepacks/MilkyJ Stability Fixes/assets/netherdepthsupgrade/textures/block/crimson_kelp.png.pw.toml","487","d93f98366f0458940dcba8ac65e90fd0c3a87cd921fc5060ff6c42e9caf17ebd","Packwiz pack/index/file metadata"
"packwiz/resourcepacks/MilkyJ Stability Fixes/assets/netherdepthsupgrade/textures/block/crimson_kelp_plant.png.pw.toml","505","9c37baa5627f6b36f5d3f3164687d1710b0b23e2d960db4952a3e5073154c13b","Packwiz pack/index/file metadata"
"packwiz/resourcepacks/MilkyJ Stability Fixes/assets/netherdepthsupgrade/textures/block/crimson_seagrass.png.pw.toml","499","fa9584b6cf41def9e26b487a514bbf96dbfdcd97651f474baf58ccb0977370f7","Packwiz pack/index/file metadata"
"packwiz/resourcepacks/MilkyJ Stability Fixes/assets/netherdepthsupgrade/textures/block/tall_crimson_seagrass_bottom.png.pw.toml","535","72000e158b51576c60bf6a0d66e353d97d11c19a9b013365b2f94bdcfcf13901","Packwiz pack/index/file metadata"
"packwiz/resourcepacks/MilkyJ Stability Fixes/assets/netherdepthsupgrade/textures/block/tall_crimson_seagrass_top.png.pw.toml","526","d4147951ade7681147581a424091bb4c1d8682cc7c34d359e355729743adda6a","Packwiz pack/index/file metadata"
"packwiz/resourcepacks/MilkyJ Stability Fixes/assets/netherdepthsupgrade/textures/block/tall_warped_seagrass_bottom.png.pw.toml","532","f946d61db84860933da2d575c24f0d8a86d4c6ab9c559d309ec2fc54456da3ef","Packwiz pack/index/file metadata"
"packwiz/resourcepacks/MilkyJ Stability Fixes/assets/netherdepthsupgrade/textures/block/tall_warped_seagrass_top.png.pw.toml","523","4c83ef0b96371f6b921f8b97baacb2eb2ff22522530e5ea85e5d909057f8bcb3","Packwiz pack/index/file metadata"
"packwiz/resourcepacks/MilkyJ Stability Fixes/assets/netherdepthsupgrade/textures/block/warped_kelp.png.pw.toml","484","d85c92546010ef643674af0bf5b940d3227f19cee581b6e58c447ba849881ac5","Packwiz pack/index/file metadata"
"packwiz/resourcepacks/MilkyJ Stability Fixes/assets/netherdepthsupgrade/textures/block/warped_kelp_plant.png.pw.toml","502","2ecb31d05a9065222a3d07c77c21cf59da5791d0225cb8d900424eae02de8c1a","Packwiz pack/index/file metadata"
"packwiz/resourcepacks/MilkyJ Stability Fixes/assets/netherdepthsupgrade/textures/block/warped_seagrass.png.pw.toml","496","4c646602a75bdc803f31c0ed3f8440e1b94be17de2d46e23ebcef00028fff81c","Packwiz pack/index/file metadata"
"packwiz/resourcepacks/MilkyJ Stability Fixes/assets/unusualfishmod/animations/entity/demon_herring.animation.json.pw.toml","519","15467987bd893e28b8572fc294f4074d2df266bba2d3e6ca59815d73b45c5092","Packwiz pack/index/file metadata"
"packwiz/resourcepacks/MilkyJ Stability Fixes/assets/unusualfishmod/animations/entity/duality_damselfish.animation.json.pw.toml","534","91bc71899351f7cbd8567f0e44edfcc761b09353ece6a946de6cef4f7d2e410f","Packwiz pack/index/file metadata"
"packwiz/resourcepacks/MilkyJ Stability Fixes/assets/unusualfishmod/animations/entity/freshwater_mantis.animation.json.pw.toml","531","5c1c7a2402a6e0b0fcf9ba35ea57073361515194314518bf08bad3179964c44e","Packwiz pack/index/file metadata"
"packwiz/resourcepacks/MilkyJ Stability Fixes/assets/unusualfishmod/animations/entity/rhino_tetra.animation.json.pw.toml","513","ca61828c2e1763faa068efdcda735d544dd42a51347df108cf833a2292cedaa4","Packwiz pack/index/file metadata"
"packwiz/resourcepacks/MilkyJ Stability Fixes/assets/unusualfishmod/animations/entity/sea_pancake.animation.json.pw.toml","513","dc3d85aa02cfdd580327b6913773996faf3a9f7f9ef2d65d2eae3c7b6c0c33a9","Packwiz pack/index/file metadata"
"packwiz/resourcepacks/MilkyJ Stability Fixes/assets/unusualfishmod/animations/entity/zebra_cornetfish.animation.json.pw.toml","528","dae4e40e047cd21cdea2502530702a68eaa70fad67135cbf62d33e7cb307cd4c","Packwiz pack/index/file metadata"
"packwiz/resourcepacks/MilkyJ Stability Fixes/pack.mcmeta.pw.toml","388","e773bc861aeffc2091c9a863a10a7e95499acf975168efd9f5005ef62179edd3","Packwiz pack/index/file metadata"
"packwiz/resourcepacks/shable-s-tweaks-1-1-1-20-1.pw.toml","445","fffc907a5b5a7a9ca181af1567db20e5a5a1e91eb4e1dd962e69f3c48b1012c8","Packwiz pack/index/file metadata"
"payload/both/config/#STOP_MOD_REPOSTS.txt","3200","d1f27b3ef6095e32e8563e179209de86acca3049fa6431b1ae15bd6f05e5832d","Hosted managed payload"
"payload/both/config/advancementplaques-common.toml","3024","b7812dd0a3535dea9871f2695b363727bb0abde965d365ca41e8c63b8bd67884","Hosted managed payload"
"payload/both/config/aether/sun_altar_whitelist.json","2","4f53cda18c2baa0c0354bb5f9a3ecbe5ed12ab4d8e11ba873c2f11161202b945","Hosted managed payload"
"payload/both/config/aether-common.toml","1351","c48fcf909782f15a5e7da5b1adf223bb23b19d335b03dbc20eafaf6fdc33e763","Hosted managed payload"
"payload/both/config/aethersdelight-common.toml","316","3d29f1312d2c893a7938e977f3ca03ddeffd1c787e7405459601f252dc2c6f24","Hosted managed payload"
"payload/both/config/aiimprovements-common.toml","6211","08a9f7c6f63bd35d49b15fa5bccd8cdf667f21af0c9a8cb2ab5998eb598ee7c3","Hosted managed payload"
"payload/both/config/alexscaves_biome_generation/abyssal_chasm.json","272","d286a521c5fd852ef189e15f02952d3e6f529efbb67fe769d88d45183279c3b9","Hosted managed payload"
"payload/both/config/alexscaves_biome_generation/candy_cavity.json","227","02120d68d535ce346b1d66d42a039a0683ee4432b8537d70fbb2f1bf59c4d364","Hosted managed payload"
"payload/both/config/alexscaves_biome_generation/forlorn_hollows.json","226","5eea375f709ff5d7096b51fdc32b671952e1d2aed9f48c9bd9bc8e50ec2cb7f7","Hosted managed payload"
"payload/both/config/alexscaves_biome_generation/magnetic_caves.json","226","cf811ff0e46881d7993eb4910d9891ff6472554b613d3b3940deb0c6f1e0a779","Hosted managed payload"
"payload/both/config/alexscaves_biome_generation/primordial_caves.json","227","f0e2da7cf5d77abef1bd270cb7c288e3f57c001005fe41e11d545d948b06474d","Hosted managed payload"
"payload/both/config/alexscaves_biome_generation/toxic_caves.json","226","d6d7d5becfd20cca48dabcb838021694740bd874fba80a259b05d37bcc720a43","Hosted managed payload"
"payload/both/config/alexscaves-general.toml","6084","232e6e03c16b2d664ffbca9014dc72da2ff952b514d514087288fda1237dbaed","Hosted managed payload"
"payload/both/config/alexsmobs.toml","36192","7c01df704a66653df7793e4c6a856815be283106df03765f196c89bd962d463c","Hosted managed payload"
"payload/both/config/alexsmobs/alligator_snapping_turtle_spawns.json","754","df14afd6e1e96ace0dc8e4c71bc325e3baec8dbeaebf61f682561a70fc145f9d","Hosted managed payload"
"payload/both/config/alexsmobs/anaconda_spawns.json","1036","ca961946a7b3c6e9abcb1bb82bbf36e1f9ce01d11769a06a7fbff6351293ff5d","Hosted managed payload"
"payload/both/config/alexsmobs/anteater_spawns.json","1166","f65e31155b2f2e033bed66dc5ec2ce7f6962be3389369ff800b69dfdecb5d990","Hosted managed payload"
"payload/both/config/alexsmobs/bald_eagle_spawns.json","2723","f8b51a798bfa4b51e0ee8fb78c860ca5b2677583db10584792a0e1548f17d396","Hosted managed payload"
"payload/both/config/alexsmobs/banana_slug_spawns.json","1697","1d5d0ce4ef42e94f0361c41b4b2402b64e87f0b1b987e1f1b2f6b2ac377211a7","Hosted managed payload"
"payload/both/config/alexsmobs/bison_spawns.json","1761","78e726ed002a31f5084a7b49fcce467c5623a046981d6c59d9ed7c4eb6cdbb1e","Hosted managed payload"
"payload/both/config/alexsmobs/blobfish_spawns.json","146","7e7b175c33aed22c3d2cd31e215c6243e3790b07a3664b42d130a8f3b897489f","Hosted managed payload"
"payload/both/config/alexsmobs/blue_jay_spawns.json","4020","7d1f784ab378e1e851e73dbb6f81866420c1328d25f754546d82c417bf304644","Hosted managed payload"
"payload/both/config/alexsmobs/bone_serpent_spawns.json","257","47eef91378d3d6455a911d58cc3afdbfcdda7fd49968a7921b22620faa8ff672","Hosted managed payload"
"payload/both/config/alexsmobs/bunfungus_spawns.json","486","5d5a9d2039b6df546b788f62cb376cc29312a7115a5553541652aad7259436a6","Hosted managed payload"
"payload/both/config/alexsmobs/cachalot_whale_beached_spawns.json","642","73b8f83ddfa936642b38af1003e3c47eab6f089ad61612ee5181137409038f57","Hosted managed payload"
"payload/both/config/alexsmobs/cachalot_whale_spawns.json","893","fb901f1ea0bce7b9fb51dfaeb565539a3c1a9ee86bafb49caddac7ca1002e296","Hosted managed payload"
"payload/both/config/alexsmobs/caiman_spawns.json","291","542cca079ae671a6d928737b622b205deebfe2aed5864a01b5048f501aec2753","Hosted managed payload"
"payload/both/config/alexsmobs/capuchin_monkey_spawns.json","1184","83b68d395236771ae9276f48b2988cfa9eb65e14dc41531b37a6b4e77c64859a","Hosted managed payload"
"payload/both/config/alexsmobs/catfish_spawns.json","1097","3c097d29c1f74807815d4c13e3586a76528ac3c104670ce95852bd3b62f9e16e","Hosted managed payload"
"payload/both/config/alexsmobs/cave_centipede_spawns.json","2200","973b8ebc19fa04e02b050f28359ee6bffbae93367f49ecac10892f4a2c1dad7d","Hosted managed payload"
"payload/both/config/alexsmobs/cockroach_spawns.json","2085","97a67afb52f1398f2c55e2a74001e5b893394e28d3f0eb00695f049bdd19f204","Hosted managed payload"
"payload/both/config/alexsmobs/comb_jelly_spawns.json","414","cf9ba87b0d2001543fe09d8f6a4c602c03644643a9bd49d1e9ca0b041ab4dc02","Hosted managed payload"
"payload/both/config/alexsmobs/cosmaw_spawns.json","371","8e1d05a9b4ab8b923ff4951ef391665f3bdd218d943152f6f1f57509786bc0f7","Hosted managed payload"
"payload/both/config/alexsmobs/cosmic_cod_spawns.json","139","aed14e990ed38ee78214b1ea4a15e06bca1b8d098e1e440596be9ab14e4403b8","Hosted managed payload"
"payload/both/config/alexsmobs/crimson_mosquito_spawns.json","785","104fa9ce71421c5023abba88ce382957828b22341b44c2d03b3300b760482c9d","Hosted managed payload"
"payload/both/config/alexsmobs/crocodile_spawns.json","1007","a73d36d1b5dd75eb20f6143193b991e942f4ef4cef725835b66ec01197d7074f","Hosted managed payload"
"payload/both/config/alexsmobs/crow_spawns.json","5146","cace87b5d504be10d1fff107ad14349066ae1c39d5200a7a29bdd5476167d9b8","Hosted managed payload"
"payload/both/config/alexsmobs/devils_hole_pupfish_spawns.json","145","e7855fa7d73f4d3af77f47ddd70b4fcbab7862302d004b4ddae9dddc75c4e402","Hosted managed payload"
"payload/both/config/alexsmobs/dropbear_spawns.json","403","0fa8f72e4c73805727577a343758cfd39377cbdadebb88b6b2343183053e16cb","Hosted managed payload"
"payload/both/config/alexsmobs/elephant_spawns.json","1163","cac271d780a6ed65db7b22e6944b6d456805d72b309865d6293ad6aa4f60c3e2","Hosted managed payload"
"payload/both/config/alexsmobs/emu_spawns.json","1661","70e30e058709266e665eb6642df126eeee744d05e63d77344501e78cb4a37851","Hosted managed payload"
"payload/both/config/alexsmobs/endergrade_spawns.json","250","ca6e68bd3e74eb9cedcdbae4c82f594c4e85bdd54e1d0e35344a3febb9672980","Hosted managed payload"
"payload/both/config/alexsmobs/enderiophage_spawns.json","603","846748f4f352dead7fae39221d653713b7cbd775eaf10f80e0dea86f4e9ccb9a","Hosted managed payload"
"payload/both/config/alexsmobs/farseer.json","266","c245528d844458d8ac416572ee0df7575bb23d58beb07367d4cd55c66fec9000","Hosted managed payload"
"payload/both/config/alexsmobs/flutter_spawns.json","147","f729be2a0bc7bccc88cde40464f990d6074bfcf52a0d1d6719d8ebcd63c496ff","Hosted managed payload"
"payload/both/config/alexsmobs/fly_spawns.json","145","e7855fa7d73f4d3af77f47ddd70b4fcbab7862302d004b4ddae9dddc75c4e402","Hosted managed payload"
"payload/both/config/alexsmobs/flying_fish_spawns.json","716","69904b309696b6081cdec1ea87bdb62f84886cf6dac600a8bca231860c3a3f2f","Hosted managed payload"
"payload/both/config/alexsmobs/frilled_shark_spawns.json","146","7e7b175c33aed22c3d2cd31e215c6243e3790b07a3664b42d130a8f3b897489f","Hosted managed payload"
"payload/both/config/alexsmobs/froststalker_spawns.json","934","2cc43cdc9df3b20cc2eeb75a3c11736558f544571640607d08dec5c0a939c02d","Hosted managed payload"
"payload/both/config/alexsmobs/gazelle_spawns.json","1050","17a5c3263942410596f91fb0aece138e5115bfabfa2a5913a63406fcb64b42d0","Hosted managed payload"
"payload/both/config/alexsmobs/gelada_monkey_spawns.json","1001","cdd0380bfa9b754856150966a042f807ac48d2f9409f4f2b543be19e87f4c41f","Hosted managed payload"
"payload/both/config/alexsmobs/giant_squid_spawns.json","146","7e7b175c33aed22c3d2cd31e215c6243e3790b07a3664b42d130a8f3b897489f","Hosted managed payload"
"payload/both/config/alexsmobs/gorilla_spawns.json","1053","8c90151f66a632b01e7b8f6998f72618720aae5362c1df0bdd7fefdb13cc20c8","Hosted managed payload"
"payload/both/config/alexsmobs/grizzly_bear_spawns.json","4020","7d1f784ab378e1e851e73dbb6f81866420c1328d25f754546d82c417bf304644","Hosted managed payload"
"payload/both/config/alexsmobs/guster_spawns.json","1132","263974f58a4b48df633648246820681745da9f9e16f30fefe6e07f576251dfb1","Hosted managed payload"
"payload/both/config/alexsmobs/hammerhead_shark_spawns.json","254","a5eeb1a3843a12ef4fde1d8a3a5f13161034457c0901d3f938aa71a20e6712f3","Hosted managed payload"
"payload/both/config/alexsmobs/hummingbird_spawns.json","3029","6aa305d47ca32364d445c04c8a20da36a7ccef97955c27e834d4114604d2785d","Hosted managed payload"
"payload/both/config/alexsmobs/jerboa_spawns.json","1252","c4b2ef89d9ad5c4dffcebb51209837da430b166c5767c1a38d90911c4445b124","Hosted managed payload"
"payload/both/config/alexsmobs/kangaroo_spawns.json","1661","70e30e058709266e665eb6642df126eeee744d05e63d77344501e78cb4a37851","Hosted managed payload"
"payload/both/config/alexsmobs/komodo_dragon_spawns.json","775","695a3eb4d61a8208cc634871c237b0e6efc980ac668793f4686848e32cda0907","Hosted managed payload"
"payload/both/config/alexsmobs/laviathan_spawns.json","142","07d0215377f12f1299ec46b6277426c3cf957aa1d310c97fa943cdf5ace8d260","Hosted managed payload"
"payload/both/config/alexsmobs/leafcutter_anthill_spawns.json","1166","f65e31155b2f2e033bed66dc5ec2ce7f6962be3389369ff800b69dfdecb5d990","Hosted managed payload"
"payload/both/config/alexsmobs/lobster_spawns.json","398","bb0c918e8dbd4d003417a1bcabb38b8433d1f9be95fe6f8feef95d30616b49a7","Hosted managed payload"
"payload/both/config/alexsmobs/maned_wolf_spawns.json","1037","8483d96341369b430ff2ebfebd7562b0c58c40b96be541cc88189fc696606a0d","Hosted managed payload"
"payload/both/config/alexsmobs/mantis_shrimp_spawns.json","385","4f6099fe4d9f99530f9f0f9bae7e55c0713506efdc47da69d227ae62137647e4","Hosted managed payload"
"payload/both/config/alexsmobs/mimic_octopus_spawns.json","373","9c68a433ab6f75ff9e8d46868480158e4c1f46949779cb0b0d973f7759dbfc2d","Hosted managed payload"
"payload/both/config/alexsmobs/mimicube_spawns.json","365","fcace6e8c558df6eb13827f7a2b4a7f43c9fdfd3015331bd7e277329ca034c34","Hosted managed payload"
"payload/both/config/alexsmobs/moose_spawns.json","2291","abac051da2458ec848604b66a6d7889f7c715060bb9706c1d1822155127d096c","Hosted managed payload"
"payload/both/config/alexsmobs/mudskipper_spawns.json","291","542cca079ae671a6d928737b622b205deebfe2aed5864a01b5048f501aec2753","Hosted managed payload"
"payload/both/config/alexsmobs/mungus_spawns.json","486","5d5a9d2039b6df546b788f62cb376cc29312a7115a5553541652aad7259436a6","Hosted managed payload"
"payload/both/config/alexsmobs/murmur.json","2200","973b8ebc19fa04e02b050f28359ee6bffbae93367f49ecac10892f4a2c1dad7d","Hosted managed payload"
"payload/both/config/alexsmobs/orca_spawns.json","255","2e62ae273c3488a294068e5ed737dbf08791f4758cd3659308824d7bf4ece377","Hosted managed payload"
"payload/both/config/alexsmobs/platypus_spawns.json","625","b96f9e44f59f54b67460784fb1fdfa06d053f9ca9abb4fc3b04f222fd65ee958","Hosted managed payload"
"payload/both/config/alexsmobs/potoo_spawns.json","148","59c5832a40ef0e7212a4d499862f931a5dfcd3ff6d68598153f1274191b0939d","Hosted managed payload"
"payload/both/config/alexsmobs/raccoon_spawns.json","3712","2f353aa8720d03fbdef9d9e4932ecc4435b7923bbc72191fab6f46acb66d3a12","Hosted managed payload"
"payload/both/config/alexsmobs/rain_frog_spawns.json","1252","c4b2ef89d9ad5c4dffcebb51209837da430b166c5767c1a38d90911c4445b124","Hosted managed payload"
"payload/both/config/alexsmobs/rattlesnake_spawns.json","1646","b8662bb3de9e2e5cc4af3773700fe6446c389980a80f6350f99d51f3fa2cef39","Hosted managed payload"
"payload/both/config/alexsmobs/rhinoceros_spawns.json","1050","17a5c3263942410596f91fb0aece138e5115bfabfa2a5913a63406fcb64b42d0","Hosted managed payload"
"payload/both/config/alexsmobs/roadrunner_spawns.json","1646","b8662bb3de9e2e5cc4af3773700fe6446c389980a80f6350f99d51f3fa2cef39","Hosted managed payload"
"payload/both/config/alexsmobs/rocky_roller_spawns.json","673","98dc351abc061685560adc82bd3ffa6e4c87d4faab81e9bb6a9e2a6f07cdb177","Hosted managed payload"
"payload/both/config/alexsmobs/seagull_spawns.json","1296","4dca182ebef46ea0076b8e8066add18f69527cf2f81da83e77e0409127c92dc4","Hosted managed payload"
"payload/both/config/alexsmobs/seal_spawns.json","877","ef706c1e2ba0b9356523f8aeb3679303ab98d85c9b761d0e55962e930be4d8e6","Hosted managed payload"
"payload/both/config/alexsmobs/shoebill_spawns.json","623","0d8683c0a1b8176d4e89f88c4f3b1e6fbf6b269781497a190749904c7323eeec","Hosted managed payload"
"payload/both/config/alexsmobs/skelewag_spawns.json","374","86aad88d05c283679e85900cab1bf3977d496849005ac068a14e40b93db35aa2","Hosted managed payload"
"payload/both/config/alexsmobs/skreecher.json","276","f812e719afb24421c6853dacf4d1f66864305e335cfdf6193613d7c408ecab30","Hosted managed payload"
"payload/both/config/alexsmobs/skunk_spawns.json","2037","01cc2eb4d92ba30b7301b9325a353cd96c5c7ff263c348795bfb34698cf8f11b","Hosted managed payload"
"payload/both/config/alexsmobs/snow_leopard_spawns.json","1808","fdf546af7c7ff2307d0862c0802450eef1e99554af3a340e7a6af69fa5785ea5","Hosted managed payload"
"payload/both/config/alexsmobs/soul_vulture_spawns.json","523","45407796e49769550eef92fd3953daa191c85aaf032fb2be32fe591b0199a172","Hosted managed payload"
"payload/both/config/alexsmobs/spectre_spawns.json","250","ca6e68bd3e74eb9cedcdbae4c82f594c4e85bdd54e1d0e35344a3febb9672980","Hosted managed payload"
"payload/both/config/alexsmobs/straddler_spawns.json","664","5ee746cf50b358048a0243e4c45997285cf4a9b736758d388ad730d4ed493900","Hosted managed payload"
"payload/both/config/alexsmobs/stradpole_spawns.json","664","5ee746cf50b358048a0243e4c45997285cf4a9b736758d388ad730d4ed493900","Hosted managed payload"
"payload/both/config/alexsmobs/sugar_glider_spawns.json","418","cec5208e2e9f12aa8ce13d0f6d34a18500a77d143441c9b511df21c623fe368f","Hosted managed payload"
"payload/both/config/alexsmobs/sunbird_spawns.json","3925","7b82ff39e191bd213cd8ecf06ff9a78c4658e6f6b9d8b48a4fcc4017e7268cb5","Hosted managed payload"
"payload/both/config/alexsmobs/tarantula_hawk_spawns.json","1252","c4b2ef89d9ad5c4dffcebb51209837da430b166c5767c1a38d90911c4445b124","Hosted managed payload"
"payload/both/config/alexsmobs/tasmanian_devil_spawns.json","1908","40c769365424d492a4c17700bb8cfac4c8ce7fac2bc16728f0c4287e3a043130","Hosted managed payload"
"payload/both/config/alexsmobs/terrapin_spawns.json","625","b96f9e44f59f54b67460784fb1fdfa06d053f9ca9abb4fc3b04f222fd65ee958","Hosted managed payload"
"payload/both/config/alexsmobs/tiger_spawns.json","1209","f88fc1b519759fe41347afca59030619365e173c577e8c1adfcb88777078d066","Hosted managed payload"
"payload/both/config/alexsmobs/toucan_spawns.json","1166","f65e31155b2f2e033bed66dc5ec2ce7f6962be3389369ff800b69dfdecb5d990","Hosted managed payload"
"payload/both/config/alexsmobs/triops_spawns.json","1252","c4b2ef89d9ad5c4dffcebb51209837da430b166c5767c1a38d90911c4445b124","Hosted managed payload"
"payload/both/config/alexsmobs/tusklin_spawns.json","882","9ab4772704660c679ea30dff2db2c1272843e00675e2a7e610adcc6486120c3c","Hosted managed payload"
"payload/both/config/alexsmobs/underminer.json","2085","97a67afb52f1398f2c55e2a74001e5b893394e28d3f0eb00695f049bdd19f204","Hosted managed payload"
"payload/both/config/alexsmobs/void_worm_spawns.json","18","6712a2d6165ed52b7d251a8fc4cbfb6c1f834210a8bda82b55440402fd2d3273","Hosted managed payload"
"payload/both/config/alexsmobs/warped_mosco_spawns.json","18","6712a2d6165ed52b7d251a8fc4cbfb6c1f834210a8bda82b55440402fd2d3273","Hosted managed payload"
"payload/both/config/alexsmobs/warped_toad_spawns.json","661","72126b26d7f3ae03b80df97dd103e0cec87d10829e86ac8b08da23abc7b318d8","Hosted managed payload"
"payload/both/config/amendments-common.toml","5010","5a07da87f015a9a0f591638fce47614c9d2311eca7c267f8dcc0bb01409cc131","Hosted managed payload"
"payload/both/config/aquaculture-common.toml","825","aff201054383adfd67347e968dd6aeaccd339454d51dd50983654b2c732acc31","Hosted managed payload"
"payload/both/config/armoroftheages.json","2719","99e63a1f0c630297a20ade88c7c5011bb69e5fbcc772a6e317e7661185a57ab0","Hosted managed payload"
"payload/both/config/artifacts/common.json5","1584","736bec8c910558091bb749ac7adb013822a253a02f1f70637eb193952768d2b1","Hosted managed payload"
"payload/both/config/astikorcartsredux-common.toml","4537","8413771f8bf30dedae75541322b7a444dc181d27eb7820e81061a3ff4fe9edae","Hosted managed payload"
"payload/both/config/autumnity-common.toml","159","190b4f1cb084117df61fa76012f5c8405dddaf849aa0293728c16e36f9e8d8d4","Hosted managed payload"
"payload/both/config/bettas_aquatics-common.toml","415","f1ca1fe31c97f1e0a2b8f939d36305d31133c92778c50c5f323071f5b04b3719","Hosted managed payload"
"payload/both/config/betterarcheology_structures/structure_settings.json5","536","38d7ba223179d5c572ab2b545501505a75bfd32acd4d3b2f558f8d7d9134c269","Hosted managed payload"
"payload/both/config/betterarcheology_structures/structure_toggle.json5","1007","2e50e09b1315e4a45ae949f4b515fd29ed4fa2f307849eafe8cd4c5b7706dea0","Hosted managed payload"
"payload/both/config/betterarcheology-common.toml","4734","b2729a5916c5aac214f67337d1d38ee7767e1e14b7f2dcb7b7371a9509829a96","Hosted managed payload"
"payload/both/config/betterdeserttemples/forge-1_20/armorstands.json","1104","8f45ebbfa6cf88132ce2202e1bbd102282810b73ab0a48ff224364eb89234eca","Hosted managed payload"
"payload/both/config/betterdeserttemples/forge-1_20/itemframes.json","614","5d9091ba269a6ee3f4a795d7415bc0f30adce44aab0e9336eb86d39f2d097c18","Hosted managed payload"
"payload/both/config/betterdeserttemples/forge-1_20/README.txt","1683","80ba474fdd1912739a1dc3326de6539ccfceb9d5c97f540131b567e295a7b112","Hosted managed payload"
"payload/both/config/betterdeserttemples/README.txt","722","3646bc39be8c42a1432506e77721f3b963d33948d4bbd4cd5a10703834979116","Hosted managed payload"
"payload/both/config/betterdeserttemples-forge-1_20.toml","618","ee648242e301a55004cf2796dbf7d31ba1e46765ad07dd45c12053bbb4f4d387","Hosted managed payload"
"payload/both/config/betterdungeons-forge-1_20.toml","3486","946ce267d09bcedf40defb277de8b64ee72b37118230d47b20eabf55aa32f91a","Hosted managed payload"
"payload/both/config/betterendisland-forge-1_20.toml","329","705bd38f35f830cdee96cda5e3b3e31bc2992b6b5962bb08820dc24fef5d0846","Hosted managed payload"
"payload/both/config/betterfishtanks-common.toml","2492","9dda0dd6ed39d73c7160f46c1b1c91712a10f4f06e6d277480dfb17b5b1cf149","Hosted managed payload"
"payload/both/config/betterfortresses/forge-1_20/itemframes.json","901","3f2df75989d24d8114eb12b322a1cf7a5cc275ccc126de3b1d071a86f511f158","Hosted managed payload"
"payload/both/config/betterfortresses/forge-1_20/README.txt","1339","1175dbf9cd2e7c91b1c852a51e3c0203c68484917e877465b283e2370ad62864","Hosted managed payload"
"payload/both/config/betterfortresses/README.txt","871","70c4264947f42dd780d476f3d36966c2d01c23d6f089d98c317f8a820e4040ee","Hosted managed payload"
"payload/both/config/betterfortresses-forge-1_20.toml","468","d7ad821ff76f0abe305017abe4f3e4aaf7acc6870bc66983eb140cf283ed0b95","Hosted managed payload"
"payload/both/config/betterjungletemples-forge-1_20.toml","126","1e558a006956669d6ab8dc9941eba2050365516c46f7008b3a9ee7b49764e273","Hosted managed payload"
"payload/both/config/bettermineshafts-forge-1_20.toml","3773","016afc8af06af822bdaa07681699b3c068ec26274116b30b359d5ff03ef9ce11","Hosted managed payload"
"payload/both/config/betteroceanmonuments-forge-1_20.toml","460","a3789bfdf19c068ae046d382d7fd627f31ecda4a91ecadef888ff91ea6b8ceb6","Hosted managed payload"
"payload/both/config/betterstrongholds/forge-1_20/armorstands.json","1131","b195aede82d84d557eed3d2b1b892fea364cd5f475e1a2e20617301c9654189e","Hosted managed payload"
"payload/both/config/betterstrongholds/forge-1_20/itemframes.json","680","245e5f7ae62569f182a3335236e330991d56d587025eb88fa9f54997cb39558d","Hosted managed payload"
"payload/both/config/betterstrongholds/forge-1_20/ores.json","346","c9b6bad0b5043cb4bc9569b8185df95f1f11eaa335e746d1cc4b28a6749a3c4a","Hosted managed payload"
"payload/both/config/betterstrongholds/forge-1_20/rareblocks.json","238","890eaae9d4766bf7a20a3862d53fa7be60eb690bdfb9bf82d84acd9341505826","Hosted managed payload"
"payload/both/config/betterstrongholds/forge-1_20/README.txt","2830","5aad271e60a03218eb5207dd78df8d1d36c676f212bf823701e33646010d2f19","Hosted managed payload"
"payload/both/config/betterstrongholds/README.txt","707","13c5f6bd52bf778533a100453d8b295802f923109e0a2951446a00674113700b","Hosted managed payload"
"payload/both/config/betterstrongholds-forge-1_20.toml","813","2e9c9d71e1f2ebcc7065fa6bb09f9b3b97e4cf0bb78067182faf56d1fc14886d","Hosted managed payload"
"payload/both/config/betterthirdperson-common.toml","687","3843f47cb52faddf9bc4d8dd08a4d7e30061e671128d99412ca6a6c27bd1485b","Hosted managed payload"
"payload/both/config/betterwitchhuts-forge-1_20.toml","440","a053c7647937df86a050d1d2d5e2e42dae07b96af4a1e799c5c917e28456b15d","Hosted managed payload"
"payload/both/config/biomesoplenty/biome_toggles.json","2102","73a6c7501f19022b96ffed49e470159a59c993425525cae4099fae43f9a1a996","Hosted managed payload"
"payload/both/config/biomesoplenty/gameplay.toml","113","c48cf5d4b895aae33a2e757aa7b46768d3c30b93f7f09c7a2a3156d5622ec0f1","Hosted managed payload"
"payload/both/config/biomesoplenty/generation.toml","525","b949376d74ae4b3a82851202a1ce79e2995d85c1237a50285f81d85edf29a815","Hosted managed payload"
"payload/both/config/blueprint-common.toml","614","468c5e98de57915c1fbc04f24934723184bfaff4d08f666ed8a8b4bdce894a25","Hosted managed payload"
"payload/both/config/bountiful/bountiful.json","386","dbc5b8504e5ad33a610cf86d7cb2035eafc867d8edc7898245c915a512036778","Hosted managed payload"
"payload/both/config/brewinandchewin-common.toml","1184","8ebeb27f31aa49b530e2689679ca8096887847d7e4d93a87d9d50143f5957f77","Hosted managed payload"
"payload/both/config/carryon-common.toml","7153","9c31f7f00ebe4025a6a11ee6257fe672b57866f7ec6206f97656b6cdf095b0b1","Hosted managed payload"
"payload/both/config/caverns_and_chasms-common.toml","1994","f5ee11f493a6411a0212872c477671dbebe9a2c9d6ce0cd271c7a70f38eb9e23","Hosted managed payload"
"payload/both/config/chalk-common.toml","1247","6ffa7b7f4eec297ab23cc93690ee1824f3d8dca80e0bb46cfe6091d03870773c","Hosted managed payload"
"payload/both/config/chat_heads.json5","229","e198750061411cf7fca624e38b894ca104ca2cf2c2940da0409ce4240dcc2503","Hosted managed payload"
"payload/both/config/citadel-common.toml","648","3fcd8013137a86c00953d4be1e56945b84b87594be722bbf3b3be8d752e2577f","Hosted managed payload"
"payload/both/config/collective.json5","2471","92809d098b5efeca95c37ec4fef9184bd169160d18efecf81f395c4030c0f83f","Hosted managed payload"
"payload/both/config/cookingforblockheads-common.toml","1413","e47daa4f9c1d08b1401767e1f5b44cf2ed1284d737338a1133dfde43ded8a9af","Hosted managed payload"
"payload/both/config/copycats-common.toml","2167","6eae5e6f03453087e9493c578bce1f1a8d33d13191a8827651e52d37797555af","Hosted managed payload"
"payload/both/config/craftingtweaks-common.toml","1224","7ac94e5c0a1bfbe7611666c05491a2da0009940cfa6e7886d6a4f6051f672c09","Hosted managed payload"
"payload/both/config/create_central_kitchen-common.toml","1314","d769909a3c4ab55be032c8a07904bd870477dc443cdadb3464c8e30aedf3441c","Hosted managed payload"
"payload/both/config/create_connected-common.toml","1755","da6272e94f2fff7127bf4807028b6b6f3f34f2eabf031c3e789c5ca1679c58ad","Hosted managed payload"
"payload/both/config/create-common.toml","157","36a4d9f5da68f6801b83ce0c4a1a8805fbeffb0dd997f2d405465d7774522296","Hosted managed payload"
"payload/both/config/creeperoverhaul.jsonc","1850","9d870b28f9a1479f952f258f7f01aebceb17fdc78c23014469c8ac055fad9bbb","Hosted managed payload"
"payload/both/config/cristellib/minecraftED.json5","1476","8e01cc9b7e46f74fd60ce36d3459628b8198cb988051ae52f14cda36ef0fd869","Hosted managed payload"
"payload/both/config/cristellib/minecraftP.json5","1752","8fe09b83f2fe6bf9d547e99b8d883aef42bf3d9e2e6f5bd43ec3fcd4c7f756da","Hosted managed payload"
"payload/both/config/crittersandcompanions-common.json5","4260","86b7e603962ff30fc3f1b975fcb368646d30f0e153e20184518fab615f7b18a6","Hosted managed payload"
"payload/both/config/crittersandcompanions-common.toml","348","f5de51f8729c971f1b41872bab965d7a6a45b29111d8d9e1340fbca1e4ef0e4f","Hosted managed payload"
"payload/both/config/cubes_without_borders.json","209","f248bc2019d956312c0c18037b84e764947dd200c00a96f45a807624d233010d","Hosted managed payload"
"payload/both/config/curios-common.toml","161","5fe808869d46a4b80e1191fbe40f40a4d63987beda0eaeb2d89b909a990ea2ea","Hosted managed payload"
"payload/both/config/dawnoftimebuilder/patrons_cache.json","1964","401f708858ae05dcc6aeccd6edeb81375c26f6436812d24339666679f8a71c8d","Hosted managed payload"
"payload/both/config/deeperdarker-common.toml","756","8cbd895ecaf34f553f3fc87b5009edcfad3f22fbc44c85d2364b3dd50b38d1b5","Hosted managed payload"
"payload/both/config/delightful-common.toml","5346","93b0e68cb42e4a5e518546d2ed79a06b2c3cf8a2dee5dc9e53d93823828a1d31","Hosted managed payload"
"payload/both/config/domestication-innovation.toml","5641","8df5ed720b6f4e65dde564ca501ac9a4ba095684361ea90aff6110a905561d00","Hosted managed payload"
"payload/both/config/doubledoors.json5","981","ed3b25678a185a7c560868e047b60ffd7d7bf9b13d3a45cc5c056f5cfd5b088e","Hosted managed payload"
"payload/both/config/dungeons_plus-common.toml","1473","070f9b43cda154fe68abce357d7779c83e2f636415ab7da786793c5a42925faa","Hosted managed payload"
"payload/both/config/dynamiclights.json","377","d114fbd97132f5c899d3aff453c4683b02e4c2cf5e5fb23cf877745c001608aa","Hosted managed payload"
"payload/both/config/ecologics-common.toml","816","ae240f92ae82e771f3390b37f404e632fb409270128f9ae1d1e9d283480e383d","Hosted managed payload"
"payload/both/config/embeddium-fingerprint.json","427","32c4b8c51b5362b7893a3b196bf3623adeefb5dc0971647309e6b6bf362b070c","Hosted managed payload"
"payload/both/config/embeddium-mixins.properties","269","09ff183e061d93b79514bc171bf9118497578757e7a5c45946039487656e2619","Hosted managed payload"
"payload/both/config/enchdesc.json","189","69e1df6089b71c3c2fe2c7cf6760937094fd22434111f527229a9fcea3f90bc5","Hosted managed payload"
"payload/both/config/endermanoverhaul.jsonc","930","9502aced0fb4379a4a5e72c484fb155ffcdf80aff96f8f88ed4a0111b42d9003","Hosted managed payload"
"payload/both/config/endrem.toml","723","4fdf07c3f2c3887852ff0acc0f8e40b4d7a5d36a20a2e05d3d5a7cf0a455dfc5","Hosted managed payload"
"payload/both/config/entity_texture_features.json","1421","d8d72a9ac49bbe45921f1ace5a22c30b65802c5e70829343cf7acfd25f79b8dc","Hosted managed payload"
"payload/both/config/entityculling.json","2228","e92e6772c4b6ec28b9c179c80831d56d11fc65064591424a120133d397b2ab49","Hosted managed payload"
"payload/both/config/etf_warnings.json","28","a5ba22e63061c1fb67f0f895f17681351eaeccc225faef966c29ee630593275e","Hosted managed payload"
"payload/both/config/everycomp-common.toml","1590","662ecbc927ea1b7936eddef9fc99e9fa222a31f7394e71e2e4115e3fdeb3b4a7","Hosted managed payload"
"payload/both/config/everycomp-entries.toml","7168","8feb0b2d4d390038672ae2d86dacaf02d02111121d9e4abc75e92791903d024a","Hosted managed payload"
"payload/both/config/everycomp-hazardous.toml","4014","2b5beca7a3a37c49da647492c62c5e6452da3214f70170f4543d314825aeb385","Hosted managed payload"
"payload/both/config/exoticbirds-common.toml","1643","16f0e21912c233fcf526b9f0bc285db9890a804d852c7c930a3645090e7688fa","Hosted managed payload"
"payload/both/config/explorations.json","1306","5d3aec0b61f27494d5d29c366cf8957b18a5c389473eef18597231f280b2c776","Hosted managed payload"
"payload/both/config/explorerscompass-common.toml","2052","7e619a586ca7feedee96e47e5de7bea5d4f5d10239ca0111edc044ea0c65a448","Hosted managed payload"
"payload/both/config/exposure-common.toml","564","1344a5f2292b2805368a6ee5fc53d661febb1f0a13bd27bf9a3d65fafa7f837b","Hosted managed payload"
"payload/both/config/fairylights-common.toml","181","61078cc778b4049c259a0bc2e1ba809306e39cc90dffd59c6f9855aabacd52e0","Hosted managed payload"
"payload/both/config/fallingtree.json","1273","922a0a06c316eb1f0aba285f5bc59f4421b51b6f861661f3cdab38bbd44e4927","Hosted managed payload"
"payload/both/config/farmersdelight-common.toml","3930","459c4d9fcf137f0533da3280349f2abe51510497632130cbc23507dd121b1bd8","Hosted managed payload"
"payload/both/config/fastsuite.cfg","918","44198ad591572d87a9f71b0b636229d91508a8c971f9dca907bed3c6d6754193","Hosted managed payload"
"payload/both/config/ferritecore-mixin.toml","1516","c164439c632aa7c95c07edec5cfef74b8e2d5671a8445a781deeb4de7ad0c8b6","Hosted managed payload"
"payload/both/config/fetzis_displays/fetzis-displays-config.json","197","5fca370c40433596c2417f4fa0a02c4d1e438d808c92a43f583b169f732563e0","Hosted managed payload"
"payload/both/config/fml.toml","1147","eb6e8b8eda9682889a83d55262ef96cf37153d58fe7f0fa5d5cb1da5d9f7dd9b","Hosted managed payload"
"payload/both/config/foragersinsight-common.toml","784","616ce82d348d7cdb6c40343d0fa2e66eed1f6561024d1f2559f0d8b361f2a3a7","Hosted managed payload"
"payload/both/config/fossil-common.toml","3253","230eecc36c73698cf4b0b8c2afd405244fb382beef76ddd03f6b73738d8b2ba6","Hosted managed payload"
"payload/both/config/framedblocks-common.toml","93","3df7937868159c8c2570d09c9ef9e0a1127dfbab70c3404c8fd069c7390d39ff","Hosted managed payload"
"payload/both/config/friendsandfoes.json","1936","df93dbd6994b265a3fdd13961dc58cb6c465d413b315e749520ecfcd590a5f45","Hosted managed payload"
"payload/both/config/ftbquests/quests/chapter_groups.snbt","206","b7da2cffbd510112fa9ad023f6ed24ca1963bcea02e03e7b362190767af4c1c3","Hosted managed payload"
"payload/both/config/ftbquests/quests/chapters/archaeology.snbt","12368","2131bb7f0c0dc16b2ea38b4f9edad5d495c95203a37aa05230893a65895fc6e4","Hosted managed payload"
"payload/both/config/ftbquests/quests/chapters/create_basics.snbt","26145","9482c96d3d37347c19f2bdea59d997fd00cc86de94111bb0296f24d6dc32da76","Hosted managed payload"
"payload/both/config/ftbquests/quests/chapters/endgame.snbt","15910","dde3747a8eae047a08e660c79296efc39dff272f25ba7881f3bffb33e830228a","Hosted managed payload"
"payload/both/config/ftbquests/quests/chapters/first_days.snbt","11842","70f42b9565b9b487ef9adf2fa11e094dc1f0257e9055e559d59a38aaeb12ba4f","Hosted managed payload"
"payload/both/config/ftbquests/quests/chapters/homestead.snbt","16239","dc981f17e8caf4fa41c03aa7cb1de463eca263cb4e03ad3b98e7d4535d1ae85e","Hosted managed payload"
"payload/both/config/ftbquests/quests/chapters/new_horizons.snbt","18096","267bae5c5553bdc12ae7d5ee3211838362d82ffb31c33b76a13f79eadb8248f4","Hosted managed payload"
"payload/both/config/ftbquests/quests/chapters/tinkers_deferred.snbt","3359","1ca45f4ccaf564caba47637d222f03a5b6c9e1ca04f138d1dd03acba8520967d","Hosted managed payload"
"payload/both/config/ftbquests/quests/chapters/travel_storage.snbt","12702","4b57ce5c96db4886e150dd6c258b94ca7b0ca485d8ddb41876556b5cd83c5887","Hosted managed payload"
"payload/both/config/ftbquests/quests/chapters/vehicles.snbt","10168","39de513d0aaf525bf78097663a8d89e6d86b7beb8cf375865a4c1b3510261714","Hosted managed payload"
"payload/both/config/ftbquests/quests/chapters/welcome.snbt","14492","b74b41b9e430a800c853003fd5a14d271773e765fee24beb1c6caafc43e9a616","Hosted managed payload"
"payload/both/config/ftbquests/quests/data.snbt","640","813d541df83c827b5fedf30c332503a537f1eb0e4fe193fc49b2f98f23c504e4","Hosted managed payload"
"payload/both/config/ftbxmodcompat.snbt","521","9abe2c7f784810cac3ca71c74d02aacd5fe6861d744cb143d077a525a2b42e76","Hosted managed payload"
"payload/both/config/galosphere-common.toml","256","91b8a2dcf9c7f91d694cec42f218ffd77fb971b129d9772cdf8242c59f93c1c9","Hosted managed payload"
"payload/both/config/geologicexpansion-common.toml","416","f7428aa0c0df52dedda16fc2eda51509d55e1be3812f813ab0a89aa0f87d4e60","Hosted managed payload"
"payload/both/config/gml-script-mods.toml","121","dc9b0f9c9c29949bcb91cebb2bcdc111a7d99bee1d2b2ea168f2edbc7b9a1ba6","Hosted managed payload"
"payload/both/config/gottschcore-common.toml","427","393da3fbbac99101a227445f0ec58b883dfe99f0a7f803dd37ffcd55e943076a","Hosted managed payload"
"payload/both/config/graveyard/the-graveyard-3.0-config.json5","5084","d3c4b80ecc098946480ef5186657c671520a2d0592d30ad4b49a4ec2ae40aada","Hosted managed payload"
"payload/both/config/guardvillagers-common.toml","5793","2c2ee0fcc95a2c6baebd0fcdc78737e2650382161969108a8dcc5f7cfab111f6","Hosted managed payload"
"payload/both/config/herbalbrews.toml","742","7c4ba324bf4778cd520d4b5ac36a1d475b45265e27f17ff70f8a1d7f53bbebcd","Hosted managed payload"
"payload/both/config/idas.toml","703","e183689f333c024b2afe504dcff455faa214bd05b62d14ca21216fd916c5099b","Hosted managed payload"
"payload/both/config/immersive_aircraft.json","1518","898347b99b3326ae0ce719a06351eb930b1a3567e4f3c22ba94f014f1e115a46","Hosted managed payload"
"payload/both/config/immersive_armors.json","435","3b1b222917697f4e339d7770136473fb277c46687d94b85f0b0835be8ebad695","Hosted managed payload"
"payload/both/config/immersive_melodies.json","1188","a3aeb8c0aa0225491e997139b3a1358824626c204918f2b7a09f102269e27d97","Hosted managed payload"
"payload/both/config/immersive_weathering-common.toml","2521","d00a81060c710cc000c280e1be813e4712198e0643f0308e6adfae28eb242ec6","Hosted managed payload"
"payload/both/config/inventoryessentials-common.toml","1126","4ce24147be991d8010e9b22d2469f4a5a0ac38ae1946fbc72e2dc6e0061c6a07","Hosted managed payload"
"payload/both/config/jade/hide-blocks.json","191","247df2699ebb5a0d4c9585aeeb267ef9388cd5bee2b13ca340f35124a135b35b","Hosted managed payload"
"payload/both/config/jade/hide-entities.json","325","22b4560c3dc05da35a70bb6611da0ce04cff295ab8c663afd58e725c396a24b3","Hosted managed payload"
"payload/both/config/jade/jade.json","974","8a9c0403b385ca106d0c0b541ea2f2128bf39e3f9b05b342b176ca11834857a4","Hosted managed payload"
"payload/both/config/jamlib/known_suspicious_jars.txt","0","e3b0c44298fc1c149afbf4c8996fb92427ae41e4649b934ca495991b7852b855","Hosted managed payload"
"payload/both/config/jearchaeology-common.toml","131","78d2710249a6e256f422c208b80378db2d1d1afef5bf5d2b052dc5396a8bf7f0","Hosted managed payload"
"payload/both/config/jeresources.toml","236","b101c668c6c658e2db126b7f6d3b9eb913537ff8903fbfce0128534299b2aea5","Hosted managed payload"
"payload/both/config/jeresources-common.toml","236","9dbe8c6973dc932be6dd20cb63381276740b23c75349dbe870fc8098c8529989","Hosted managed payload"
"payload/both/config/justzoom/config.txt","474","d0dcbc7c9c28a398ad2b81c1f6779f34beffbf45560c8c02c063077ab32ded45","Hosted managed payload"
"payload/both/config/konkrete/locals/de_de.local","369","79a34cfd15c2d9c06498dc221be79279507d9b57666cd44f8d2c2cf95d3582ef","Hosted managed payload"
"payload/both/config/konkrete/locals/en_us.local","426","fdf1864fd049b3f1b9af1f8db6c5125a627be7d06a451c778da3329843d3c39a","Hosted managed payload"
"payload/both/config/konkrete/locals/pl_pl.local","313","d38a7776e362e4de6082078d803c1c9358d9d40526edfe4bdfd29c552aef76d8","Hosted managed payload"
"payload/both/config/konkrete/locals/pt_br.local","322","dca55a2792451b31424cd5c24037141ec57cdca51955d062dd908fa9ca6a3e9c","Hosted managed payload"
"payload/both/config/l2_configs/l2library-common.toml","70","1200e86c053c1bc905bfe01a6b69bc09c0ad21feae8ee25c23c48d345672a4f8","Hosted managed payload"
"payload/both/config/letmedespawn.json","72","6af411644e22ede34383135509cb96b2a636d8ed45494b28976514a95537105e","Hosted managed payload"
"payload/both/config/lootr-common.toml","6610","c056a537b6cbc9cf4c49f29ec98480537a68932e412f7c5dbd7f0a70bee69ce4","Hosted managed payload"
"payload/both/config/make_bubbles_pop.json","383","2266b2e507e4dcea55fb1a53be33690efc8c1fe4ce7a559a98a29fecac2069c4","Hosted managed payload"
"payload/both/config/midnightlib.json","34","9bcdd9f5ae6c9fecc3a0dfee7507bf17c56702f14e40db9cdde90148f1d3b387","Hosted managed payload"
"payload/both/config/modernfix-common.toml","107","fad9aea710ec3508eab562cd8f2b5f8e2dda6ee1c5fb1fe818f90ce253017f66","Hosted managed payload"
"payload/both/config/modernfix-mixins.properties","6643","cc9db08ca3f44714cf14117fb1772eed88c9cc3272fea6d17e657292c8799fe0","Hosted managed payload"
"payload/both/config/moonlight-common.toml","1023","02cd35fbcc371cf63303ae1264ad9f4613b3f73ace93417af825baf7d3ac7baf","Hosted managed payload"
"payload/both/config/MouseTweaks.cfg","135","4069ce1a439d8c37453c1b1e9f2037e0942674c7e48723a39b37eab245792ad4","Hosted managed payload"
"payload/both/config/mowziesmobs-common.toml","35974","e1add6dce3cbd2d1b49536ccc3309e00a09455bd12d85a9dd6717529cdbdfcc7","Hosted managed payload"
"payload/both/config/naturalist.json","3703","022aeb6c92073255d6ad01f0f47eecf574bcb19aa9bc9d8d11eeae1479079226","Hosted managed payload"
"payload/both/config/naturescompass-common.toml","2126","538aae74ea0b2f15762899e6ee36bb9df856c2a60ca6266b74d0b2008394fc2b","Hosted managed payload"
"payload/both/config/neapolitan-common.toml","1884","4044b41930245ec79f40685183b21ceec722bca12cedb111acbcca463c6eb717","Hosted managed payload"
"payload/both/config/notenoughanimations.json","3357","45121987f8bbbb948bd5096ffb02b1361c762b3e34836b3f9097a9a4ef7222d4","Hosted managed payload"
"payload/both/config/Obscuria/aquamirae-common.toml","2170","605fcfc142b5932110449fba08631b06a039cceaa787c518a0a2d727af3b78a3","Hosted managed payload"
"payload/both/config/packetfixer.properties","489","49cc4190d78c552273afc98fddbaaf78489eb4e9174c4ffad90b960fb59099d4","Hosted managed payload"
"payload/both/config/particlerain/config.json","1342","bd8abf7000e1cd681b090d8425b808f196297b6af473826405321d037e6fdd3a","Hosted managed payload"
"payload/both/config/pehkui-common.toml","407","8a4afcf7a631191fbe6a1416b4d16f55584deb22dd90ec7ec337fdf444a92ba7","Hosted managed payload"
"payload/both/config/polymorph-integrations.toml","333","43a7425a314be7d78c2e31d44ab8f46c5ee824ab10906ab8909923d23646b6ad","Hosted managed payload"
"payload/both/config/prehistoricfauna-common.toml","80569","45c1ff8f07f0a783a6ddc14fa24001c169e5b7472f90eb6b6d6547a9964c03b1","Hosted managed payload"
"payload/both/config/presencefootsteps/updater.json","68","1e7c61df09c105e1eeca8cf3dcbdfeb976700e9904bcb3983fc7791adb7fad2e","Hosted managed payload"
"payload/both/config/presencefootsteps/userconfig.json","427","8cf6192eda81b3a27737440cfdedc05c40a8c1b552583114c1aa6fb2673ca907","Hosted managed payload"
"payload/both/config/quark-common.toml","82221","24ab039e09e541bf1652d31aaaab7ba1aa841084001eb726e821dc69846f02bb","Hosted managed payload"
"payload/both/config/quickquarry-common.toml","949","d2fcc29406b0ac95bfff47b37f1d2ff99b173aaf52ee73f33eece95d2ca39b98","Hosted managed payload"
"payload/both/config/railways-common.toml","337","1f660c8bd0c374799862392ef7a56253544f5adaf653e59386cd1eb34f94fa2f","Hosted managed payload"
"payload/both/config/relics.yaml","521","4411078ac8d2107482e0f717576b1d9e1fa6c0938d11135a2541f4d8c2518278","Hosted managed payload"
"payload/both/config/RelicsOfGaming.toml","68","eb147b5fe8767fc0e6ce75a12986b7cac3d384a6240d15c42a4ea2fc395e2388","Hosted managed payload"
"payload/both/config/repurposed_structures-forge/modded_loot.toml","554","2e19ce956057b47999b99180c57c3cc591a58b7eeec739aa70c3c88c5adbcce5","Hosted managed payload"
"payload/both/config/resourceful-config-web.json","196","276088ffb61e688f471d9e8d7408deccadf851865e60f2b828d76a4d14927e64","Hosted managed payload"
"payload/both/config/ribbits-forge-1_20_1.toml","420","a3a347104c669a4847fbcea06cabe3a5fb79c474164137b01074fde0c1e649be","Hosted managed payload"
"payload/both/config/ribbits-options.json","33","671ee75b5333f98d3a9b92fcfcc79c7df7a6b4c0e5cda025a7b449ab79562b2b","Hosted managed payload"
"payload/both/config/rightclickharvest.json5","609","6eb5169563472ae96184c94e9f42ff7d76fdba403ed3190ffb308e817ea0a21e","Hosted managed payload"
"payload/both/config/sereneseasons/fertility.toml","485","2d2d244c696678957a2077b87a80fcd0132e3e4e39c44313248748e0758702a3","Hosted managed payload"
"payload/both/config/sereneseasons/seasons.toml","6778","ac574f8602cbd34104f87143ef2622b80ee91793d7f19a4ec23fe7280fad4efa","Hosted managed payload"
"payload/both/config/skinlayers.json","497","45162f45aa2db525a0edc483959f35b6d958ba2e54066a4f87e7f3c3f0f99166","Hosted managed payload"
"payload/both/config/sliceanddice-common.toml","427","ac1a4e660c8a567b4c945962d063eeced1a0040615214ea4aebb947ff6af7d33","Hosted managed payload"
"payload/both/config/smallships_upgrades.json5","417","871011250e8a22cd587d01e17fc337f558d59d27c5715e2b18e51f6f8058a9e1","Hosted managed payload"
"payload/both/config/smallships-common.toml","6271","0c89c2c56094816dcad1d0693cb52dbb61720797d8b2b0e2d25f9937a464de56","Hosted managed payload"
"payload/both/config/smarterfarmers-common.toml","514","32722ba1b3094c0ae26fcb43cd15d35ed8d4a8333529e1350fc4db83c91c9153","Hosted managed payload"
"payload/both/config/sophisticatedbackpacks-common.toml","122","6674ec92f625296aa8accc93d71fdf1eecfc8050111c5ae7b6d9a94b4fe14506","Hosted managed payload"
"payload/both/config/sophisticatedcore-common.toml","3949","30e766e71c4551af278247710a3b408538defd8adb97c374354d5bce6ba95a83","Hosted managed payload"
"payload/both/config/spawnanimations.json","302","b2b16aad46bca666c1a8393826b2e767cada40664083bea333003b7d969a88ed","Hosted managed payload"
"payload/both/config/statues-common.toml","3540","f6d5fb57a6e4ef6f479fedb346290fa0a7e48361704ae80b9c6070d85d252f02","Hosted managed payload"
"payload/both/config/storagedrawers-common.v2.toml","14565","e42ed583bb9541c6b7241248b238b71c25db5ba691d5e62ce40e1675932a674a","Hosted managed payload"
"payload/both/config/structure_gel-common.toml","885","888d2904bd7dd577f72d901603912a440540eba21212b004cf6abe41f1cde23b","Hosted managed payload"
"payload/both/config/supplementaries-common.toml","24953","d529e2c43f74f4c7404bf224d611e18332c53cad327a5433f773681ea8991cd9","Hosted managed payload"
"payload/both/config/suppsquared-common.toml","88","2c20ac633c33b24a105115888730e73444ea6d11a291318de3cf5fa157f83685","Hosted managed payload"
"payload/both/config/sweety-archeo-config.toml","1052","e74d9be3e4b2da2455b72589234b981849f193a4a8ae5e2977d5881a1c9e4057","Hosted managed payload"
"payload/both/config/tconstruct-common.toml","7851","2f2d170508395a56ab6c83abe8feda4482638bec24bd971673e12efac584f9ac","Hosted managed payload"
"payload/both/config/terrablender.toml","552","11ef4c2666fa094b456310710c2b5cb8babbd71982d4d187c9a80ad4011d8014","Hosted managed payload"
"payload/both/config/toms_storage-common.toml","910","cb2644a6bbca7895ef4ff9a7237a51302839493c7d7e9ffbea74e8bc93494b64","Hosted managed payload"
"payload/both/config/towns_and_towers/structure_enable_or_disable_new.json5","3088","3aaa6ac8835dbbce97928c4d0d03f9957749a7a57a3f1668597310e9227900da","Hosted managed payload"
"payload/both/config/towns_and_towers/structure_rarity_new.json5","1581","1f6cddbcb2d89fbcc774d7bdae9987ccb031ba8fe024307357076ca617b17eeb","Hosted managed payload"
"payload/both/config/transition.json","97","60420a41571a4658b91babfa2b47d6fefb7c1766eeea969f51ff98ab34c2431c","Hosted managed payload"
"payload/both/config/trashslot-common.toml","754","21493e0c7d7e821cdd69f2e58647eb22f39a0f5dd6045db3bb65a9250bc0cbd7","Hosted managed payload"
"payload/both/config/treasure2-common.toml","427","393da3fbbac99101a227445f0ec58b883dfe99f0a7f803dd37ffcd55e943076a","Hosted managed payload"
"payload/both/config/trender.json","44","fe0bed19bd0927b3d519816c73378730689080a8f07e66a6167c266ffde29dd2","Hosted managed payload"
"payload/both/config/twilightdelight-common.toml","151","478995f0277c0bd0745a91ab6914be37acafa0075a5f9ba876b018850481c08c","Hosted managed payload"
"payload/both/config/twilightforest-common.toml","7758","2d8051f2d41dd6ee7b9e6570e84cd18a3e2d013c0890c95c0b66e7ecce0346b8","Hosted managed payload"
"payload/both/config/untamedwilds-common.toml","6994","14b83fc55a6eadf5b75a139ab317ce157db4d8f54cdd4d4dd202b55853136795","Hosted managed payload"
"payload/both/config/up2spawnaddon-common.toml","3230","59c8a7cafdf93526875debea2469d8098c599d5ea32d4f9b6eb08d41127cfc58","Hosted managed payload"
"payload/both/config/upgrade_aquatic-common.toml","1585","eabb6e702c40c5a74b92d06844be74d59da40d926f452e6cdfa6d21c704a4928","Hosted managed payload"
"payload/both/config/valhelsia_structures-common.toml","720","b867176a5df54ccc38411903baf8a5ad4129f66ffad4594fc292601cc3cb9eeb","Hosted managed payload"
"payload/both/config/visual_workbench.json","11520","7885b862b10bf4b14d3103909971114a736d14a52e4a7994ace0d66a2474c14c","Hosted managed payload"
"payload/both/config/waystones-common.toml","6956","4cf1d13d8827bcdce75acadb1f3ea24732fd6fa6575ec8a261a37b21c481674d","Hosted managed payload"
"payload/both/config/woodworks-common.toml","479","0e1cb35644059d9ff6f1e438b8a1d5a80bb4c2ea3c967adb8a4008a75673aef5","Hosted managed payload"
"payload/both/config/xaerohud.txt","123","58c9270f258d0b224bb7d0f7c927544d5fbe5f1b8027c820e1e14ecbf48fb88c","Hosted managed payload"
"payload/both/config/xaeropatreon.txt","0","e3b0c44298fc1c149afbf4c8996fb92427ae41e4649b934ca495991b7852b855","Hosted managed payload"
"payload/both/config/yacl.json5","35","d26a63d3cdf326412ba86dcc2781060bc53ed6c74ac7808e65325452e264e820","Hosted managed payload"
"payload/both/config/zawa/main.toml","2347","bf5531f8427c5c01542becfbb0838c0d68262645d667a748b67beec97cb54eb7","Hosted managed payload"
"payload/both/config/zeta-common.toml","1912","684816927033626b990f8e277a43c0e24f6ef650cb38f9fee935f974fffd7392","Hosted managed payload"
"payload/both/defaultconfigs/ftbxmodcompat/ftbxmodcompat.snbt","154","9e5046ac0b9f6d27945b689657835bff24310aec7b11f7461c972b514d0e0658","Hosted managed payload"
"payload/both/moonlight-global-datapacks/milkyj-compat-fixes/data/caverns_and_chasms/loot_tables/blocks/eumus_brick.json","47","f2ef2d7bc8fa2d343b0a7dd834f0eb550f84937bc0ce41f37b2cbae81c945496","Hosted managed payload"
"payload/both/moonlight-global-datapacks/milkyj-compat-fixes/pack.mcmeta","100","027791f87d3b5aa7515843c31d6e1f7554a46d8b9e279015cf371a2bdfc37a7a","Hosted managed payload"
"payload/client/config/aether/aether_customizations.txt","84","113f7dfc56b7b2efdc782e45356c87c47174bb76dc34dcef24ca2ec32c7908e1","Hosted managed payload"
"payload/client/config/aether-client.toml","4635","5d77208c61e491c59af930b42783cb36ce38ca9adb27aa685f57ef4cb445bed9","Hosted managed payload"
"payload/client/config/alexscaves-client.toml","1903","d8d376f82da7c77338dfeaa19c4f395e9c6cf6be4a9d3e1217dd4b0aca3233f9","Hosted managed payload"
"payload/client/config/ambientsounds-client.json","4198","c98f572839ace55b0792042fa4b984311e7d876abdaccfc8a4694f5bebad766c","Hosted managed payload"
"payload/client/config/amendments-client.toml","4363","8eab3ba39b22456ffd9d28281d4cff6a56bd8732d354190d8445c99ad2c02851","Hosted managed payload"
"payload/client/config/appleskin-client.toml","1361","e6609ffbea927ee6390b1317bb6f3abb3f31ee591ca5c1d5e748f5e625fefea1","Hosted managed payload"
"payload/client/config/artifacts/client.json5","551","dfae4a12bf924a5e12380032ff257ec535c6b003fef539a3893adb05c0a69c56","Hosted managed payload"
"payload/client/config/astikorcartsredux-client.toml","553","157229abeff72272f3d9e40904f1b5b780672c21361d3052d24f9853f0a85366","Hosted managed payload"
"payload/client/config/betteradvancements-client.toml","924","2c5eba79cde20bd1658a43dc0527e5d45b2e462d2f065e228527eee8513446be","Hosted managed payload"
"payload/client/config/blueprint-client.toml","903","8fbb7db508c2d5b5d7031e2143f5a4ec2f1656cabdee5b8165e3571160584fea","Hosted managed payload"
"payload/client/config/brewinandchewin-client.toml","695","0aa704651b261b27ffa35c8b16adbf0edc74d34f51004bb157f2618c0f1154fb","Hosted managed payload"
"payload/client/config/carryon-client.toml","590","eb247bd22d2ae144c4cb1a2f24862e6aeb1467167d36112258ad36b6da0597db","Hosted managed payload"
"payload/client/config/caverns_and_chasms-client.toml","677","ac4fad73b20151ee9f0de09dcc137310e5dcb44b68164c1d739eb562de848992","Hosted managed payload"
"payload/client/config/chalk-client.toml","449","ce3f311460e4198f74c6a9f8bb8ad0ddcb12f00d20760f3edff929d666815392","Hosted managed payload"
"payload/client/config/collectibles-client.toml","80","cba9f5227c506c4cf5c858fb5d94327c9fe683bcc39029602d5cbd2ac031b8cb","Hosted managed payload"
"payload/client/config/copycats-client.toml","342","9c4e1c84d2cd936b850b7d69ab97e4b617e464551cc3ce44aeb0aaed4eb6c6c5","Hosted managed payload"
"payload/client/config/create-client.toml","4397","7c40bc004ba478b13d0c99c2b644e50cf3a1d2d60d9b40df15822da8d8ad710c","Hosted managed payload"
"payload/client/config/cumulus_menus-client.toml","313","ccd9f7f7a0539175dbdba77592e96667977a569c3ec506ac6a457bfad4223c93","Hosted managed payload"
"payload/client/config/curios-client.toml","706","ebc96c813d601e9c61b6929a8490e71fa990dc64918c19e1f9937bb275510abc","Hosted managed payload"
"payload/client/config/doggytalents-client.toml","7555","14fc91989f506b8ec766907812ec2e8b2d1460808d4064d9835deb99cc803f59","Hosted managed payload"
"payload/client/config/doggytalents-dog_custom_skins_client.toml","524","922d6ea872ad4087927cfc62351886ad6b7b74550f4e6cb213c9fd0f3408f984","Hosted managed payload"
"payload/client/config/easyanvils-client.toml","73","daecf2f4b4f0f6682cfabf68dcb963535f7f4284c671141dd7c7115b0c609ba7","Hosted managed payload"
"payload/client/config/easymagic-client.toml","977","187085002566bc0ad0bd0262459f92716261ae66c3b96147096a5a4ef7a25abf","Hosted managed payload"
"payload/client/config/endermanoverhaul-client.jsonc","39","5d9315a8ce308b193ca880f5a782879c0f117861b08ccb38baed6d049e29b26a","Hosted managed payload"
"payload/client/config/equipmentcompare-common.toml","1234","d948df75200e0fb832303f0dac6175864ad3704d86912e863b835d8a36421968","Hosted managed payload"
"payload/client/config/everycomp-client.toml","322","c868e4a51a63df55559537615761232bc26fdecbb5aa940eb328e30e077c4c63","Hosted managed payload"
"payload/client/config/explorerscompass-client.toml","503","eaaa7a0af68a2b00a557d5df97191c80c996042cc33cc53eccd14e78431bff28","Hosted managed payload"
"payload/client/config/exposure_polaroid-client.toml","595","e0c59418446049b8ff1226a38ee817d05fea08a4f444b9aeb0677d5286ef1765","Hosted managed payload"
"payload/client/config/exposure-client.toml","7541","7b3b5d1a47c1a2b7ff94aac218e5a38850558105ef55d11a8841930b2aa791ba","Hosted managed payload"
"payload/client/config/fairylights-client.toml","263","cad5874b33ea848d77bd11f0a7d78b2d0ecbb05cad6d4451d702cc357c37d33e","Hosted managed payload"
"payload/client/config/fallingleaves-client.toml","796","2cd017af6632239398b694fadf8191d6073cf39585549876cc682843f521ecb3","Hosted managed payload"
"payload/client/config/farmersdelight-client.toml","478","940f68676859e852c600974c4776e986453ce7d3b2cf27ac156535e26c160e11","Hosted managed payload"
"payload/client/config/flywheel-client.toml","623","77b5b58e59686f9b15018cff229cd49946a2120f39acc9573a73704ab50d5366","Hosted managed payload"
"payload/client/config/forge-client.toml","1628","0b1b3c45343435184c9dde3149b38afcdb97953e287686ecda54385f53ebcddc","Hosted managed payload"
"payload/client/config/fossil-client.toml","183","3f40422a98b59594d8e66e11a0777815c96ef89897a52690cc4d58683acf5616","Hosted managed payload"
"payload/client/config/framedblocks-client.toml","5520","973a9e319c877b509ba81b548700217034d7d3c75c242ec6673ce004abfcf6cb","Hosted managed payload"
"payload/client/config/guardvillagers-client.toml","342","4160ba1a645a91f3b89c1fd3ed1a42d77007c19aa0183f7f19e080611a9cd449","Hosted managed payload"
"payload/client/config/immediatelyfast.json","1060","f2b7f219198f0a911d04b09f545f2c1256e8d114951443924878dc10963e16aa","Hosted managed payload"
"payload/client/config/immersive_weathering-client.toml","298","f36bb759ebb4493cd78a3f06dd47368d82effc78cbf3113b5dfe4d9093243cd9","Hosted managed payload"
"payload/client/config/jei/blacklist.cfg","0","e3b0c44298fc1c149afbf4c8996fb92427ae41e4649b934ca495991b7852b855","Hosted managed payload"
"payload/client/config/jei/jei-colors.ini","1338","5f37aacd70460fdc2631ff45e98e8a2ce4e52d3e9a50917edf40eeed1236952e","Hosted managed payload"
"payload/client/config/jei/jei-debug.ini","918","ee9bb0f0f8465629951fe9a532f3ebe3327671a12d4cc6395860d7f7494b970b","Hosted managed payload"
"payload/client/config/jei/jei-mod-id-format.ini","463","326b4f9b813ca8183bfaeee184cf7248c7a75c4d85b59322e349c0e964c253f3","Hosted managed payload"
"payload/client/config/l2_configs/l2library-client.toml","502","bee1c76cbc66e917babe40a1fc94132bc9c227aa69e17d27417cd77dab532e74","Hosted managed payload"
"payload/client/config/labels-client.toml","889","ff4d49e8887003f08adb512551c17ad62cbc8734fe20103da590a92e5675c9e9","Hosted managed payload"
"payload/client/config/lootr-client.toml","243","4e37c085446f2a5be3a3cc4765ffc9657e71473245574c3e398c64fef07615a0","Hosted managed payload"
"payload/client/config/mantle-client.toml","891","fb2b6378aac5723f9bcb0fe195fefc42f675f59467c98ae65df13bd872949e95","Hosted managed payload"
"payload/client/config/moonlight-client.toml","1027","47297d47ca3fa4525d1adbc7234b9b0dc2ee490b87216fe6002e34ff69acac08","Hosted managed payload"
"payload/client/config/mowziesmobs-client.toml","984","b2ed15f55eb1b57f7e1b4a81b99edd02d98d9000d319d72d73caae13e5fc4cc4","Hosted managed payload"
"payload/client/config/naturescompass-client.toml","432","4215398614d28a24d2fe39593bf25981dd67ae46f85bc710ee07ba2d37c74c0b","Hosted managed payload"
"payload/client/config/Obscuria/aquamirae-client.toml","200","c5913558bc43a17ff28e21853f6be9713f3d0a6416235e11aaedb8a3998bcb4d","Hosted managed payload"
"payload/client/config/Obscuria/Data/aquamirae_cover.png","137180","86bec2df159c61ba721a71c7c951450332e3581ce3c8268611c140558989d5b9","Hosted managed payload"
"payload/client/config/Obscuria/Data/loot_journal_cover.png","32741","c516870f7eabb04f762e581df53a7c7330ec28c68f2245fb07885af71bd37830","Hosted managed payload"
"payload/client/config/Obscuria/Data/obscure_api_cover.png","64456","ecd943698913173d1513b8a300072557304e9c262eb8eaa012ba0a357a6a5ad1","Hosted managed payload"
"payload/client/config/Obscuria/obscure-api-client.toml","359","90b60c01677fe0899e1b1fbf0deb8aba975f3540a0abb979a1c9aa7760930fe2","Hosted managed payload"
"payload/client/config/patchouli-client.toml","1091","d289f4c7540e3e24bcf6bbf3f5a2aaaf87ccf58027d2213e40497fc627422068","Hosted managed payload"
"payload/client/config/pehkui-client.toml","138","18741b2cf056e7609eac3dabe966569a12a819ab03e083c873c85c27a52929a7","Hosted managed payload"
"payload/client/config/pickupnotifier/pickupnotifier-client.toml","3355","242a0f58407ecc71ff5e2c6cd2910001c089ee4e6130454c377115e8a8f3c83a","Hosted managed payload"
"payload/client/config/ponder-client.toml","619","56291af4bc3506692c79f5c0155c47cce8577d0aae6ed5930c9074d5cb9bc5c8","Hosted managed payload"
"payload/client/config/productivebees-client.toml","351","3cc5a0f6959691ae103f123e9b7f1c3bdf0014261f86fce9d6eed06d1c909fdf","Hosted managed payload"
"payload/client/config/railways-client.toml","1979","f3e6295841dd104d85bbc1bd529c09c4a3bd4a6d0a7cc859f1aa7f866481a10c","Hosted managed payload"
"payload/client/config/sliceanddice-client.toml","33","257fbdd7a536a41ce332c3416da84946c6825c88cb81a28ae96956f79f36e6e2","Hosted managed payload"
"payload/client/config/smallships-client.toml","1187","2055d621b5cb01a3a0cc7134bb97d8109f56152938131f7c31bf27b28c264f9b","Hosted managed payload"
"payload/client/config/sophisticatedcore-client.toml","478","3175ac14ac1da55ba706d1f0321c0b5620cd968a381e60323b283778e7b6d9e6","Hosted managed payload"
"payload/client/config/statues-client.toml","134","ca6f36df18cb7d221efd52d4a9ab342ee82fff349cc4b2f455fca078a2170622","Hosted managed payload"
"payload/client/config/storagedrawers-client.toml","941","4c4880cbb9c0cd43cba00ce28519867e27468afaea353312d9af1a1a68d2b2c8","Hosted managed payload"
"payload/client/config/structure_gel-client.toml","271","8058ecb1b7e59f183db54b31fe49e2040bc222294a46ba5c7c82a172a7277354","Hosted managed payload"
"payload/client/config/supplementaries-client.toml","9371","33057c518c3901a5bfadedb064c0bcfbd6fc6fcb7519736ac11e4c9e440ae4d8","Hosted managed payload"
"payload/client/config/tconstruct-client.toml","4248","ead5290f0e85e9e803dba9a8bcf9a637fa16d3a7724f501ec45d60e1bd0501f2","Hosted managed payload"
"payload/client/config/travelerstitles-forge-1_20.toml","10709","c339ffec047e7faa8471f9c36ab83434db0262476194da70f4691575a6a1cea5","Hosted managed payload"
"payload/client/config/twilightdelight-client.toml","73","8c145f814d98a7a9465efb9496c5ebe703b89c92c6f5f43bb18a65e36a2d7f17","Hosted managed payload"
"payload/client/config/twilightforest-client.toml","1565","7df74722394aa6f9b662317ad4840fc9b0a2e11c394ef6da2b3d9eabb62808d3","Hosted managed payload"
"payload/client/config/upgrade_aquatic-client.toml","436","815f751451060fcf358b949699d9fb4a171d7f85a75fffa8390fb693002d6aca","Hosted managed payload"
"payload/client/config/valhelsia_structures-client.toml","108","8ab414b34601e3023481f85777bc831a1b3cc78478103b71645b503792c7e6e7","Hosted managed payload"
"payload/client/config/visualworkbench-client.toml","315","a48b352862f74f6fe3ab071e7e43e631618e9c5f68b5f992b591d4dc87992954","Hosted managed payload"
"payload/client/config/xaero/lib/client.cfg","26","43ed9dbfa5b4d6f0f3d2e8c2ced17ad298164b22c68ff11d415257a39b074336","Hosted managed payload"
"payload/client/config/xaero/lib/common.cfg","236","98f698d96a6d21d830a455b4ad045b70516fa63c298021742d8499e7f0366cd2","Hosted managed payload"
"payload/client/config/xaero/lib/profiles/default.cfg","121","34ae854b17d896d7cb853bdc28c27231a3947e91cb9f0991f372846ee3c2a907","Hosted managed payload"
"payload/client/config/xaero/lib/server_profiles/default.cfg","75","d438aea41ca41e93697e059f523686935c0add482f6abe96b532bbf10c6ed80a","Hosted managed payload"
"payload/client/config/xaero/minimap/client.cfg","235","c0915eff5d1a7905cd1038d646eb9086fd1a29e2f637d53535e4da161de17b9f","Hosted managed payload"
"payload/client/config/xaero/minimap/common.cfg","147","2b49df024c03a369c62a303c72755e7fedeb4f4653ff53a12fd37bd83ccd4ed0","Hosted managed payload"
"payload/client/config/xaero/minimap/default_radar_categories_client.json","5531","d44155ad6524baf93af689dcc2f7bab16d1989475f4c91a88ee526687e4957ec","Hosted managed payload"
"payload/client/config/xaero/minimap/default_radar_categories_server.json","4597","a4c652cafa7dea324e5f5cf3b1df46a84e54b6d4f877195857bce55a559c1cfd","Hosted managed payload"
"payload/client/config/xaero/minimap/profiles/default.cfg","3921","5a5c0a25fb3cca39c8b36704edbb4902ea2459d495af906eea447f6b7ccdab5c","Hosted managed payload"
"payload/client/config/xaero/minimap/profiles/entity_radar_categories/default.cfg.json","5531","b8ddf54611a9ab8c53177fc0d062321e9e731192b65b9e50d0fcb38a86a91696","Hosted managed payload"
"payload/client/config/xaero/minimap/profiles/info_display_config/default.cfg.txt","684","184e654fa1fc8ad09943c97c4e65ab78acb5b3cfca22417a831513d1b6d9bbc6","Hosted managed payload"
"payload/client/config/xaero/minimap/server_profiles/default.cfg","75","d438aea41ca41e93697e059f523686935c0add482f6abe96b532bbf10c6ed80a","Hosted managed payload"
"payload/client/config/xaero/world-map/client.cfg","521","d0f079a8df083f6f60a0e0c1316a25fc841755a91bdcb2f86c66ead8e7d4d13d","Hosted managed payload"
"payload/client/config/xaero/world-map/common.cfg","141","0c229eb0daf85bd09af51f21eeeb99497a3bd50a825d5ab1ca695fb21bf6cf9d","Hosted managed payload"
"payload/client/config/xaero/world-map/profiles/default.cfg","1619","5422abf9c83fedef6509144293fad20f588d4bb6ce0cf1af78cbcd2bcd0d2ccf","Hosted managed payload"
"payload/client/config/xaero/world-map/server_profiles/default.cfg","75","d438aea41ca41e93697e059f523686935c0add482f6abe96b532bbf10c6ed80a","Hosted managed payload"
"payload/client/defaultconfigs/ftblibrary/ftblibrary-client.snbt","157","ab6bcad040f138406197f70cfe9a041832feaddf7e87954d9a5f4b13b6a962f9","Hosted managed payload"
"payload/client/defaultconfigs/ftbquests/client-config.snbt","163","4ce84f0da35036f810959086ea1043062993bf34ae704fc9cd4f1a67810090a6","Hosted managed payload"
"payload/client/defaultconfigs/ftbultimine/ftbultimine-client.snbt","158","0af4a5c9c743c56273b8594f9bf1f57a4adab850c4ac1356b615750b8bb649c6","Hosted managed payload"
"payload/client/resourcepacks/MilkyJ Stability Fixes/assets/betterfishtanks/textures/block/fishfood_container_pelelts.png","384","fa36cc2b0f6e9013d1b36992b28085da1f05af6c033e26ba6d7f6593aaca8b15","Hosted managed payload"
"payload/client/resourcepacks/MilkyJ Stability Fixes/assets/farmersdelight/models/block/pie.json","52","46bd7a01267fd5b47c905d778dce3dbcba68429f13243b704d6fd5d9583303a1","Hosted managed payload"
"payload/client/resourcepacks/MilkyJ Stability Fixes/assets/farmersdelight/models/block/pie_slice1.json","59","1d461d7b0dfce45620d2a5f2845f3fdfa35cc8bd4c253dc0e3af114b5ec99590","Hosted managed payload"
"payload/client/resourcepacks/MilkyJ Stability Fixes/assets/farmersdelight/models/block/pie_slice2.json","59","6870a5f19a3b3e58f2e732e92063c1eb3d504c27991871ccb932a75b5941d1db","Hosted managed payload"
"payload/client/resourcepacks/MilkyJ Stability Fixes/assets/farmersdelight/models/block/pie_slice3.json","59","13d98c5281973cd7f88e040909abc3461ec1d798d4b9e2eceb81867448a4d01c","Hosted managed payload"
"payload/client/resourcepacks/MilkyJ Stability Fixes/assets/minecraft/atlases/blocks.json","150","423bcaabba7b43899c879d4facacd5e24867728cd86a5caf716f5555ceb8bd83","Hosted managed payload"
"payload/client/resourcepacks/MilkyJ Stability Fixes/assets/minecraft/textures/block/fish_tank_frame.png","167","3d87955ec5180072c87eb50b47b85b5f50798e61627aa28d47a13f7fa0ffa0f5","Hosted managed payload"
"payload/client/resourcepacks/MilkyJ Stability Fixes/assets/minecraft/textures/fish_tank_frame.png","167","3d87955ec5180072c87eb50b47b85b5f50798e61627aa28d47a13f7fa0ffa0f5","Hosted managed payload"
"payload/client/resourcepacks/MilkyJ Stability Fixes/assets/mowziesmobs/models/block/black_pink_grottol.json","286","64c2f6dda0e3ff3604a4c7c482d65b77feadcbdeb45f81ffa5872b69c4f361c6","Hosted managed payload"
"payload/client/resourcepacks/MilkyJ Stability Fixes/assets/mowziesmobs/models/block/diamond_grottol.json","277","8d33be9d28604b01de5e16607747991381f843f09bd52b20804c84aea6891b36","Hosted managed payload"
"payload/client/resourcepacks/MilkyJ Stability Fixes/assets/netherdepthsupgrade/textures/block/crimson_kelp.png","773","33dae79b2f5881a0ef44bfa2e4d1cac9cd636549a6c09be5ee376dba7ebe1ca9","Hosted managed payload"
"payload/client/resourcepacks/MilkyJ Stability Fixes/assets/netherdepthsupgrade/textures/block/crimson_kelp_plant.png","1255","4fa41f985742821a756a0e228b73c21129a797408cd798bb18671226972ff718","Hosted managed payload"
"payload/client/resourcepacks/MilkyJ Stability Fixes/assets/netherdepthsupgrade/textures/block/crimson_seagrass.png","1770","3422a580bef1628dd149abba5c1a370bb097a9d250b94654727741232525e54b","Hosted managed payload"
"payload/client/resourcepacks/MilkyJ Stability Fixes/assets/netherdepthsupgrade/textures/block/tall_crimson_seagrass_bottom.png","1440","3fab8493235021812cc4ffc499ef8e720729b01497879d18f930be22d5967637","Hosted managed payload"
"payload/client/resourcepacks/MilkyJ Stability Fixes/assets/netherdepthsupgrade/textures/block/tall_crimson_seagrass_top.png","993","cb80e06814966a0a15766e7f953d0e610e8031a7c2611db16c32a5bd828c6a49","Hosted managed payload"
"payload/client/resourcepacks/MilkyJ Stability Fixes/assets/netherdepthsupgrade/textures/block/tall_warped_seagrass_bottom.png","1440","3fab8493235021812cc4ffc499ef8e720729b01497879d18f930be22d5967637","Hosted managed payload"
"payload/client/resourcepacks/MilkyJ Stability Fixes/assets/netherdepthsupgrade/textures/block/tall_warped_seagrass_top.png","993","cb80e06814966a0a15766e7f953d0e610e8031a7c2611db16c32a5bd828c6a49","Hosted managed payload"
"payload/client/resourcepacks/MilkyJ Stability Fixes/assets/netherdepthsupgrade/textures/block/warped_kelp.png","773","33dae79b2f5881a0ef44bfa2e4d1cac9cd636549a6c09be5ee376dba7ebe1ca9","Hosted managed payload"
"payload/client/resourcepacks/MilkyJ Stability Fixes/assets/netherdepthsupgrade/textures/block/warped_kelp_plant.png","1255","4fa41f985742821a756a0e228b73c21129a797408cd798bb18671226972ff718","Hosted managed payload"
"payload/client/resourcepacks/MilkyJ Stability Fixes/assets/netherdepthsupgrade/textures/block/warped_seagrass.png","1770","3422a580bef1628dd149abba5c1a370bb097a9d250b94654727741232525e54b","Hosted managed payload"
"payload/client/resourcepacks/MilkyJ Stability Fixes/assets/unusualfishmod/animations/entity/demon_herring.animation.json","10959","16bf124dcee1bdfe97874b05aba6583018be9e7c8b2c96a365718a836002331d","Hosted managed payload"
"payload/client/resourcepacks/MilkyJ Stability Fixes/assets/unusualfishmod/animations/entity/duality_damselfish.animation.json","8608","5b6f3fa8dc3f2d0ba43c32800c57d91d623ee13f6bf2fe33a7204ab28be1a7b8","Hosted managed payload"
"payload/client/resourcepacks/MilkyJ Stability Fixes/assets/unusualfishmod/animations/entity/freshwater_mantis.animation.json","33658","0d338acadebf657b2d6fbfd57d5240b1790fcc45b004b164888630af76676089","Hosted managed payload"
"payload/client/resourcepacks/MilkyJ Stability Fixes/assets/unusualfishmod/animations/entity/rhino_tetra.animation.json","7410","9f43e7ad1c3cb0852a852f5b4e6921fdc548f4524db3ecc75009231738833dde","Hosted managed payload"
"payload/client/resourcepacks/MilkyJ Stability Fixes/assets/unusualfishmod/animations/entity/sea_pancake.animation.json","3151","0c93554a95f2933866f20ebe56cf34c9142511316f1bf61b0137dd82dc7b2b07","Hosted managed payload"
"payload/client/resourcepacks/MilkyJ Stability Fixes/assets/unusualfishmod/animations/entity/zebra_cornetfish.animation.json","13249","eead43e9603002e594f994722178b0379a451ce3e41805205d3c0d8c7b44225c","Hosted managed payload"
"payload/client/resourcepacks/MilkyJ Stability Fixes/pack.mcmeta","118","d0ecc11236368a78905cc8457fada14345529a9b0aecfa8497d140838d5991cf","Hosted managed payload"
"payload/server/config/chunky/config.json","146","c7384a22595488f79f3125b22cc175eb729267267807a084479419349797abc8","Hosted managed payload"
"payload/server/config/comforts-server.toml","1854","24702276d0b1d6f7b5e94b4b34cbc5bd426c524a31bc005231324fc1b7976438","Hosted managed payload"
"payload/server/config/easyanvils-server.toml","3484","5bf38784a30090fbe2d5bc1a65aa5bd5744b5c9ed8a3abdce37341e5637cb570","Hosted managed payload"
"payload/server/config/easymagic-server.toml","1907","7dbf42819b121001c76e06c07994c363d316ce110f7b06dd032687f4099d5687","Hosted managed payload"
"payload/server/config/immersive_paintings.json","584","65503c4720dd1017227041ee6ce26650a75a123af7331d66c5fac0a2cdace94c","Hosted managed payload"
"payload/server/config/jade/server-plugin-overrides.json","2","44136fa355b3678a1146ad16f7e8649e94fb4fc21fe77e8310c060f61caaff8a","Hosted managed payload"
"payload/server/config/leavesbegone-server.toml","181","d959f115d82689b7f6075b0af48e8be95a09b3f73b6a67319646aa4bfdc0b101","Hosted managed payload"
"payload/server/config/moblassos-server.toml","1474","16d78d1840e3bd1adc79292bef90856015155057f38d9cd7cce968d59124493a","Hosted managed payload"
"payload/server/config/pickupnotifier/pickupnotifier-server.toml","485","6e18bfa2ec02629937474e436f3f44fb67d54fd6e6b47a7c9b4c5b3a3bd83916","Hosted managed payload"
"payload/server/config/tradingpost-server.toml","996","9b8e43967d82532c59db13620f764f47ab6aef83fdf6ad50f71a24a384c34f7c","Hosted managed payload"
"payload/server/defaultconfigs/createultimine/createultimine-server.snbt","174","53a79f6b96eae53f51a2c9a981fa4335d8d1bab3ca61a0891da3dfc5ab2cceb1","Hosted managed payload"
"payload/server/defaultconfigs/ftbultimine/ftbultimine-server.snbt","171","1d994ec1854c1e96944a38d059593e7a78efa2d7b161ab4712d1bda47b73937a","Hosted managed payload"
"payload/server/defaultconfigs/productivebees-server.toml","6764","3a05feb3bfb72a6bcceef1b4c67ea2041119be21925a39cc047859aed5f56647","Hosted managed payload"
"project-settings.json","364","c1ac580b84a3545d9b0035d36ac2ca23b252ab8499055fbe569e8fb3c0a74566","Repository control/documentation"
"README.md","1422","2fc9086127aae2db18357d0e919fb15bf0b1e5473b51c276d7597c3fc8ac5da5","Repository control/documentation"
"scripts/Add-HostedFile.ps1","2328","b474e2151a03f403dfa982839719517f705204eabf6889431b8b58f3635580a5","Maintainer/build/validation tooling"
"scripts/audit_quest_mods.py","4735","34ae8c409a8542162e536ba5eb459070c8c78c48714afb31895602f5c9cfb44c","Maintainer/build/validation tooling"
"scripts/Build-BeginnerQuestBook.ps1","64964","355d1ab3ccd79cd362ae5797335abe657601455c38066ff2002c42fa8f9440cc","Maintainer/build/validation tooling"
"scripts/Build-Prism-Bootstrap.ps1","3624","444a05045501e237e164203177d45f985190c4d33bf903314a14d5ab17a5a514","Maintainer/build/validation tooling"
"scripts/Get-PackwizInstaller.ps1","1452","e967de682dad2afd34bc5c4733c5c249e642743ba00b8c4db80f511ff5152554","Maintainer/build/validation tooling"
"scripts/Import-CurrentInstallation.ps1","23009","f3e09800d16fcd10b590ff0e0ab562e5490dc2aa84248edcde56114a48fb387d","Maintainer/build/validation tooling"
"scripts/limited_http_server.py","1486","00bb76493c556c344182167178ecceeea2e9e83015a35333e12ceb628dd2c2e4","Maintainer/build/validation tooling"
"scripts/Prepare-LocalRcTest.ps1","2541","0e2b48b74f68dcfe963baa19cdfff99faa33c4945f141bd664e5bcdc005ed675","Maintainer/build/validation tooling"
"scripts/Publish-Update.ps1","1284","37d77b540ec1b596430b5b6458f0da9ba73b510f7c67fead1bdaf7df60d21383","Maintainer/build/validation tooling"
"scripts/Set-PackUrl.ps1","2287","f5ff7b71d2b9a70a1d0a946b36cb079112d3b62e11464725ef5fd664a72ccb81","Maintainer/build/validation tooling"
"scripts/Test-BaselineUpdateRollback.ps1","8897","f8793f6409f3eb59ef131aaff9d33317ca97bcd3dfd61bfecfb2ab6ce172974c","Maintainer/build/validation tooling"
"scripts/Test-InstallerEndToEnd.ps1","11488","b093e417ca181578fe30935a3b8a0dc159c745f5ba0da771d3ce1ad28ca737eb","Maintainer/build/validation tooling"
"scripts/Update-PackMetadata.ps1","5236","cff1860ec03a62745c10bdcd788e1ae382eb9ac6e01a26e1a1383a239bf5371d","Maintainer/build/validation tooling"
"scripts/validate_pack.py","6490","fb73baec6cc1c361969e7b20525316578fac571ebbbdc96cd313c56b55e641a7","Maintainer/build/validation tooling"
"scripts/validate_questbook.py","12081","0770e83be5266d8585f39f550bfbb5267e4d18f623d94529fa8430309cc4ab21","Maintainer/build/validation tooling"
"scripts/Validate-Pack.ps1","679","36b86f6f3b9eb844e7e4d74b2f5176eab4bf18bef2406d06d61a12656a143149","Maintainer/build/validation tooling"
"scripts/Write-RepositoryInventory.ps1","1742","7888dc9acd65b11c1d502f2e71c345220b469752e1178ec4c0bdbb704276abc8","Maintainer/build/validation tooling"
"server-tools/Backup-Server.bat","98","af22b31846f4f38e7bb69e2ccfd3cd40f3c57ddbcd51af5a84f7e051d672006a","Dedicated-server safety/update tooling"
"server-tools/Backup-Server.ps1","2209","5ba695350474326ac5875ce92a7ef21c7d420b3cb513195e3c63f01754b66eba","Dedicated-server safety/update tooling"
"server-tools/Common.ps1","6122","89e3087736d75c55fb33e656cec9f554f23d91441de475dcd1fdbf186d09435f","Dedicated-server safety/update tooling"
"server-tools/Install-ServerTools.ps1","627","2d073c162ad9af890aace8de11863b44a278c6fd259b0fb51ef2108da75a9986","Dedicated-server safety/update tooling"
"server-tools/Restore-ServerBackup.ps1","2329","c39ae2761ce8faa0ee2ef3b74a28b14e4987b449c3ae77534c219744036e2c2d","Dedicated-server safety/update tooling"
"server-tools/server-settings.json","188","d0bc344bb54a761b8b09b1ef643e88b52c20fdb80341afb4973d5e630dda063c","Dedicated-server safety/update tooling"
"server-tools/Start-Server.bat","97","798ffd4d1c03e3356bdb505771a768a6fbd79755679ce6dcaceeb9d2a4ccff36","Dedicated-server safety/update tooling"
"server-tools/Start-Server.ps1","1249","ea9a6cdd5075ebcf46e0abb1061ac22f6f3692dcb3ade8f12186bcc5f09662f6","Dedicated-server safety/update tooling"
"server-tools/Update-And-Start-Server.bat","108","dbc6a1fe9ac309c2ba63ec130b34d8bcda7c67f1acff27fbf04b6c7556e94e3f","Dedicated-server safety/update tooling"
"server-tools/Update-And-Start-Server.ps1","473","08c148836db9aa221f3fac9a53885cdfca0b3c54dbc5e2dbde8e43746a86046f","Dedicated-server safety/update tooling"
"server-tools/Update-Server.ps1","2352","ad5086d449cebbbd1881703abd2a38ba895960634c0be4618ba8dba796396696","Dedicated-server safety/update tooling"
